,year,avgTemp,maxTemp,minTemp,rainFall,avgPrice
0,2013-1-2,6.2,10.9,1.3,0,2434
1,2013-1-3,2.3,5.5,0.1,0,2501
2,2013-1-4,3.4,6.7,0.3,0,2483
3,2013-1-7,6.6,8.6,3.8,0,2491
4,2013-1-8,7.9,10.8,5.1,0,2491
5,2013-1-9,5,8.9,1.7,0,2491
6,2013-1-10,4.6,7.4,2.1,0,2478
7,2013-1-11,6.9,9.8,4.2,0,2486
8,2013-1-14,9.7,14.3,6.1,0,2486
9,2013-1-15,8.6,11.4,4.1,0,2491
10,2013-1-16,7.1,11.1,4.1,0,2491
11,2013-1-17,4,7.1,1.3,0,2551
12,2013-1-18,4.5,9.4,0.1,0,2551
13,2013-1-21,13.3,16,9.9,37.5,2565
14,2013-1-22,9.6,12.2,8.3,0,2565
15,2013-1-23,7.7,10.8,4.6,0,2565
16,2013-1-24,6.6,9.9,3.7,0,2545
17,2013-1-25,4,7.4,2.2,0,2529
18,2013-1-28,6,10.9,1,0,2541
19,2013-1-29,8.3,12.1,3.9,0,2532
20,2013-1-30,10.9,15.2,6.2,0,2532
21,2013-1-31,13.7,16.5,9.7,0.2,2515
22,2013-2-1,14.9,16.6,12.6,22,2520
23,2013-2-4,12.7,18.9,8.3,2,2431
24,2013-2-5,9.6,10.8,6.9,10.5,2424
25,2013-2-6,8.2,10.7,5.7,0,2400
26,2013-2-7,3.3,5.9,-0.9,0,2438
27,2013-2-8,1.5,4.9,-1.1,0,2463
28,2013-2-12,7.1,12.4,4.2,0,2475
29,2013-2-13,6,9.4,2.2,0,2499
30,2013-2-14,7.6,9.3,5.6,3,2518
31,2013-2-15,7.6,12.8,3.6,0.5,2529
32,2013-2-18,10.2,14.3,6.1,7.5,2535
33,2013-2-19,5.8,8.4,2.9,6,2547
34,2013-2-20,6.2,9.7,2.9,0,2583
35,2013-2-21,7.5,11.5,3.5,0,2737
36,2013-2-22,9,14.3,6.4,0,2752
37,2013-2-25,10.3,13.2,6.5,0,2765
38,2013-2-26,10.9,12.7,9.2,2.5,2761
39,2013-2-27,12.9,15.7,10.4,0,2761
40,2013-2-28,14.2,17.8,8,0,2710
41,2013-3-4,9.9,15,4,0,3094
42,2013-3-5,10.3,15,5.6,0,3173
43,2013-3-6,12.8,16.7,8.2,0,3260
44,2013-3-7,13.7,16.3,10.7,0,3316
45,2013-3-8,14.5,19.3,8.8,0,3316
46,2013-3-11,11.6,15.6,8.1,0,3369
47,2013-3-12,14.7,18.2,9.2,0,3335
48,2013-3-13,13.9,17.8,10.1,4.5,3335
49,2013-3-14,10,14.6,6.7,0,3321
50,2013-3-15,10.8,14.6,7.4,0,3143
51,2013-3-18,14.3,17.7,10.8,32.5,3143
52,2013-3-19,14.6,17.4,9.8,0,3143
53,2013-3-20,12.5,18.1,6,5,3143
54,2013-10-21,20,24.1,16.2,0,2835
55,2013-10-22,20.3,23.4,18.6,0,2901
56,2013-10-23,20.2,22.2,18.5,0,2913
57,2013-10-24,20.4,24.8,16.7,0,2827
58,2013-10-25,18.7,23.5,14.6,0,2828
59,2013-10-28,17.8,22.1,13.9,0,2869
60,2013-10-29,19,23.4,15.1,0,2869
61,2013-10-30,19.3,22.6,15.4,0,2830
62,2013-10-31,18.8,22.8,16.3,0,2898
63,2013-11-1,20.2,24.3,16.3,0,2892
64,2013-11-4,17.8,21.1,15.1,0,2929
65,2013-11-5,19,22.6,15.3,0,2891
66,2013-11-6,20.3,23.3,17.9,0,2876
67,2013-11-7,18.3,23.4,14.5,0,2753
68,2013-11-8,16.8,20.9,13.1,0,2749
69,2013-11-11,12.4,15.6,9.9,0,2740
70,2013-11-12,12.3,15.5,9.6,0,2740
71,2013-11-13,13,16.1,10.2,0,2740
72,2013-11-14,14.1,17.9,9.5,0,2549
73,2013-11-15,15,20,11.4,0.5,2541
74,2013-11-18,8.7,11.8,5.4,3.5,2607
75,2013-11-19,8.8,11.5,5.7,1,2587
76,2013-11-20,10.1,13.5,7.4,0,2549
77,2013-11-21,10.6,15.9,6.1,0,2623
78,2013-11-22,11.9,15.6,7.8,0,2562
79,2013-11-25,12.2,14.4,9.7,2.5,2647
80,2013-11-26,10.6,13.7,8.1,0,2680
81,2013-11-27,10,14.9,4.7,1,2661
82,2013-11-28,4.5,8,2.6,5,2668
83,2013-11-29,6.4,9,3.2,4,2693
84,2013-12-2,9.6,15.4,6.3,0,2729
85,2013-12-3,9.8,14.6,5.5,0,2729
86,2013-12-4,11.3,16.4,7.1,0,2729
87,2013-12-5,12.7,17.6,8.5,0,2613
88,2013-12-6,12.5,16,9.8,0,2562
89,2013-12-9,12.8,16.6,7.8,20,2599
90,2013-12-10,8.8,11.9,6.7,0,2582
91,2013-12-11,8.1,10.5,5.1,1,2581
92,2013-12-12,8.9,11.5,3.7,0,2446
93,2013-12-13,8,10.9,4.7,0,2446
94,2013-12-16,8.3,11.7,6.1,0.5,2462
95,2013-12-17,9.7,11.4,6.9,5,2471
96,2013-12-18,10.1,13.6,8.6,1,2460
97,2013-12-19,5.3,9,2.3,0.5,2523
98,2013-12-20,5.8,8.3,3.7,0.1,2519
99,2013-12-23,8.2,12.3,5.8,0,2560
100,2013-12-24,7.4,12.8,3.8,0,2560
101,2013-12-26,8.8,13.1,4.8,0,2572
102,2013-12-27,3.7,6.6,2.2,0,2568
103,2013-12-30,8.2,11.3,6,0,2593
104,2013-12-31,10.2,13.4,6.9,0,2570
105,2014-12-31,9.3,14.3,3.4,0.3,2525
106,2015-1-2,5.4,8.7,3.1,0.1,2531
107,2015-1-5,13.1,16.7,7.5,3,2437
108,2015-1-6,11.7,16.6,6.8,2,2419
109,2015-1-7,6.3,10,4,0,2404
110,2015-1-8,7,11.9,3.6,0,2423
111,2015-1-9,7.4,12.6,4.8,0,2402
112,2015-1-12,6.6,11.7,3.3,0,2395
113,2015-1-13,10.3,12.8,6.1,0,2390
114,2015-1-14,9.7,10.7,8.5,31,2383
115,2015-1-15,9.8,14,5.5,0,2458
116,2015-1-16,8.1,11.1,5.3,0,2470
117,2015-1-19,8.5,12.1,5.9,0,2479
118,2015-1-20,7.8,11.1,4,0,2479
119,2015-1-21,9.2,10.9,7.4,10.5,2479
120,2015-1-22,8,12.1,4.5,0,2375
121,2015-1-23,6.3,12.1,3,0,2373
122,2015-1-26,12.9,16.3,11,0,2393
123,2015-1-27,9.5,12.7,6.2,0,2406
124,2015-1-28,7.3,10.8,4.8,0,2406
125,2015-1-29,8.2,9.3,6.2,7,2380
126,2015-1-30,6.3,9.8,3.4,0.5,2380
127,2015-2-2,8.5,12.8,6.6,0,2402
128,2015-2-3,8.2,12.8,4.9,0,2398
129,2015-2-4,6.8,11.2,5.2,0,2382
130,2015-2-5,5.1,8.2,2.4,0.5,2374
131,2015-2-6,6.6,10.2,2,0,2366
132,2015-2-9,1.9,6.2,-0.2,0,2452
133,2015-2-10,5.7,9.5,0.5,0,2452
134,2015-2-11,7.9,11.7,4.5,0,2457
135,2015-2-12,7.9,13.4,3.4,0,2430
136,2015-2-13,5.5,10.9,0.9,0,2430
137,2015-2-16,13.7,19.5,10,7.5,2426
138,2015-2-17,8.5,14,6,0,2426
139,2015-2-23,9.8,14,7.2,0,2394
140,2015-2-24,10.3,14.4,7.1,0,2394
141,2015-2-25,10.8,12.7,8.5,0.2,2394
142,2015-2-26,11.4,16.2,7.4,0,2394
143,2015-2-27,6.2,8.2,3.8,0,2407
144,2015-3-2,7.8,11.3,4.1,0,2407
145,2015-3-3,9.5,11.7,7.1,1,2402
146,2015-3-4,5.4,9.1,2.8,0,2499
147,2015-3-5,6.6,10.3,2.7,0,2499
148,2015-3-6,9.1,10.5,6.8,0,2499
149,2015-3-9,9,15.4,2.2,4,2499
150,2015-3-10,3.3,8.9,-0.3,0,2499
151,2015-3-11,6.5,10.6,1.9,0,2482
152,2015-3-12,8.8,12.7,5.5,0,2498
153,2015-3-13,10.9,14,6.9,0,3388
154,2015-3-16,14.5,19.4,10.4,0,3363
155,2015-3-17,16.5,20.7,10.9,0,3464
156,2015-3-18,15.1,17.6,12.2,113,3502
157,2015-3-19,13.1,15.3,11.4,2,3502
158,2015-3-20,14.1,18.9,11.2,0.5,3468
159,2015-3-23,11.7,15.8,9.6,0,3447
160,2015-3-24,10,14.2,7.2,0,3447
161,2015-3-25,9.4,13.6,5,0,3500
162,2015-3-26,9.7,15.1,4.1,0,3412
163,2015-3-27,10.6,13.3,7.3,1,3536
164,2015-3-30,15.2,17.6,12.1,0,3551
165,2015-3-31,16.2,17.4,14.2,61.5,3494
166,2015-4-1,14.9,16.8,13.3,1,3482
167,2015-4-2,15.9,18.9,13,5,3482
168,2015-4-3,14.5,18.2,12.6,16,3564
169,2015-4-6,13.5,14.9,12.5,30,3562
170,2015-4-7,12.7,15.3,11.3,0.1,3562
171,2015-4-8,11.9,16,10.2,0,3562
172,2015-4-9,12.5,16.5,9.4,0,3638
173,2015-4-10,13.4,17.1,9.7,0,3638
174,2015-10-16,18.9,22.8,15,0,3839
175,2015-10-19,19.4,23.9,15.1,0,3771
176,2015-10-20,20.2,25.5,14.9,0,3713
177,2015-10-21,20.6,24.9,17.7,0,3669
178,2015-10-22,20.5,23.4,17.3,0,3306
179,2015-10-23,19.5,23.2,17.1,0,3292
180,2015-10-26,18.6,21.7,16,0,3264
181,2015-10-27,18.1,22.1,13.6,5.4,3211
182,2015-10-28,16.1,20.6,12.1,0,3187
183,2015-10-29,16.3,19.1,12.8,0,2946
184,2015-10-30,15.5,18.9,11.8,0.4,2935
185,2015-11-2,14.5,20.3,10.5,0,2739
186,2015-11-3,15.4,19.4,11.5,0,2653
187,2015-11-4,17.6,21.2,14,0,2608
188,2015-11-5,19.2,21.2,17,0,2333
189,2015-11-6,19.7,22.6,17.9,2.2,2294
190,2015-11-9,17,19.4,13.7,0,2320
191,2015-11-10,14.3,17.4,12,0,2285
192,2015-11-11,16.2,19.3,12.2,0,2271
193,2015-11-12,17.4,19.8,15.6,2.2,2101
194,2015-11-13,17.6,18.9,15.8,112.7,2100
195,2015-11-16,17.5,20.3,13.9,8,2095
196,2015-11-17,17.7,20.8,15.8,2.4,2105
197,2015-11-18,16.5,18.7,14.1,16.3,2108
198,2015-11-19,15.3,16.5,14,10.4,2346
199,2015-11-20,16.3,19.3,14.2,0,2347
200,2015-11-23,16.6,17.9,15.1,10.9,2374
201,2015-11-24,15.5,17.7,13.1,0,2376
202,2015-11-25,11.3,15.1,6.3,7.6,2384
203,2015-11-26,5,8.1,2.1,1.1,2261
204,2015-11-27,7.1,9.6,2.5,0.2,2227
205,2015-11-30,12.3,17.3,8.3,0,2242
206,2015-12-1,12.3,15.6,9.4,0,2190
207,2015-12-2,13.6,18.1,9.5,1.8,2212
208,2015-12-3,7.7,10.4,4.9,4.8,2144
209,2015-12-7,10.2,14.6,6.4,0,2142
210,2015-12-8,10.7,14.5,6.9,0,2142
211,2015-12-9,14.2,17.6,9.1,0,2142
212,2015-12-10,15.6,16.7,14.3,50.3,2117
213,2015-12-11,13.1,15.5,11.4,3.8,2112
214,2015-12-14,12.9,13.7,12.2,19.1,2151
215,2015-12-15,11.3,15.1,7.2,0,2165
216,2015-12-16,5.5,8.7,1,2.3,2165
217,2015-12-17,3.8,6.2,1.4,1.3,2154
218,2015-12-18,6,10,3.1,0,2174
219,2015-12-21,12.3,15.4,10.2,4.3,2160
220,2015-12-22,13.3,16.4,9.2,0,2164
221,2015-12-23,13.7,15.5,11.9,4.8,2146
222,2015-12-24,11.7,16.7,9.3,0,2145
223,2015-12-28,6.4,9,3.5,0,2094
224,2015-12-29,6.6,10.1,3.4,0,2109
225,2015-12-30,7.3,10.9,3.6,0,2073
226,2015-12-31,9,12.1,6.6,0,2132
227,2016-1-4,12.2,16.1,8.3,0,2156
228,2016-1-5,8.6,11.8,6.7,5.6,2169
229,2016-1-6,9.2,12.5,6.9,0,2195
230,2016-1-7,6.4,8.8,4.9,0,2203
231,2016-1-8,5.3,8,2.9,0,2212
232,2016-1-11,8.6,12.1,6.4,0,2212
233,2016-1-12,5.4,8.2,3.6,0,2187
234,2016-1-13,3.9,6.1,1.8,0,2204
235,2016-1-14,5.5,8.9,3.7,0,2130
236,2016-1-15,6.6,11,4,0,2126
237,2016-1-18,3.3,8.3,-1.5,0.9,2178
238,2016-1-19,0.2,2.8,-1.8,1.4,2172
239,2016-1-20,3.6,6.5,0.7,0,2176
240,2016-1-21,4.3,6.4,2.5,1.2,2216
241,2016-1-22,4.7,7.7,1.6,0,2240
242,2016-1-25,0.7,2.7,-2.5,0.8,2253
243,2016-1-26,4.4,6.7,2.3,0,2260
244,2016-1-27,6.2,9.3,2.7,0,2285
245,2016-1-28,9.7,13.3,5.9,26.5,2328
246,2016-1-29,9.2,10.3,8.1,19.2,2334
247,2016-2-1,5.4,7.8,3,0.6,2373
248,2016-2-2,4.3,7.3,2.1,0,2455
249,2016-2-3,4.5,8.9,1.5,0,2471
250,2016-2-4,6.5,10.6,2.6,0,2593
251,2016-2-5,7.2,11.6,4,0,2603
252,2016-2-11,14.9,16.7,11.8,0,2697
253,2016-2-12,15.8,16.5,14.7,94.7,2697
254,2016-2-15,1.1,3.9,-0.7,2,2767
255,2016-2-16,4.7,8,1.2,0,2809
256,2016-2-17,6.4,9.6,4.1,0,2930
257,2016-2-18,7.2,11,3.3,0,3141
258,2016-2-19,9.2,11.6,7,5.5,3239
259,2016-2-22,6.8,9.3,5.6,7.4,3265
260,2016-2-23,8.6,13.2,6.1,0.3,3319
261,2016-2-24,3.9,8,1.7,0,3353
262,2016-2-25,3.8,7.4,1,0,3271
263,2016-2-26,7.6,11.3,2.2,0,3271
264,2016-2-29,3,8.5,0.6,0,3172
265,2016-3-2,7.1,11.5,1.9,0,3249
266,2016-3-3,12,14.8,7.3,3.3,3249
267,2016-3-4,16.4,17.9,14.7,0,3234
268,2016-3-7,14.3,17.5,10.1,0,3234
269,2016-3-8,11.8,15.4,7.3,12.2,3255
270,2016-3-9,8.6,12,7.1,16.7,3255
271,2016-3-10,7.4,10.3,4.7,0,3281
272,2016-3-11,5.5,9.7,2.6,0,3281
273,2016-3-14,8.6,13,4.4,0,3281
274,2016-3-15,9.2,12.9,4.3,0,3281
275,2016-3-16,11.2,14.9,8,0,3281
276,2016-3-17,13.8,17.7,8.8,1.6,3226
277,2016-3-18,14.1,15.7,13.6,16.5,3226
278,2016-10-11,19,21.5,17.1,0,4207
279,2016-10-12,19.6,23.1,17.3,0,4311
280,2016-10-13,19.5,21.8,17.6,0,4032
281,2016-10-14,20.7,24.1,18.5,0,4017
282,2016-10-17,21.6,24.9,19.3,0,3895
283,2016-10-18,20.8,24,17.3,0,3833
284,2016-10-19,20.7,23.8,19.3,0,3802
285,2016-10-20,19.9,21.8,17.7,0,3697
286,2016-10-21,19.1,20.8,18.1,27.5,3632
287,2016-10-24,18.8,20.9,16.9,0,3544
288,2016-10-25,20.2,25.3,17.8,5.1,3475
289,2016-10-26,18.1,21.7,15.4,8.4,3412
290,2016-10-27,19.7,22.1,17.3,0.1,3056
291,2016-10-28,19.5,23,17.5,24.3,3048
292,2016-10-31,15.9,18.5,13.2,0,3054
293,2016-11-1,12,14.8,9.1,0,2999
294,2016-11-2,12.2,16,8.4,0,2999
295,2016-11-3,13.7,18.5,10.1,0,2846
296,2016-11-4,14.2,18.2,10.3,0,2821
297,2016-11-7,17.7,20.7,16.2,0,2796
298,2016-11-8,15,17.1,11.4,3.1,2781
299,2016-11-9,12.6,15.6,9.7,0,2761
300,2016-11-10,13.2,15.9,11,7.9,2737
301,2016-11-11,14.3,18.4,11.5,0,2746
302,2016-11-14,19.3,22.9,16.2,5.8,2758
303,2016-11-15,16.7,20.4,11.9,0,2758
304,2016-11-16,14.6,18.9,10.8,0,2743
305,2016-11-17,16.3,19.7,12.5,0,2635
306,2016-11-18,18.9,21,16.4,5.7,2632
307,2016-11-21,17.8,19.3,15.6,2.3,2635
308,2016-11-22,15.4,19,11.4,0,2629
309,2016-11-23,11.2,13.9,9.8,0,2647
310,2016-11-24,8,10.4,5.9,0,2722
311,2016-11-25,10.3,13,7.4,0,2712
312,2016-11-28,10.3,13.8,7.1,0,2712
313,2016-11-29,11.9,15.6,8.1,0,2712
314,2016-11-30,13.3,16.9,11.6,0,2736
315,2016-12-1,12.5,15.6,8.9,0,2620
316,2016-12-5,13.6,17.2,10.2,0,2564
317,2016-12-6,9.8,12.4,7,0,2557
318,2016-12-7,9.8,13.8,6.7,0,2546
319,2016-12-8,11.4,15,6.7,0,2620
320,2016-12-9,12.2,15.6,8.2,0,2644
321,2016-12-12,14,16.6,10.3,0,2660
322,2016-12-13,14.1,17,12.2,0.1,2686
323,2016-12-14,7.8,12.6,5.2,0,2677
324,2016-12-15,5,7.3,2.9,0,2694
325,2016-12-16,6.1,8.8,2.3,0,2701
326,2016-12-19,16.4,18.3,14.5,12.3,2714
327,2016-12-20,14.6,18,11.4,0,2715
328,2016-12-21,18.1,19.8,15.6,20.9,2715
329,2016-12-22,10.8,19.1,7.7,3.1,2737
330,2016-12-23,7.1,8.6,5.2,0.1,2739
331,2016-12-26,13.9,16.6,11.8,34.8,2739
332,2016-12-27,6,12.6,2.8,0,2764
333,2016-12-28,5.9,9.9,1.6,0,2771
334,2016-12-29,6.5,9.6,4.5,0,2796
335,2016-12-30,6.8,10.3,4.2,0,2798
336,2017-1-2,11.8,15.1,9.9,0.3,2803
337,2017-1-3,11.2,15.5,8,0,2829
338,2017-1-4,11.1,15.5,6.8,0,2851
339,2017-1-5,11.7,14.5,9.1,6.7,2973
340,2017-1-6,11.2,13.8,9.4,3.2,2974
341,2017-1-9,8.5,11.2,6.6,0,3004
342,2017-1-10,6.9,10.5,4.2,0,3032
343,2017-1-11,5.5,8.7,3.7,0,3046
344,2017-1-12,6.7,10,3.4,0,3047
345,2017-1-13,5.7,10.3,2.2,0,3053
346,2017-1-16,4.5,8.7,1.3,0,3048
347,2017-1-17,6.7,10.7,2.6,0,3100
348,2017-1-18,8.1,11.2,5.2,0,3100
349,2017-1-19,7.8,10.8,5.6,0,3115
350,2017-1-20,3,6.2,0.2,1.3,3110
351,2017-1-23,2.4,6.2,0,0,3078
352,2017-1-24,3.8,7.6,0.4,0,3095
353,2017-1-25,5.7,9.6,2.6,0,3093
354,2017-1-26,6.8,11.6,2.7,0,3236
355,2017-1-31,5.4,8.3,1.5,0,3268
356,2017-2-1,6.7,10,3.9,0,3270
357,2017-2-2,7.6,12.5,3.1,0,3290
358,2017-2-3,10,13.3,5.7,0,3291
359,2017-2-6,6.5,10.2,4.4,0,3334
360,2017-2-7,8.1,12.6,4.4,0,3448
361,2017-2-8,7.6,10.7,4.2,0,3536
362,2017-2-9,2.2,4.9,-0.7,0.1,3619
363,2017-2-10,0.8,4.2,-1.6,1.4,3644
364,2017-2-13,6.9,12.2,1.6,0,3717
365,2017-2-14,8.6,12,5.5,0,3762
366,2017-2-15,9,14.1,4.3,0,3806
367,2017-2-16,13.1,16.2,7.1,2.1,5160
368,2017-2-17,13.6,17.1,8.8,1.2,5214
369,2017-2-20,11.2,15.4,5.2,2.7,5311
370,2017-2-21,8.1,11.9,3.8,0,5349
371,2017-2-22,11.5,15.5,8.4,57.2,5330
372,2017-2-23,6.8,10,3.4,0,5528
373,2017-2-24,5.9,9.2,2.8,0,5501
374,2017-2-27,8.6,12.6,4.6,0,5494
375,2017-2-28,9.4,14.1,4.3,0,5528
376,2017-3-2,5.7,7.9,3.9,0,5607
377,2017-3-3,8.4,13.1,3.4,0,5804
378,2017-3-6,8.7,12.1,5,0,5748
379,2017-3-7,5.2,9.7,2,0,5935
380,2017-3-8,5.2,8.3,2,0.4,5959
381,2017-3-9,8.8,13.1,5,0,6149
382,2017-3-10,11.3,16.6,7.2,0,6166
383,2017-3-13,11,13,8.6,3.2,6236
384,2017-3-14,11.1,15.3,7.7,0,6285
385,2017-3-15,9.3,12.6,5.7,0,6285
386,2017-3-16,10,13.8,6.2,0,6285
387,2017-3-17,10.6,15.3,5.8,0,6366
388,2017-3-20,12.1,13.6,11,13.4,6270
389,2017-3-21,11.9,15.9,9,0.5,6145
390,2017-3-22,10.9,13.3,7.2,0,6383
391,2017-10-16,18,20,16.6,17.9,4308
392,2017-10-17,19.9,22.2,17.5,0,4271
393,2017-10-18,19.6,21.6,18.5,0,4259
394,2017-10-19,19,21.9,16.8,0,4148
395,2017-10-20,18.9,23,14.2,0,4191
396,2017-10-23,17.4,20.2,15.5,0,4175
397,2017-10-24,16.9,21.4,14.4,0,4111
398,2017-10-25,16.5,21.5,13.3,0,4044
399,2017-10-26,16.9,21.4,11.7,0,3757
400,2017-10-27,18.7,22.4,14.7,0,3698
401,2017-10-30,14.6,18.4,11.4,0,3646
402,2017-10-31,15.2,19.1,11.4,0,3573
403,2017-11-1,15.5,19.6,12.8,0,3568
404,2017-11-2,16.2,20.2,12.9,0,3533
405,2017-11-3,17.1,22.3,12.8,0,3476
406,2017-11-6,16.6,20.6,11.9,0,3396
407,2017-11-7,20.2,22.5,16.5,2,3377
408,2017-11-8,19,22.3,14,0.2,3355
409,2017-11-9,16.6,20.5,11.8,0,3151
410,2017-11-10,18.5,21.6,15.9,0,3064
411,2017-11-13,15.3,18.8,10.9,0,3008
412,2017-11-14,16.1,20.2,13.2,0,3000
413,2017-11-15,12.2,16.7,8.6,0,3000
414,2017-11-16,10.8,14.9,7.9,0,2824
415,2017-11-17,13.1,15.9,8.8,0.4,2824
416,2017-11-20,10.2,14.8,7.5,0,2818
417,2017-11-21,10.5,14.1,6.7,0,2814
418,2017-11-22,12.6,16,10.7,0,2780
419,2017-11-23,9,12.1,7,0,2883
420,2017-11-24,10,13,7.4,0,2876
421,2017-11-27,12.2,15.5,9.4,0,2887
422,2017-11-28,16.1,18.4,10.7,1,2875
423,2017-11-29,15.6,18.1,13.6,3.1,2875
424,2017-11-30,12.7,15.8,8.1,0,2775
425,2017-12-4,9.3,14.9,5.1,0,2715
426,2017-12-5,5.4,8.4,2.9,0.2,2721
427,2017-12-6,7.7,11.3,4.5,0,2712
428,2017-12-7,9.6,13.7,7,0,2775
429,2017-12-8,5.4,8.4,4.3,1.6,2774
430,2017-12-11,5.5,8.6,3.6,0.1,2789
431,2017-12-12,3.5,6,2.5,0,2789
432,2017-12-13,5,8.6,2.1,0,2789
433,2017-12-14,5.5,7.8,2.9,0,2854
434,2017-12-15,9.1,12.7,5.1,0,2830
435,2017-12-18,6.3,8.7,3.3,0,2834
436,2017-12-19,7,10,4.5,0,2827
437,2017-12-20,5.8,10.2,3.4,0.9,2861
438,2017-12-21,6.5,10.9,2.5,0,2916
439,2017-12-22,8.4,12.7,4.3,0,2927
440,2017-12-26,6.3,11,3.5,0,2943
441,2017-12-27,5,8.3,2.8,0,2939
442,2017-12-28,7.4,10.3,4.1,0,3083
443,2017-12-29,9,12.7,4.8,0,3107
444,2018-1-2,7.7,11.5,3.8,0,3120
445,2018-1-3,8.6,11.3,7,0,3165
446,2018-1-4,7.5,9.3,5.1,3.3,3220
447,2018-1-5,6.2,9.9,4,2.5,3242
448,2018-1-8,10,14.1,5.4,1.1,3328
449,2018-1-9,3.7,5.7,1.4,1.3,3292
450,2018-1-10,0.7,4.4,-1.6,8.3,3299
451,2018-1-11,-1.2,1.4,-3,5.8,3376
452,2018-1-12,0.2,3.7,-3,2.1,3371
453,2018-1-15,12,16.2,9.2,0,3345
454,2018-1-16,13.5,14.9,10.2,32.3,3381
455,2018-1-17,11,14.3,7.4,0.2,3406
456,2018-1-18,10.3,12.9,7.4,0,3382
457,2018-1-19,9.2,12.6,6,0,3413
458,2018-1-22,8.9,12.7,6.6,1.5,3394
459,2018-1-23,3.3,7,0.1,0,3371
460,2018-1-24,0.6,3.8,-2,0,3359
461,2018-1-25,1.1,3.1,-2,0,3322
462,2018-1-26,1.9,4.2,0.5,0,3322
463,2018-1-29,2.1,6.3,-0.1,0,3329
464,2018-1-30,2.5,6.8,-1.6,0,3345
465,2018-1-31,4,7.4,1.7,0.2,3373
466,2018-2-1,5,8.8,2.4,0,3363
467,2018-2-2,5.8,9,2.6,0,3356
468,2018-2-5,0,3.1,-2.5,2,3376
469,2018-2-6,-0.8,2.4,-2.2,0.5,3402
470,2018-2-7,1.1,5.8,-2.6,0,3421
471,2018-2-8,3.3,7.5,-0.4,5.5,3462
472,2018-2-9,6.9,10.4,2.9,0,3462
473,2018-2-12,1.5,3.4,-0.9,0,5005
474,2018-2-13,5,8.2,2.1,0,5046
475,2018-2-14,10.5,12.7,4.8,0,5042
476,2018-2-19,8.1,10.3,5.2,0.5,6938
477,2018-2-20,9.8,14.2,4.4,0,6969
478,2018-2-21,9.2,11.8,7.2,0,6814
479,2018-2-22,5.9,9.3,2.7,0,6725
480,2018-2-23,7.8,12.3,2.6,0,6509
481,2018-2-26,9.9,14,6,0,6461
482,2018-2-27,11.4,15,6.7,0,6462
483,2018-2-28,11.3,16,7.1,0,6313
484,2018-3-2,8,11.1,4.9,0,6066
485,2018-3-5,11.8,17.3,8,2,6106
486,2018-3-6,9.3,12.6,6.5,0,6029
487,2018-3-7,9.9,11.5,8.9,18.6,6029
488,2018-3-8,9.6,11.9,5.1,6.3,6138
489,2018-3-9,7.5,10.9,3.2,0,6083
490,2018-10-15,19.2,22.8,16.5,0,5022
491,2018-10-16,16.2,20.4,13,2.4,4961
492,2018-10-17,17.4,21.6,13.1,0,4889
493,2018-10-18,16.1,20.6,12.9,0,4432
494,2018-10-19,15.8,20.4,10.7,0,4387
495,2018-10-22,17.3,20.6,14.6,1.1,4276
496,2018-10-23,19.2,23.3,16.2,0,4289
497,2018-10-24,17.1,21.1,14.3,0,4148
498,2018-10-25,17.6,21.4,13,0,3972
499,2018-10-26,18,20.7,15.3,3,3906
500,2018-10-29,17,21.9,12,0,3688
501,2018-10-30,14.1,18.1,11.8,0,3653
502,2018-10-31,13,17.3,9.8,0,3564
503,2018-11-1,13.4,17.9,9,0,3497
504,2018-11-2,14.6,19.3,10,0,3399
505,2018-11-5,16.2,20.4,11.8,0,3262
506,2018-11-6,17.5,21.2,13,0,3253
507,2018-11-7,18.7,21.8,17,0.9,3266
508,2018-11-8,17.8,20.7,13.8,33.5,3289
509,2018-11-9,15,18.5,12.5,0,3260
510,2018-11-12,15.6,18.1,13.5,4.5,3245
511,2018-11-13,14.5,18.3,11.6,0,3230
512,2018-11-14,14,19,10.3,0,3208
513,2018-11-15,16.3,19.9,11.9,0,2990
514,2018-11-16,14.7,16.8,13.5,8,2987
515,2018-11-19,13,17.1,10.6,0,2984
516,2018-11-20,11.8,16.1,8.6,0,2960
517,2018-11-21,13.5,16.1,10.8,1.1,2972
518,2018-11-22,10.6,14.3,7.3,0,3132
519,2018-11-23,9.1,13.4,5.6,0,3113
520,2018-11-26,14.4,16.5,10.7,0.1,3153
521,2018-11-27,15.5,21.1,11.8,0,3138
522,2018-11-28,14.5,18.7,11.5,0,3139
523,2018-11-29,13.6,17.9,8.9,0,2942
524,2018-11-30,13.9,17.9,10.6,0,2861
525,2018-12-3,19,21.8,17,6.5,2858
526,2018-12-4,17.4,20.3,14.7,0.6,2858
527,2018-12-5,13.7,16.8,10.6,0,2842
528,2018-12-6,12.2,14,10.8,8.4,2900
529,2018-12-10,7.9,11.2,4.2,0,2917
530,2018-12-11,10.8,12.7,8.8,8.2,2917
531,2018-12-12,7.3,10.4,4.8,0,2917
532,2018-12-13,7.1,10.3,4.1,0,2904
533,2018-12-14,6.4,9.8,4.2,0,2899
534,2018-12-17,9.6,11.9,8.2,0,2899
535,2018-12-18,9.1,12.5,5.2,0,2922
536,2018-12-19,13.5,17.1,7.1,0,2922
537,2018-12-20,13.1,15.8,11.4,10.5,3019
538,2018-12-21,15,18.4,12,0,3019
539,2018-12-24,8.3,11.6,4.9,0,2992
540,2018-12-26,10.2,12.4,8.6,0,2990
541,2018-12-27,7.3,10.8,2.6,0,3114
542,2018-12-28,1.9,4.7,0.8,0.1,3101
543,2018-12-31,6.1,8.4,3.6,0,3090
544,2019-1-2,5.2,8.4,3.6,0,3091
545,2019-1-3,7.1,10.6,2.6,0,3106
546,2019-1-4,9.3,11.8,6.6,3.2,3104
547,2019-1-7,10,12.8,7.6,0,3117
548,2019-1-8,8.7,12.1,4.1,0,3117
549,2019-1-9,5.6,7.2,4.4,0,3117
550,2019-1-10,8.8,11.8,6.7,0,3131
551,2019-1-11,9.2,11.5,8.1,0.9,3136
552,2019-1-14,8.7,13.3,4.7,0,3134
553,2019-1-15,8.4,12.6,5,0,3146
554,2019-1-16,4.8,7.6,2.9,0,3104
555,2019-1-17,5,9.1,2,0,3122
556,2019-1-18,7,11.2,2.9,0,3189
557,2019-1-21,5.9,10.2,2.6,0,3171
558,2019-1-22,7.3,13.1,3.5,0,3172
559,2019-1-23,8.6,14.6,3.1,0,3171
560,2019-1-24,8.9,13.8,4.6,0,3135
561,2019-1-25,7.6,13.1,3.2,0,3144
562,2019-1-28,8.1,11.9,5.3,0,3072
563,2019-1-29,7.1,10,2.8,0,3056
564,2019-1-30,9.4,12,7.3,0.2,3056
565,2019-1-31,6.7,8.4,4.7,14.9,3145
566,2019-2-1,5,8.7,2.2,0,3218
567,2019-2-7,11.5,14,7.3,1.4,3193
568,2019-2-8,8,10.1,6.2,0,3222
569,2019-2-11,5.2,8.1,2.8,0,3261
570,2019-2-12,7,10.2,3.3,0,3275
571,2019-2-13,8.7,12,5.2,0,3275
572,2019-2-14,7.7,10.3,5.4,0,3294
573,2019-2-15,8.6,11,5.8,0.8,3294
574,2019-2-18,8.7,9.8,6.5,3.4,5786
575,2019-2-19,12.9,17.6,9.1,14.4,5678
576,2019-2-20,9.7,12.9,6.8,0,5678
577,2019-2-21,9.9,12.4,8.2,0,5558
578,2019-2-22,9.7,13.7,7.9,1.6,5505
579,2019-2-25,11.2,15.8,6.3,0,5477
580,2019-2-26,12.1,17.8,7.6,0,5434
581,2019-2-27,11.4,12.2,10.3,0.9,5528
582,2019-2-28,11.6,15.2,10,0,5296
583,2019-3-4,11.3,16.1,8.7,0.8,5342
584,2019-3-5,12,15.8,7.6,0,5300
585,2019-3-6,11,15,9,5.6,5267
586,2019-3-7,9.8,14.5,7.1,0,5170
587,2019-3-8,9.9,14.4,5,0,5192
588,2019-3-11,10.6,14.4,7.5,0.2,5344
589,2019-3-12,10.5,15,6.6,0,5419
590,2019-3-13,8.3,12.3,5.1,0,5338
591,2019-3-14,8.8,12.9,5.1,0,5553
592,2019-3-15,10.2,14.8,6.4,0,5574
593,2019-3-18,11.3,14.9,8.9,8.7,5628
594,2019-3-19,13.3,18.3,8,0,5636
595,2019-3-20,15,17.8,10.5,13.2,5567
596,2019-10-11,21.6,25.2,16.9,0,5969
597,2019-10-14,19.7,24.1,15.6,0,5995
598,2019-10-15,18.8,22.5,15.7,0,5569
599,2019-10-16,18.2,22.1,15.1,0,5257
600,2019-10-17,19.3,23.6,14.5,0,4843
601,2019-10-18,19.2,22,17.8,2.6,4773
602,2019-10-21,19.8,23.5,16.1,0,4779
603,2019-10-22,20.4,24.5,17,0,4570
604,2019-10-23,20.4,23.2,19.2,0,4388
605,2019-10-24,20.1,23.7,18.1,0.4,4352
606,2019-10-25,20.2,24.5,16.4,0,4216
607,2019-10-28,16.8,20,14.9,0,4118
608,2019-10-29,17.7,23.1,13.9,0,4001
609,2019-10-30,16.6,20.6,13.1,0,4013
610,2019-10-31,17.2,21.3,13.4,0,3637
611,2019-11-1,18.6,23.4,13.9,0,3150
612,2019-11-4,17.4,21.3,14.9,0.3,3131
613,2019-11-5,17.4,21,15,0,3157
614,2019-11-6,17,21.7,13.6,0,3135
615,2019-11-7,16.9,20.8,13.9,0,2998
616,2019-11-8,15.4,18.9,12.3,0,2984
617,2019-11-11,16.2,19.7,13.4,0,3032
618,2019-11-12,15.6,19.2,12.1,0,2987
619,2019-11-13,15.8,19,12.7,0,2975
620,2019-11-14,12.3,15.2,8.4,0,2897
621,2019-11-15,12.5,16.6,7.4,0,2897
622,2019-11-18,15.6,21.3,10.8,9.9,2850
623,2019-11-19,10.5,13.4,8.4,0,2842
624,2019-11-20,10.4,14.7,7.4,0,2853
625,2019-11-21,13.6,17.5,7,0,2840
626,2019-11-22,17.6,21,14.8,0,2831
627,2019-11-25,13.9,17.8,11.3,0,2829
628,2019-11-26,14.3,16.1,11.3,0,2793
629,2019-11-27,13.3,14.8,11.3,8.6,2799
630,2019-11-28,12.4,16.9,9.3,0,2638
631,2019-11-29,11.6,16,8.5,0,2623
632,2019-12-2,10.3,14.9,6.7,0,2660
633,2019-12-3,8.6,11.9,5.5,0,2666
634,2019-12-4,10.5,14.7,7.9,0,2664
635,2019-12-5,8.6,13.2,6.2,0,2691
636,2019-12-9,10.6,14.6,6.2,0,2713
637,2019-12-10,13.8,18.1,10.4,0,2718
638,2019-12-11,13.3,18.4,9,0,2693
639,2019-12-12,9.4,12.4,6.7,0,2647
640,2019-12-13,11.2,14.9,6.9,0,2645
641,2019-12-16,14.5,17.6,12.8,1.7,2641
642,2019-12-17,16.2,19.8,13.2,9.8,2641
643,2019-12-18,12.1,14.8,10.4,0,2653
644,2019-12-19,10.9,13.1,8.5,0,2614
645,2019-12-20,8.9,11.9,6.1,0,2617
646,2019-12-23,10.8,15.3,6.3,0,2621
647,2019-12-24,10.5,14.4,8,0,2618
648,2019-12-26,11.2,13.8,6.2,19,2569
649,2019-12-27,6.5,9.6,4.5,0,2569
650,2019-12-30,13.1,15.5,10.2,0,2574
651,2019-12-31,5.3,10.7,3.4,0,2574
652,2020-1-2,8.7,12.7,5.6,0,2543
653,2020-1-3,9.5,13.4,6.1,0,2542
654,2020-1-6,14.6,17.3,11.2,1.3,2539
655,2020-1-7,16.8,18.4,12.4,16.3,2526
656,2020-1-8,7.8,12.7,6.3,2.4,2540
657,2020-1-9,8.4,9.8,5.9,0,2540
658,2020-1-10,9.4,13.1,6.1,0,2573
659,2020-1-13,7,10.6,3.2,0,2556
660,2020-1-14,5.4,7.9,3.5,12.4,2552
661,2020-1-15,6.4,9.3,3,0,2572
662,2020-1-16,8.2,10.3,6.8,0,2617
663,2020-1-17,8.6,12.7,4.5,0,2617
664,2020-1-20,8.2,11.9,5.4,0,2645
665,2020-1-21,8.3,11.8,4.6,0,2647
666,2020-1-22,11.9,14.2,8.9,32.4,2653
667,2020-1-23,13.3,14.8,11.8,0,2686
668,2020-1-28,9.9,13.2,7,0,2755
669,2020-1-29,9.3,13.9,6.8,0,2780
670,2020-1-30,8.1,12.5,5.7,0.1,2812
671,2020-1-31,7.6,11.5,4.5,0,2750
672,2020-2-3,8.8,13.7,4.8,0,2768
673,2020-2-4,7.9,12.2,4.6,0,2772
674,2020-2-5,6.6,8.9,3.3,0,2741
675,2020-2-6,5.5,9.6,2.7,0,2729
676,2020-2-7,8.3,11.8,4.8,0,2729
677,2020-2-10,10.3,15,6.5,0,2660
678,2020-2-11,10.9,14.4,6.1,3.7,2635
679,2020-2-12,12.6,15.5,9.4,60.1,2635
680,2020-2-13,12.1,15.5,8.6,0,2631
681,2020-2-14,13.7,16.7,11,0,2631
682,2020-2-17,1.5,3.7,-0.2,5.9,2631
683,2020-2-18,5.3,10,0,0.5,2714
684,2020-2-19,7.7,11.1,3.7,0,2741
685,2020-2-20,10.2,14.2,5.7,0,2758
686,2020-2-21,12.7,15.7,8.7,1.7,2743
687,2020-2-24,12.8,16.1,5.8,0,6453
688,2020-2-25,16,16.9,14.4,0.2,6379
689,2020-2-26,13.3,16.1,10.1,0,6579
690,2020-2-27,11.2,14.9,8,0,6416
691,2020-2-28,10,11.2,8,7.3,6534
692,2020-3-2,10.4,12.9,8,0,6618
693,2020-3-3,11.8,13.9,8.3,0,6618
694,2020-3-4,10.1,14.8,4.4,0,6542
695,2020-3-5,7.4,11.7,3.1,0,6925
696,2020-3-6,9.9,12.2,6.6,0,6881
697,2020-3-9,13,14.4,11.4,30,6739
698,2020-3-10,11.4,15.2,7.1,0.6,6591
699,2020-3-11,9,14.5,5.6,0,6591
700,2020-3-12,10,13.4,5.2,0,6158
701,2020-3-13,12.8,15,10.3,0,6076
702,2020-10-14,18.9,23.2,14.2,0,6436
703,2020-10-15,18.8,22.8,15.5,0,6333
704,2020-10-16,16.7,20.4,12.6,7.5,6238
705,2020-10-19,17.9,22.3,13.6,0,4918
706,2020-10-20,18.9,22.7,16.4,0,4632
707,2020-10-21,18.9,22.5,17,25,4648
708,2020-10-22,18.1,20.8,15.9,6.4,4429
709,2020-10-23,15.5,19,12.9,0,4382
710,2020-10-26,16.9,21.3,13.1,0,4193
711,2020-10-27,17.2,21.3,13.9,0,4149
712,2020-10-28,18.5,22,15.8,0,3435
713,2020-10-29,17.4,21.1,13.9,0,3343
714,2020-10-30,16.6,20.5,13.2,0,3290
715,2020-11-2,16,19.2,13.1,3.8,3197
716,2020-11-3,13.6,17,10.3,0,3143
717,2020-11-4,12.4,17.2,8.5,0,3120
718,2020-11-5,15,18.6,10.1,0,3255
719,2020-11-6,18.2,20.9,15.1,0.3,3255
720,2020-11-9,13,16.6,10.3,0,3256
721,2020-11-10,13.8,18.3,8.8,0,3223
722,2020-11-11,13.2,17.5,9.4,0,3219
723,2020-11-12,15.1,19.9,11.9,0,2935
724,2020-11-13,15.6,19.9,11.2,0,2936
725,2020-11-16,18.1,19.8,17.2,0.9,2881
726,2020-11-17,20.8,23.5,17.8,0,2903
727,2020-11-18,21.7,23.5,20.9,0,2930
728,2020-11-19,20.3,21.9,17.2,2.3,2910
729,2020-11-20,15.8,18,13.9,0,2873
730,2020-11-23,11.9,15,10,0,2796
731,2020-11-24,13,15.5,9.9,0,2769
732,2020-11-25,14.3,17.9,10.7,0,2750
733,2020-11-26,13.5,14.5,11.8,2.4,2828
734,2020-11-27,12.4,15.6,8,0,2825
735,2020-11-30,9.1,12.8,6.9,0,2840
736,2020-12-1,8.5,12.3,6,0,2840
737,2020-12-2,10.9,15.2,6.8,0,2825
738,2020-12-3,9.8,14.3,5.5,0,2839
739,2020-12-7,11.2,15.8,7.9,0,2792
740,2020-12-8,9.5,13.1,7,0,2777
741,2020-12-9,9.5,12.8,7.6,0,2793
742,2020-12-10,12.2,15.1,7.8,0,2734
743,2020-12-11,11.6,12.5,9.8,0.4,2696
744,2020-12-14,3.3,6.5,1,0,2694
745,2020-12-15,2.8,7.6,0.7,0,2666
746,2020-12-16,3.9,7.3,2.1,0,2637
747,2020-12-17,4.9,9.5,1.4,0,2585
748,2020-12-18,6.5,10.9,2.7,0,2585
749,2020-12-21,6.4,10.5,3.8,0,2585
750,2020-12-22,8.5,13,4.8,0,2558
751,2020-12-23,10.9,15,5.4,0,2575
752,2020-12-24,12.1,15.8,7.2,0,2579
753,2020-12-28,11.7,15.5,7.9,0,2590
754,2020-12-29,12.5,15.2,9.9,4.3,2582
755,2020-12-30,0.7,10,-2.1,3.9,2587
756,2020-12-31,1.8,4.3,-1.3,1.1,2534
757,2021-1-4,6.5,10.8,3.2,0,2505
758,2021-1-5,7.2,10.3,4.3,0,2492
759,2021-1-6,3.6,5.9,2.5,0.4,2494
760,2021-1-7,-1.9,2.9,-3.4,1.3,2608
761,2021-1-8,-1.7,1.3,-3.4,3,2576
762,2021-1-11,4.2,6.7,2.6,0.1,2605
763,2021-1-12,4.3,7.4,1.6,0,2615
764,2021-1-13,9.7,13.1,3.8,0,2641
765,2021-1-14,11.3,14.7,7.2,0,2577
766,2021-1-15,14.1,17.1,11,0,2579
767,2021-1-18,6.4,9.4,2.4,0,2607
768,2021-1-19,5.6,9.7,2.4,0,2671
769,2021-1-20,9.8,13.6,4.5,0,2674
770,2021-1-21,13.4,16.6,9.6,1,2674
771,2021-1-22,13.3,15.2,11.1,10.6,2685
772,2021-1-25,12.4,14.9,10.6,0,2785
773,2021-1-26,12.4,15.5,9.4,10.6,2785
774,2021-1-27,9.5,13.7,5.9,0,2725
775,2021-1-28,6.5,11.7,0.8,0,2752
776,2021-1-29,2.7,6.7,0,0,2724
777,2021-2-1,12.1,15.1,10.1,25,2763
778,2021-2-2,6.6,11.2,2.1,0,2763
779,2021-2-3,5.7,8.7,2.3,0,2803
780,2021-2-4,9,11.9,6.1,0.1,2804
781,2021-2-5,8,10.9,5.3,2,2804
782,2021-2-8,8.2,11.1,6.1,0,2804
783,2021-2-9,7.7,10.5,5.1,0,2790
784,2021-2-10,9.1,12.9,5.1,0,2781
785,2021-2-15,9.7,14.3,3.4,0,2796
786,2021-2-16,6.2,9.4,2.9,0.2,2796
787,2021-2-17,0.7,3.9,-2.3,1.2,2790
788,2021-2-18,2,4.6,-2.1,0.7,2782
789,2021-2-19,7.2,11.5,1.3,0,2786
790,2021-2-22,15.9,23.6,12.4,0,2786
791,2021-2-23,11.9,14.4,9.6,0,2786
792,2021-2-24,11.3,15.3,7,0,2786
793,2021-2-25,11.6,13.8,9.9,7.1,2785
794,2021-2-26,11.2,12.9,9.7,3.3,2813
795,2021-3-2,9.4,13.7,4.8,0,2813
796,2021-3-3,9.4,12.7,4.7,0,2815
797,2021-3-4,11.9,13.7,9.9,35.2,2815
798,2021-3-5,13.4,16,11.2,0.1,2846
799,2021-3-8,10.7,15.5,6.6,0,2846
800,2021-3-9,11.6,14.5,8.9,0,2829
801,2021-3-10,12.7,18.1,8,0,2829
802,2021-3-11,14.3,18.2,11.1,21.7,4872
803,2021-3-12,13.6,17.4,10.8,12.5,5085
804,2021-3-15,14.6,17.3,10.1,0.6,4987
805,2021-3-16,15.1,17.5,12.6,25.4,5113
806,2021-3-17,13.7,17.9,9,0,6339
807,2021-3-18,14,18.4,8.6,0,6561
808,2021-3-19,14.4,17.1,13.2,8.2,6738
809,2021-3-22,9,12.7,5.2,0,6827
810,2021-3-23,11.2,15.4,7.1,0,6827
811,2021-3-24,14,18.1,8.9,0,6827
812,2021-3-25,14.8,18.8,11,0,6357
813,2021-3-26,15.8,20.2,10.2,0,6447
814,2021-3-29,15.5,19.8,12.2,0,6381
815,2021-3-30,15.5,19.3,12.8,0,6381
816,2021-3-31,16.3,20,13.1,0,6392
817,2021-4-1,15,17,13.4,23.9,6872
818,2021-4-2,17.1,19.3,14,0.4,6829
819,2021-4-5,13.5,16.9,10.8,0,6922
820,2021-4-6,14.7,18.2,11.2,0,6922
821,2021-4-7,16.8,22.2,11.9,0,7164
822,2021-7-13,27.2,29.6,26.2,0,8743
823,2021-7-14,27.4,28.9,26.3,0,8961
824,2021-7-15,27.3,29.4,24.8,0,9009
825,2021-7-16,27.6,29.3,26,0,9159
826,2021-7-19,27.3,30.1,24.3,3.4,9028
827,2021-7-20,28.3,31.1,26.6,0,9076
828,2021-7-21,28.3,32,26.1,0,9083
829,2021-7-22,28.2,32,26.2,0,8986
830,2021-7-23,27.3,29.2,26.2,0,8975
831,2021-7-26,25.9,27.1,23.6,9.6,9109
832,2021-7-27,27.3,29.7,25.6,0,8986
833,2021-7-28,27.4,29.9,25.2,0,8917
834,2021-7-29,26.9,29.1,25.3,0,8714
835,2021-7-30,26.5,28.5,24.8,3.9,8714
836,2021-8-2,27.2,30.1,25,30,8745
837,2021-8-3,27.7,29.7,25.6,0.8,8687
838,2021-8-4,28.1,31,25.6,1.5,8687
839,2021-8-5,28.9,31.7,26.9,0,8720
840,2021-8-6,28.5,32.9,24.8,0,8635
841,2021-8-9,28.4,32.9,25.1,0,8662
842,2021-8-10,27.3,29.3,25.7,0,8759
843,2021-8-11,25.5,28.2,23.3,40.7,8668
844,2021-8-12,25.1,27.2,23.4,45,8752
845,2021-8-13,23.7,25.3,22.6,25.6,8834
846,2021-8-17,25.7,29.2,23.5,0,8791
847,2021-8-18,24.4,28,22.9,2.9,8791
848,2021-8-19,24.9,27.9,21.8,0,8627
849,2021-8-20,26.3,28.9,24,0,8670
850,2021-8-23,26.1,28.9,24.7,13.3,8583
851,2021-8-24,26.1,26.8,25.4,0.6,8583
852,2021-8-25,25.6,26.6,23.9,2.8,8562
853,2021-8-26,25.9,28.6,23.4,9.7,8656
854,2021-8-27,26.7,28.9,25.4,3.4,8677
855,2021-8-30,26.8,29.3,25.3,0,8587
856,2021-8-31,26.5,29.2,24.1,0,8690
857,2021-9-1,26.6,28.8,23.4,16.7,8725
858,2021-9-2,24.5,27.1,22.5,12.8,8829
859,2021-9-3,24.3,27.6,22.5,87,8817
860,2021-9-6,24,26,23,1.5,8760
861,2021-9-7,25.3,29.3,23.3,3.1,8691
862,2021-9-8,24.2,27,21.4,0,8712
863,2021-9-9,24.3,26.8,21,0,8733
864,2021-9-10,23.1,24.5,22.1,11.5,8750
865,2021-9-13,23.2,25.7,21.8,72.7,8741
866,2021-9-14,24.5,25.8,23,219.7,8776
867,2021-9-15,22.9,24.5,21.9,44.3,8756
868,2021-9-16,22.9,24.8,21.5,66.2,8846
869,2021-9-17,25.3,29.5,23.6,108.2,8871
870,2021-9-23,23.8,27.2,21.5,0,8927
871,2021-9-24,22.9,26.6,19,0,8803
872,2021-9-27,23.8,27.1,21.5,0,8667
873,2021-9-28,25,28,22.6,0,8686
874,2021-9-29,25.8,28.5,23.9,0.4,8653
875,2021-9-30,24.3,27.1,22.7,3.9,8877
876,2021-10-1,23.3,27.6,19.3,0,8841
877,2021-10-5,25.4,28.5,23.2,0,8474
878,2021-10-6,25,27.5,22.8,0,8330
879,2021-10-7,24.4,27.3,21.9,0,7956
880,2021-10-8,25.1,27.9,22.6,0,7924
881,2021-10-12,23.1,25.7,21.2,1.8,7942
882,2021-10-13,22.8,24.3,21.6,0.2,7712
883,2021-10-14,23.4,26,21.8,0,7468
884,2021-10-15,23.1,26,20.8,0,7315
885,2021-10-18,14.8,18.4,9.9,0,7134
886,2021-10-19,16.2,21.1,12.5,0,7073
887,2021-10-20,14.6,16.6,12.7,0,6993
888,2021-10-21,16,19.7,13.2,0,6826
889,2021-10-22,15.7,19.6,13,0,6787
890,2021-10-25,17.7,21.6,14.6,0,6753
891,2021-10-26,17.1,21,13.8,0,4554
892,2021-10-27,17.6,22.5,13.3,0,4221
893,2021-10-28,17.7,21.5,13.5,0,3232
894,2021-10-29,18.3,21.5,16.8,0,3746
895,2021-11-1,18,22.3,14.7,0,3210
896,2021-11-2,15.8,19.7,12.9,0,3168
897,2021-11-3,15.9,20.4,11.9,0,3172
898,2021-11-4,17.1,21.9,13.1,0,3171
899,2021-11-5,17.9,21.1,13.8,0,3165
900,2021-11-8,14.1,21,10.2,10.6,3186
901,2021-11-9,10.9,14.3,8.3,2.5,3173
902,2021-11-10,10.9,13.5,7.7,3.1,3164
903,2021-11-11,12.6,16.6,9.8,0.7,3094
904,2021-11-12,11.6,14.9,8.6,0.7,3085
905,2021-11-15,14,18,9.9,0,3075
906,2021-11-16,13.9,17.8,11.4,0,3075
907,2021-11-17,14.7,19.2,10.8,0,3038
908,2021-11-18,14.6,18.5,11.9,0,3048
909,2021-11-19,14.6,19.8,9.9,0,3047
910,2021-11-22,11.6,16.1,7.3,0,2845
911,2021-11-23,9.1,11,7.1,0,2889
912,2021-11-24,11,14,8.9,0,2918
913,2021-11-25,13,17.4,10.4,0,2908
914,2021-11-26,12.7,18.7,9,0,2904
915,2021-11-29,14.9,18,11.9,0.7,2939
916,2021-11-30,12.6,18.7,6.4,36.7,2932
917,2021-12-1,7.6,10.3,5.6,0,2902
918,2021-12-2,8.6,11.6,5.8,0,2916
919,2021-12-6,12,16.3,7.9,0,2925
920,2021-12-7,12.3,17.4,8,0,2923
921,2021-12-8,12.4,16,9.9,0,2920
922,2021-12-9,14.1,17.1,12.3,0,2920
923,2021-12-10,14.3,18.6,11.6,0,2933
924,2021-12-13,7.6,11.3,5.3,0,2927
925,2021-12-14,8.3,12,4.6,0,2927
926,2021-12-15,12.4,17.1,8.3,0.3,2910
927,2021-12-16,11.9,12.9,10.8,11.7,2832
928,2021-12-17,5.5,12.3,1.4,1.4,2815
929,2021-12-20,10.3,14.1,5.6,0,2850
930,2021-12-21,12.6,17.1,10.3,0,2859
931,2021-12-22,11.6,17.3,7.4,0,2859
932,2021-12-23,11,15.7,6.9,0,2868
933,2021-12-24,11.3,15.4,6.9,0,2801
934,2021-12-27,3.7,7.5,-0.4,0,2790
935,2021-12-28,7,11,3.5,0,2798
936,2021-12-29,9,12,6.9,0.1,2804
937,2021-12-30,6.5,9.1,4.6,0,2895
938,2021-12-31,5.3,8.8,2.8,0,2900
939,2022-1-3,8.5,12.7,5.4,0,2870
940,2022-1-4,8.3,12.3,4.5,0,2888
941,2022-1-5,6.7,9.2,5.1,21.6,2891
942,2022-1-6,8.6,12.4,5.7,0,2964
943,2022-1-7,7.2,11.6,3.7,0,2983
944,2022-1-10,8.3,12.2,5.1,0,3042
945,2022-1-11,3.6,7.7,0.8,0.2,3039
946,2022-1-12,3.9,7.6,1.5,0,3095
947,2022-1-13,4.3,6.7,1.9,2.1,3087
948,2022-1-14,5.1,8.2,1.8,0,3087
949,2022-1-17,6.9,10.2,5.2,0,3106
950,2022-1-18,5.5,8.5,3.1,0,3096
951,2022-1-19,6.2,10,3.3,0.2,3087
952,2022-1-20,4.8,7.3,2,0,3114
953,2022-1-21,7.5,10.4,2.6,0,3113
954,2022-1-24,10,12.3,8.3,0,3090
955,2022-1-25,9.3,10.6,8.5,0.2,3092
956,2022-1-26,9.6,12.4,7,0,3092
957,2022-1-27,9.4,11.7,7.7,0,3037
958,2022-1-28,8.5,12,6.7,0,3037
959,2022-2-3,6.5,9.3,4.1,0,2903
960,2022-2-4,5.2,9.5,2.3,0,2904
961,2022-2-7,5,8.4,1.7,3.9,2904
962,2022-2-8,5.7,9.8,2,0,2904
963,2022-2-9,6.8,11.2,2.8,5.2,2901
964,2022-2-10,6.8,11.2,4.8,2.8,2924
965,2022-2-11,7.9,12.5,3.8,0,3021
966,2022-2-14,9.8,14,6.5,0,3021
967,2022-2-15,5.4,10.6,1.2,0,3075
968,2022-2-16,2,5.4,0.1,0,3075
969,2022-2-17,1.9,4.5,-0.4,0,3081
970,2022-2-18,5.8,9.1,1.8,2.8,3081
971,2022-2-21,4.2,7.7,0.6,0,3081
972,2022-2-22,4.6,8.3,2.4,0,3126
973,2022-2-23,4.5,7.4,2.2,0,3126
974,2022-2-24,4.6,8.3,1.2,0,3164
975,2022-2-25,6.9,11.1,2.6,0,3222
976,2022-2-28,10.4,13.4,5,0,3254
977,2022-3-2,8.2,12.6,4.6,0,3311
978,2022-3-3,9.2,13.7,3.6,0,3400
979,2022-3-4,11.2,15.7,7.6,0,3456
980,2022-3-7,8.9,11.9,6.6,0,3401
981,2022-3-8,10.4,16.6,5.6,0,3441
982,2022-3-9,11.8,16.3,6.8,0,3441
983,2022-3-10,13.1,17.1,7.6,0,3408
984,2022-3-11,16.5,18,14.7,0,7353
985,2022-10-18,15.4,20.1,11.5,0,5646
986,2022-10-19,15.8,20.2,11.5,0,5431
987,2022-10-20,17.5,20.8,14.2,0,5068
988,2022-10-21,20.1,23.6,16.3,0,5107
989,2022-10-24,15.9,20.1,13,0,4953
990,2022-10-25,14.9,18.3,11.5,0,5110
991,2022-10-26,17.5,20.1,15.6,0,4999
992,2022-10-27,17.5,21.5,14.7,0,4770
993,2022-10-28,17.8,22.7,13,0,4721
994,2022-10-31,17.8,21,15.8,0,4700
995,2022-11-1,18,22.2,14.6,0,4696
996,2022-11-2,17.3,21.8,13.3,0,4551
997,2022-11-3,16.9,21,11.3,0,4290
998,2022-11-4,15.7,18.4,13.2,0,4156
999,2022-11-7,14.1,18.2,10,0,3174
1000,2022-11-8,16,21.1,11.5,0,3173
1001,2022-11-9,17.1,21,12.8,0,3164
1002,2022-11-10,19.3,22.6,15.8,1.9,3318
1003,2022-11-11,20.6,23.2,19.1,0,3303
1004,2022-11-14,15.1,18.6,12.8,0,3276
1005,2022-11-15,13.6,17,10.7,0,3284
1006,2022-11-16,14.4,18.9,9.4,0,3259
1007,2022-11-17,15.5,17.9,12.7,0,3091
1008,2022-11-18,17.2,20.2,15.8,0,3047
1009,2022-11-21,16.3,20.3,13.3,0,3146
1010,2022-11-22,16.3,17.8,13.9,0.5,3123
1011,2022-11-23,16.5,19.8,13.7,0,3124
1012,2022-11-24,15.4,20.1,12,0,3153
1013,2022-11-25,15.9,20.1,10.4,0,3153
1014,2022-11-28,20.7,23.3,17.4,41.1,3153
1015,2022-11-29,18,21.1,14.8,8.3,3099
1016,2022-11-30,8.3,14.8,5.2,0,3093
1017,2022-12-1,6,8.8,4.2,0,3152
1018,2022-12-5,10,12.8,5.6,0,3121
1019,2022-12-6,8,12,4.2,0,3124
1020,2022-12-7,10.8,15.6,7.1,0,3138
1021,2022-12-8,10.7,14.2,8.1,0,3128
1022,2022-12-9,11,14.7,7.9,0,3125
1023,2022-12-12,9.8,14.3,5.8,0,3139
1024,2022-12-13,9.2,12.3,6,0,3135
1025,2022-12-14,4.5,7.3,2.8,0,3161
1026,2022-12-15,6.4,10.6,3,0,3282
1027,2022-12-16,9.2,11.8,6.8,0,3239
1028,2022-12-19,5.3,8.2,1.3,0,3216
1029,2022-12-20,8.5,12.1,3.6,0,3235
1030,2022-12-21,9.3,13,6.8,3.7,3253
1031,2022-12-22,2.9,6.9,-0.9,2.6,3213
1032,2022-12-23,0.8,3.3,-1.3,3.9,3229
1033,2022-12-26,6.8,11.6,3.6,0,3270
1034,2022-12-27,7.5,11.2,4.1,0,3284
1035,2022-12-28,6.7,11.3,4.3,0,3311
1036,2022-12-29,5.9,9.1,3.4,0,3322
1037,2022-12-30,5.9,10.1,2.7,0,3317
1038,2023-1-2,7.5,11.6,4.6,0,3384
1039,2023-1-3,6.1,10.1,3.4,0,3370
1040,2023-1-4,6.9,11.2,3.1,0,3357
1041,2023-1-5,7.9,13.1,4.1,0,3326
1042,2023-1-6,9.1,12.1,5.2,0,3314
1043,2023-1-9,11.8,16.9,8.5,0,3323
1044,2023-1-10,10.2,14.1,5.7,0,3334
1045,2023-1-11,10.7,15,7.2,0,3345
1046,2023-1-12,14.4,16.5,9.1,12.1,3337
1047,2023-1-13,16.6,17.8,15.4,45.7,3321
1048,2023-1-16,5.9,7.8,3.7,0,3308
1049,2023-1-17,5.9,8.5,3.5,0,3306
1050,2023-1-18,6.1,10,3.8,0,3298
1051,2023-1-19,6.8,9.7,5.3,0,3371
1052,2023-1-20,6.1,10.1,2.3,0,3367
1053,2023-1-25,-0.4,3.7,-4.4,0,3377
1054,2023-1-26,6.1,9.8,2.2,0,3347
1055,2023-1-27,2.3,6.6,-0.2,1.4,3343
1056,2023-1-30,5.8,10.5,2.5,0,3416
1057,2023-1-31,8.2,12.5,2,0,3430
1058,2023-2-1,12.2,15.5,8.4,0,3459
1059,2023-2-2,8,10.1,5.5,0,3444
1060,2023-2-3,7.9,11,5.7,0,3469
1061,2023-2-6,8.9,11,6,2.7,3437
1062,2023-2-7,11.3,15.9,8.8,0.3,3512
1063,2023-2-8,10.8,16.1,6.5,0,3561
1064,2023-2-9,10.2,13.4,8.3,11.4,3561
1065,2023-2-10,11,15,7.8,5.1,3577
1066,2023-2-13,10,11.8,7.2,6.7,3529
1067,2023-2-14,8.4,11.9,5.9,0,3495
1068,2023-2-15,8.1,11.3,4.7,0,3500
1069,2023-2-16,8.9,12.3,6.8,0.4,3526
1070,2023-2-17,11.1,14.7,6.6,1,3455
1071,2023-2-20,6.5,12.5,2.3,0,3408
1072,2023-2-21,4.4,8.4,1,0,3441
1073,2023-2-22,8.9,11.7,5,2.2,3471
1074,2023-2-23,10.1,12.5,8.2,4.9,3525
1075,2023-2-24,10.5,14.8,7.3,3.6,3525
1076,2023-2-27,8.7,13.2,4,0,3597
1077,2023-2-28,11.9,15.2,7.2,0,3597
1078,2023-3-2,7.2,10.5,4.9,0,3574
1079,2023-3-3,8.9,12.8,3.8,0,3574
1080,2023-3-8,15.3,18.6,11.2,0,7674
1081,2023-3-9,15.8,18,13.6,0,7924
1082,2023-3-10,14.1,18.4,10.1,0,7631
1083,2023-3-13,7.8,12.2,4.6,0,7845
1084,2023-3-14,11.5,15.4,6,0,7791
1085,2023-3-15,16.3,20.4,11.8,0,7912
1086,2023-3-16,14.2,17.1,12.4,0,7422
1087,2023-3-17,12.1,14.6,9.6,13.4,7366
1088,2023-3-20,13.3,15.6,9.2,0,7377
1089,2023-3-21,16,17.9,13.9,6.2,7325
1090,2023-3-22,17.2,18.7,15.9,3.7,7114
1091,2023-3-23,17.4,19.3,16.5,1.9,7144
1092,2023-3-24,14.7,16.8,12.6,11.4,7036
1093,2023-3-27,13,16.9,10.1,0,6941
1094,2023-3-28,13.9,18.2,9.4,0,6941
1095,2023-3-29,14.2,18.1,11,0,7356
