year,avgTemp,maxTemp,minTemp,avgPrice
20130101,7.2,10.7,3.5,
20130102,6.2,10.9,1.3,2434
20130103,2.3,5.5,0.1,2501
20130104,3.4,6.7,0.3,2483
20130105,5.1,8.8,2.5,
20130106,5.4,10,1.8,
20130107,6.6,8.6,3.8,2491
20130108,7.9,10.8,5.1,2491
20130109,5,8.9,1.7,2491
20130110,4.6,7.4,2.1,2478
20130111,6.9,9.8,4.2,2486
20130112,9.8,14,6.6,
20130113,8.8,10.2,6.9,
20130114,9.7,14.3,6.1,2486
20130115,8.6,11.4,4.1,2491
20130116,7.1,11.1,4.1,2491
20130117,4,7.1,1.3,2551
20130118,4.5,9.4,0.1,2551
20130119,6.5,11.3,1.8,
20130120,8.6,12.9,4.2,
20130121,13.3,16,9.9,2565
20130122,9.6,12.2,8.3,2565
20130123,7.7,10.8,4.6,2565
20130124,6.6,9.9,3.7,2545
20130125,4,7.4,2.2,2529
20130126,4.8,9.6,1.8,
20130127,3.1,6.4,0.9,
20130128,6,10.9,1,2541
20130129,8.3,12.1,3.9,2532
20130130,10.9,15.2,6.2,2532
20130131,13.7,16.5,9.7,2515
20130201,14.9,16.6,12.6,2520
20130202,11.8,14.2,8.4,
20130203,10.1,13,6.1,
20130204,12.7,18.9,8.3,2431
20130205,9.6,10.8,6.9,2424
20130206,8.2,10.7,5.7,2400
20130207,3.3,5.9,-0.9,2438
20130208,1.5,4.9,-1.1,2463
20130209,4.1,7.4,0.7,
20130210,6.4,10.7,2.5,
20130211,6.8,10.7,4.1,
20130212,7.1,12.4,4.2,2475
20130213,6,9.4,2.2,2499
20130214,7.6,9.3,5.6,2518
20130215,7.6,12.8,3.6,2529
20130216,5.8,9.1,1.7,
20130217,10.2,14.3,4.8,
20130218,10.2,14.3,6.1,2535
20130219,5.8,8.4,2.9,2547
20130220,6.2,9.7,2.9,2583
20130221,7.5,11.5,3.5,2737
20130222,9,14.3,6.4,2752
20130223,8.1,11.9,3.5,
20130224,8.7,12.2,5.6,
20130225,10.3,13.2,6.5,2765
20130226,10.9,12.7,9.2,2761
20130227,12.9,15.7,10.4,2761
20130228,14.2,17.8,8,2710
20130301,11.6,16.8,5.8,
20130302,8,11.6,4.5,
20130303,7.7,12.7,4.1,
20130304,9.9,15,4,3094
20130305,10.3,15,5.6,3173
20130306,12.8,16.7,8.2,3260
20130307,13.7,16.3,10.7,3316
20130308,14.5,19.3,8.8,3316
20130309,17.1,21.3,11,
20130310,14.6,19.8,10,
20130311,11.6,15.6,8.1,3369
20130312,14.7,18.2,9.2,3335
20130313,13.9,17.8,10.1,3335
20130314,10,14.6,6.7,3321
20130315,10.8,14.6,7.4,3143
20130316,11.8,16.2,7,
20130317,13.3,17.4,8.4,
20130318,14.3,17.7,10.8,3143
20130319,14.6,17.4,9.8,3143
20130320,12.5,18.1,6,3143
20130321,8.2,11.7,3.6,
20130322,10.6,13.1,6.7,
20130323,12.1,15.4,9.4,
20130324,12.8,15.1,10.3,
20130325,9.7,14.7,6.1,
20130326,10.4,13.8,5.6,
20130327,12.9,16.1,10.4,
20130328,14.2,18.8,8.9,
20130329,13.2,16.5,10.2,
20130330,12.8,16.8,7.5,
20130331,13.5,17.1,11.2,
20130401,14.4,18,11.5,
20130402,13.3,18.4,8.1,
20130403,13.4,17.6,7.3,
20130404,14.7,21.8,11.8,
20130405,16.3,19.4,13,
20130406,12.9,20.5,5.9,
20130407,9,14.1,5.8,
20130408,11.8,16.3,6.7,
20130409,12.3,17.3,8.6,
20130410,9.3,12.8,6.5,
20130411,10.9,15.3,8,
20130412,12.3,16.9,7.8,
20130413,13.7,17.7,8.2,
20130414,16.5,21.7,13,
20130415,15,19.9,10.2,
20130416,18.8,21.9,14.1,
20130417,17.1,21.5,15.2,
20130418,16.3,19.2,14.5,
20130419,13.6,16.8,11.5,
20130420,11.3,13.5,9.8,
20130421,12.4,17.6,8.1,
20130422,14.3,18.5,8.4,
20130423,15.4,17,13.7,
20130424,15.3,18.4,11.9,
20130425,15,19.3,11.3,
20130426,15.2,19.7,11.4,
20130427,16.2,20.3,10.3,
20130428,19,22.5,14.6,
20130429,17.8,19.9,15.6,
20130430,15.4,18.1,11.9,
20130501,14.4,18.8,11.2,
20130502,15,20.3,11.1,
20130503,16,19.8,11.7,
20130504,16.5,19.9,13.1,
20130505,17,21.1,12.5,
20130506,17.8,23.5,12.7,
20130507,18.5,22.6,13.9,
20130508,18.8,22.2,16.6,
20130509,19.5,23,16.2,
20130510,19.1,26.1,16.3,
20130511,18.7,24.5,14.8,
20130512,18.7,21,14.7,
20130513,20.2,23.2,16.6,
20130514,21.2,25,15.6,
20130515,21.1,23.4,18.8,
20130516,18.3,21.3,16.5,
20130517,18.4,23.1,15.6,
20130518,20,24.2,16.8,
20130519,19.6,23.2,17.3,
20130520,17.8,19.9,16.6,
20130521,18.6,22.3,16.3,
20130522,19.1,23.4,14.6,
20130523,21.4,25.5,18.5,
20130524,22.2,26.5,18,
20130525,23.2,26.7,18.8,
20130526,23.4,26,22,
20130527,20.4,22.7,20,
20130528,20.2,22.3,18,
20130529,20.8,25,17.9,
20130530,18.9,20.7,17.1,
20130531,19.4,22.4,16.1,
20130601,18.9,21.2,17.9,
20130602,20.9,24.1,17.5,
20130603,21.2,25,17.6,
20130604,21.5,24.8,19.1,
20130605,21.3,24.6,18.4,
20130606,21.4,26.3,16.1,
20130607,22.2,24.7,19.8,
20130608,20.6,23.2,19.4,
20130609,20.1,20.8,19.3,
20130610,20.6,22.6,19.8,
20130611,21.7,22.5,20.6,
20130612,21.6,24.2,19.8,
20130613,21.8,24.1,20.2,
20130614,21.2,22.7,19.6,
20130615,22.9,26.2,20.4,
20130616,21.8,25.6,19.7,
20130617,22.9,26.2,19.7,
20130618,24.2,24.9,23.2,
20130619,23.4,24.5,22.2,
20130620,24.5,29.2,21.6,
20130621,23.5,28.7,21.3,
20130622,21.9,24.8,20.5,
20130623,22.3,26.3,20.5,
20130624,21.7,25.3,19.3,
20130625,22.5,25.5,20.9,
20130626,23,26,20.2,
20130627,23,25.2,21.1,
20130628,24.3,28.1,21.9,
20130629,25,28.2,21.9,
20130630,24.9,28.3,23.3,
20130701,25.7,29.6,23.1,
20130702,25.8,27,24.8,
20130703,25.8,28.1,24.4,
20130704,26,26.8,24.8,
20130705,24.6,26,22.6,
20130706,23.6,25,22.1,
20130707,25.5,26.4,24.2,
20130708,25.9,27.7,25.1,
20130709,26.5,28.9,25.3,
20130710,27,29.6,25.2,
20130711,27.2,30,25.1,
20130712,28.6,31.4,25.7,
20130713,29.1,31.6,27.5,
20130714,28.2,30.5,27.1,
20130715,27.5,29.7,26.4,
20130716,27.7,30.4,26.2,
20130717,28,30.5,26.8,
20130718,27.9,30.9,26.1,
20130719,28.4,31.5,26.3,
20130720,28.2,30.7,26.8,
20130721,27.9,30.3,26.7,
20130722,28.3,30.9,26.8,
20130723,28,30.7,26.8,
20130724,27.9,30.5,26,
20130725,28.3,32.3,25.8,
20130726,28.1,31.3,26.3,
20130727,27.8,30.8,26.2,
20130728,28.6,31.3,27.5,
20130729,28.1,29.9,27.1,
20130730,28.9,31.6,26.9,
20130731,28.7,31.4,27.2,
20130801,28.7,31.7,27.2,
20130802,29,32.1,27.4,
20130803,28.6,30.6,27.6,
20130804,28.9,31.1,27.3,
20130805,27.8,29.7,25.8,
20130806,29.2,31.6,27.2,
20130807,29.2,32.1,27.9,
20130808,28.9,31,27.1,
20130809,29.5,32.3,27.3,
20130810,29.9,32.6,28,
20130811,29.3,32.1,27,
20130812,29.4,33.3,26.5,
20130813,29.6,33,26.6,
20130814,29.8,33,26.9,
20130815,29.9,33.3,27.2,
20130816,29.9,33.5,26.6,
20130817,30.5,33.8,27.5,
20130818,31.2,34.2,28.4,
20130819,29.6,33,26.8,
20130820,30.3,33.6,26.8,
20130821,30.8,34.3,27.2,
20130822,30.1,33.4,27.1,
20130823,29.8,32.6,27.5,
20130824,29,31.4,26.7,
20130825,27.1,30.7,25.6,
20130826,27.2,31.8,24.9,
20130827,27.4,31.2,23.4,
20130828,28.1,32.1,23.3,
20130829,29.6,32,26.5,
20130830,27.2,29.4,25.6,
20130831,26.9,30.3,24.1,
20130901,26.3,30.1,22.3,
20130902,27,30.5,23.3,
20130903,25.2,26.6,23,
20130904,24.6,29.2,20.4,
20130905,25.2,28.9,22.4,
20130906,23.6,25.1,21.3,
20130907,22.5,26,21.2,
20130908,24.5,28.9,21,
20130909,24.6,28.4,21.2,
20130910,24.9,29.2,20.9,
20130911,26.3,29.3,23.1,
20130912,27.1,30.3,24.5,
20130913,27.6,30.3,26,
20130914,25.9,30,22.7,
20130915,27,33.4,22.3,
20130916,26.6,30.6,23.1,
20130917,25.6,29.2,22.6,
20130918,26.9,30.4,23.3,
20130919,26.2,29.8,24.2,
20130920,26.5,30.1,23.6,
20130921,27.2,31,23.8,
20130922,26.7,29.7,24.3,
20130923,26.2,29.6,24.4,
20130924,25.4,29.2,23.6,
20130925,24.5,27.5,21.4,
20130926,22,25.8,18.3,
20130927,22.8,27.5,18.6,
20130928,24.8,28,22.1,
20130929,23.2,25.5,21.5,
20130930,24.4,29.2,21.8,
20131001,23.9,26.9,22.4,
20131002,23.7,27.9,20.1,
20131003,21.6,26.7,17.9,
20131004,21.8,26.1,17.1,
20131005,23.4,26.1,21.7,
20131006,25.4,28.1,22.7,
20131007,26,28.6,24.9,
20131008,24.5,26.7,23.2,
20131009,24.7,28,22.5,
20131010,24.9,27.9,23.4,
20131011,23.9,29.4,20.7,
20131012,21.8,26.6,17.6,
20131013,21.1,25.7,15.5,
20131014,22.7,26.7,19.9,
20131015,21.3,25.9,17.9,
20131016,18.1,21,14.2,
20131017,18,21.7,14.3,
20131018,19.9,23.5,17.8,
20131019,20.3,23.5,18.2,
20131020,20.1,24.5,16.3,
20131021,20,24.1,16.2,2835
20131022,20.3,23.4,18.6,2901
20131023,20.2,22.2,18.5,2913
20131024,20.4,24.8,16.7,2827
20131025,18.7,23.5,14.6,2828
20131026,16.5,21.2,12.5,
20131027,16.3,20.4,12.8,
20131028,17.8,22.1,13.9,2869
20131029,19,23.4,15.1,2869
20131030,19.3,22.6,15.4,2830
20131031,18.8,22.8,16.3,2898
20131101,20.2,24.3,16.3,2892
20131102,20.9,23.5,18.5,
20131103,20.7,22.9,18.3,
20131104,17.8,21.1,15.1,2929
20131105,19,22.6,15.3,2891
20131106,20.3,23.3,17.9,2876
20131107,18.3,23.4,14.5,2753
20131108,16.8,20.9,13.1,2749
20131109,20.2,22.6,16.7,
20131110,16.5,22.4,10.2,
20131111,12.4,15.6,9.9,2740
20131112,12.3,15.5,9.6,2740
20131113,13,16.1,10.2,2740
20131114,14.1,17.9,9.5,2549
20131115,15,20,11.4,2541
20131116,14.3,18.3,10.3,
20131117,12.6,15.6,9.6,
20131118,8.7,11.8,5.4,2607
20131119,8.8,11.5,5.7,2587
20131120,10.1,13.5,7.4,2549
20131121,10.6,15.9,6.1,2623
20131122,11.9,15.6,7.8,2562
20131123,12.3,16.1,8.6,
20131124,15,18.5,9.8,
20131125,12.2,14.4,9.7,2647
20131126,10.6,13.7,8.1,2680
20131127,10,14.9,4.7,2661
20131128,4.5,8,2.6,2668
20131129,6.4,9,3.2,2693
20131130,10.6,14.7,6.4,
20131201,11,15.6,7.2,
20131202,9.6,15.4,6.3,2729
20131203,9.8,14.6,5.5,2729
20131204,11.3,16.4,7.1,2729
20131205,12.7,17.6,8.5,2613
20131206,12.5,16,9.8,2562
20131207,10.5,16,7.7,
20131208,12.7,17.4,7.8,
20131209,12.8,16.6,7.8,2599
20131210,8.8,11.9,6.7,2582
20131211,8.1,10.5,5.1,2581
20131212,8.9,11.5,3.7,2446
20131213,8,10.9,4.7,2446
20131214,7.8,13.3,4,
20131215,9.4,12.9,5.5,
20131216,8.3,11.7,6.1,2462
20131217,9.7,11.4,6.9,2471
20131218,10.1,13.6,8.6,2460
20131219,5.3,9,2.3,2523
20131220,5.8,8.3,3.7,2519
20131221,5.8,9.2,3.2,
20131222,7.4,12.5,3.4,
20131223,8.2,12.3,5.8,2560
20131224,7.4,12.8,3.8,2560
20131225,8.9,12,4.6,
20131226,8.8,13.1,4.8,2572
20131227,3.7,6.6,2.2,2568
20131228,4.2,7,1.9,
20131229,5,8.3,1.7,
20131230,8.2,11.3,6,2593
20131231,10.2,13.4,6.9,2570
20140101,10.4,13.8,8.4,
20140102,10.3,14.9,6.1,
20140103,11.3,15.8,7.6,
20140104,9.9,14.3,6.5,
20140105,8,13.6,4.8,
20140106,7.7,12.2,3.4,
20140107,10.2,14.1,5.8,
20140108,8.9,11.1,5.5,
20140109,2.8,6.5,0.2,
20140110,4.1,7.8,-0.1,
20140111,6.3,9.7,3.8,
20140112,6.5,11.1,3.1,
20140113,5.7,9.6,2.8,
20140114,5.5,9.7,2.5,
20140115,4.9,9.2,1.4,
20140116,6.7,10.2,3,
20140117,7,11.1,3.7,
20140118,6.8,8.7,4.8,
20140119,7.2,9.9,3.8,
20140120,8.5,12,4.4,
20140121,2.7,5.4,0.9,
20140122,4.7,8.8,0.7,
20140123,7.7,11,4.6,
20140124,12.5,15.5,6.8,
20140125,14.9,17.6,11.2,
20140126,9.1,13.6,4.4,
20140127,8.7,13,3.7,
20140128,11.1,14.9,8.3,
20140129,11.3,15.9,4.7,
20140130,11.7,13.5,9.5,
20140131,12,15.8,7.8,
20140201,15.4,20,11.4,
20140202,14.1,17.4,12.2,
20140203,10.8,15.4,5.2,
20140204,3.4,6.8,1.5,
20140205,4.8,7.4,1.9,
20140206,6.5,8.8,4.5,
20140207,8.7,11.5,7.6,
20140208,7.9,11,5.7,
20140209,6.4,8.7,4.2,
20140210,6.4,11.2,3.8,
20140211,6.2,8.7,4,
20140212,7.1,11.3,4.9,
20140213,7.4,9.8,5.8,
20140214,6.9,9.2,3.8,
20140215,7.2,11.8,2.5,
20140216,10,14.7,5.5,
20140217,8.3,10.6,7.4,
20140218,7.7,8.9,6.1,
20140219,6.8,10.3,5.3,
20140220,7.2,11.8,3,
20140221,6.8,11.1,3.3,
20140222,7.5,11.7,4.8,
20140223,9.1,14.4,3.8,
20140224,10.5,15.2,6.2,
20140225,11.6,14.7,7.9,
20140226,11.2,12.8,9.5,
20140227,13.2,18,10.5,
20140228,12.9,16.5,10,
20140301,11.7,12.8,10.9,
20140302,12.1,15.3,10,
20140303,10.3,13.5,8.5,
20140304,10,11.2,8.5,
20140305,8.7,13.2,5.6,
20140306,6.4,10,4.3,
20140307,6.7,11.1,3.5,
20140308,6.7,10,2.4,
20140309,7.8,12.3,4.3,
20140310,7.1,12.2,1.8,
20140311,9.4,13,3.8,
20140312,14.5,15.5,9.6,
20140313,10.8,15.5,5.7,
20140314,7.3,11.7,4.7,
20140315,11.1,14.7,4.6,
20140316,13.9,17.3,11,
20140317,15.2,18.3,12.4,
20140318,15.2,20.1,13.3,
20140319,13.4,16.5,11.7,
20140320,10.6,14.3,7.1,
20140321,9.7,13.2,7,
20140322,10.5,14.6,6,
20140323,12.6,17.4,7.6,
20140324,14.5,18.4,9.2,
20140325,15.8,16.3,15,
20140326,15.4,18.7,14,
20140327,17.2,21.7,13.1,
20140328,17.1,21.9,11.6,
20140329,16.1,17.5,14.3,
20140330,16.9,20.4,13.9,
20140331,15.3,18.7,11.6,
20140401,16.5,20.8,12.8,
20140402,16,20.1,12.6,
20140403,15.8,21.1,11.5,
20140404,11.9,16.8,9.1,
20140405,11.6,17.7,7.5,
20140406,11.5,16.8,6.7,
20140407,13.4,17,9.4,
20140408,14.3,18,11,
20140409,15.4,19.5,11.4,
20140410,15.2,20.9,10.2,
20140411,15.8,19.3,12.9,
20140412,16.3,20.6,13.9,
20140413,14.6,17.4,12.5,
20140414,16.1,21.9,11.9,
20140415,16.9,22.3,10.9,
20140416,16.9,20.3,14.2,
20140417,16.1,18,14.9,
20140418,15.3,16.8,14.7,
20140419,14,14.9,13,
20140420,14.3,17.5,11.5,
20140421,16.4,19.8,11.5,
20140422,18,22.3,13.8,
20140423,17.6,21.7,14.3,
20140424,18.5,23.1,15.5,
20140425,19,22.7,14.7,
20140426,19.3,21.4,18,
20140427,17.3,19.7,14.7,
20140428,15.3,18.2,14,
20140429,15.3,18.7,13.8,
20140430,17.1,23.7,12.6,
20140501,16.9,24,12.6,
20140502,18.4,21.2,14.9,
20140503,17.2,20.2,14.4,
20140504,14.7,17.8,12.5,
20140505,15.6,19.2,11.2,
20140506,15.3,20.3,9.8,
20140507,17,20.3,12.3,
20140508,18.8,23.8,16,
20140509,18,21.7,13.6,
20140510,18.4,22.1,16.3,
20140511,19.2,20.7,17.4,
20140512,18.7,23.8,16.5,
20140513,20.4,26.1,16.2,
20140514,16.6,20.4,15.1,
20140515,19.8,25.5,15.5,
20140516,21,26.1,16.7,
20140517,20,24.2,17.2,
20140518,20.7,26.5,16.2,
20140519,21.2,25,17.9,
20140520,18.5,20.2,16.9,
20140521,21,26,15.6,
20140522,20.2,24.4,17.7,
20140523,19.7,23.5,16.9,
20140524,21.2,24.5,17.4,
20140525,20.1,21.6,18.7,
20140526,23.4,29.3,19,
20140527,21.3,24.5,17.9,
20140528,23.8,30.4,20.1,
20140529,22.1,25.5,19.7,
20140530,22.4,26.6,18.2,
20140531,22.3,25.9,19.1,
20140601,22.3,24.8,19.7,
20140602,19.5,22.1,17.6,
20140603,19.5,21.4,18.8,
20140604,20,21.9,17.9,
20140605,20.9,23.4,18.9,
20140606,20.6,22.8,18.8,
20140607,20.4,22.9,17.7,
20140608,20.6,23.7,18,
20140609,21.4,24.7,18.6,
20140610,21.1,22.9,20.3,
20140611,21.8,25.8,19.8,
20140612,21.3,24.7,18.8,
20140613,21.8,28.1,17.6,
20140614,22.3,25.3,19.7,
20140615,23.4,29.2,20.4,
20140616,22.7,26.7,19.6,
20140617,18.1,19.8,16.6,
20140618,22.5,26.5,19.5,
20140619,22.2,25.9,18.8,
20140620,22.5,25.5,19.9,
20140621,21.1,22.1,20.4,
20140622,21.7,24.8,19.9,
20140623,21.8,23.8,20.2,
20140624,22.1,26,20,
20140625,21.4,23.5,19.2,
20140626,21.5,23,20,
20140627,23.7,28,21.5,
20140628,23.8,27.9,20.8,
20140629,22.4,26.3,19.8,
20140630,23.7,26.8,21.1,
20140701,24,28.1,22,
20140702,21.3,24,19.4,
20140703,23.2,26,21.6,
20140704,23.8,27.2,22.1,
20140705,21.6,23.3,19.7,
20140706,21.8,24.5,19.7,
20140707,23,25.1,21.9,
20140708,26.8,31.4,22.4,
20140709,24.9,28.3,23.2,
20140710,28.3,33.8,23.6,
20140711,25.9,28.6,22.9,
20140712,23.8,25.8,21.9,
20140713,23.5,25.3,22.4,
20140714,23.7,27.8,22.1,
20140715,23.5,26.2,22.2,
20140716,24.5,26.7,23,
20140717,25.3,27.5,23.5,
20140718,25.5,27.3,25,
20140719,25.6,28.2,22.4,
20140720,25.6,29,23,
20140721,25.8,28.4,23.5,
20140722,27,29.8,24.9,
20140723,28.6,31.4,25.8,
20140724,28.4,30.3,27.6,
20140725,28.1,30.5,26.9,
20140726,27.1,29.6,24.8,
20140727,25.2,27.6,23.7,
20140728,24.5,26.9,22.7,
20140729,26.9,30.2,24.7,
20140730,28.9,32.5,24.8,
20140731,29,32.9,26.3,
20140801,26.9,30.3,25.3,
20140802,25,26,24.3,
20140803,23.9,24.5,23.4,
20140804,24.1,26.1,23.3,
20140805,25.5,29.4,23.1,
20140806,26.6,29.5,24.6,
20140807,27.2,29.7,24.9,
20140808,26,27.8,24.8,
20140809,27.9,32,24.8,
20140810,26.7,30.3,24.5,
20140811,25.4,29.1,23.2,
20140812,25.7,28.9,23.4,
20140813,26.4,30.3,23.2,
20140814,25.3,28.3,22.9,
20140815,25.2,26.9,22.6,
20140816,25.9,29.2,24.2,
20140817,25.7,28.2,24.1,
20140818,25.6,26.9,23.9,
20140819,24.6,26.4,23.7,
20140820,25,27,23.4,
20140821,25.6,28,23.1,
20140822,25.2,28.4,21.8,
20140823,26.1,29,23,
20140824,26.2,28.3,23.6,
20140825,26.5,27.4,25.1,
20140826,26.9,31.8,23.5,
20140827,25.4,28.4,23.3,
20140828,22.6,24.3,21.5,
20140829,22.8,24.2,21.9,
20140830,24.1,26.4,22.5,
20140831,24.5,27.9,22.8,
20140901,24.8,27.6,22.2,
20140902,25.4,27.5,23.8,
20140903,25.1,27.6,23,
20140904,24.9,28.7,21.7,
20140905,25.3,28.4,21.5,
20140906,24.6,27,21.7,
20140907,25.5,28.8,22.8,
20140908,25.9,29.5,23,
20140909,26.1,29.8,22.6,
20140910,25.4,27.9,22.7,
20140911,25.3,29,21.5,
20140912,24,26.6,20.7,
20140913,24.3,27.7,21.7,
20140914,24.3,27.3,22.5,
20140915,25.3,29.3,21.9,
20140916,25.3,28.7,23.3,
20140917,24.9,28.1,22.8,
20140918,22.5,23.3,20.8,
20140919,20.2,23,16.8,
20140920,21.9,26.2,17.5,
20140921,23.5,26.5,21.3,
20140922,23.9,26.2,22.2,
20140923,24.4,25.8,22.9,
20140924,24.4,29.4,22,
20140925,23.8,27.4,20.4,
20140926,23.3,27,21.4,
20140927,23.8,28.1,21,
20140928,24.1,28.6,20.1,
20140929,24.7,28.4,22.2,
20140930,22.6,24.9,21,
20141001,22.8,26.4,21.2,
20141002,23.4,28,20.9,
20141003,21.7,25.1,17.9,
20141004,21.3,24.5,19,
20141005,20.7,25.7,17.9,
20141006,20.5,24.9,17,
20141007,20.2,25.2,17,
20141008,20.4,25.3,16.3,
20141009,21.9,25.6,19.4,
20141010,23.1,26.4,20.1,
20141011,22,23.9,21.1,
20141012,21.5,23.3,19.4,
20141013,21.2,25.2,18.4,
20141014,19.5,24,16.4,
20141015,18,22.6,14.3,
20141016,18.4,23.9,15.3,
20141017,17.9,22.7,14.6,
20141018,17.8,22.8,12.1,
20141019,21.4,25.2,16.7,
20141020,22.8,24.5,21.7,
20141021,22.2,23.6,21.4,
20141022,18.8,21.4,16.7,
20141023,17,21.9,13.1,
20141024,16.9,21.6,13,
20141025,17.7,22.1,13,
20141026,20.2,24.9,16.4,
20141027,18.5,23.2,14.5,
20141028,17.6,22.4,14.3,
20141029,18.1,20,14.9,
20141030,19.6,21.3,16.7,
20141031,20.5,21.6,17.8,
20141101,20.5,24.9,17.9,
20141102,16.5,20.7,13.6,
20141103,14.5,18.4,11.6,
20141104,14.1,18.8,9.7,
20141105,14.6,19.2,9.7,
20141106,16.8,21,13.3,
20141107,16.4,21.2,12.8,
20141108,14.8,16.3,14,
20141109,16.3,20.4,13.2,
20141110,15.2,19.8,12.2,
20141111,14.5,19.4,11.4,
20141112,14.6,17.5,11,
20141113,10.3,13.3,8.2,
20141114,11.5,15.9,8.2,
20141115,12.3,17.2,7.4,
20141116,13.8,15.9,11.6,
20141117,13.2,17.3,10.2,
20141118,11.8,16.7,7.9,
20141119,12.4,17.6,9.1,
20141120,13.8,18.8,9.5,
20141121,15.5,20.7,11.8,
20141122,16.9,21.8,11.5,
20141123,17.8,21.1,15.4,
20141124,18.7,22.8,15.8,
20141125,15.2,17.4,13.6,
20141126,13.5,16.8,11.1,
20141127,15.4,19.8,10,
20141128,17.2,21,15,
20141129,15.1,18.5,12.6,
20141130,16.8,19.4,14.3,
20141201,8.6,15.1,4.4,
20141202,5.4,8.7,3.1,
20141203,8,11.2,4.4,
20141204,6.2,8.7,3.5,
20141205,4.7,7.6,1.8,
20141206,6.1,9.5,2.8,
20141207,7.5,10.6,4,
20141208,9.8,13.8,6.1,
20141209,8.9,12.6,5.1,
20141210,12.8,16.8,10.1,
20141211,9.8,12.6,7,
20141212,7.1,9.2,5.4,
20141213,5.9,8.9,3.2,
20141214,7.7,11.3,5.7,
20141215,8.7,11.1,5.2,
20141216,5.7,12,1.4,
20141217,3.1,5.5,-0.1,
20141218,6.2,10,3,
20141219,8.7,12.5,4.2,
20141220,8.2,11.5,4.3,
20141221,4.1,7.1,1.1,
20141222,4.3,6.8,1,
20141223,8.7,12.8,3.3,
20141224,10.9,15.8,7.3,
20141225,7.2,11.1,4.9,
20141226,7,11,3.5,
20141227,7.9,12.3,4.2,
20141228,8.6,11.7,6.1,
20141229,10,13.9,8.1,
20141230,11.2,17,6.6,
20141231,9.3,14.3,3.4,2525
20150101,2.8,4.1,0,
20150102,5.4,8.7,3.1,2531
20150103,7.6,11.5,3.7,
20150104,11.9,16.3,8.6,
20150105,13.1,16.7,7.5,2437
20150106,11.7,16.6,6.8,2419
20150107,6.3,10,4,2404
20150108,7,11.9,3.6,2423
20150109,7.4,12.6,4.8,2402
20150110,8.7,13.1,5.6,
20150111,9.5,14,4.6,
20150112,6.6,11.7,3.3,2395
20150113,10.3,12.8,6.1,2390
20150114,9.7,10.7,8.5,2383
20150115,9.8,14,5.5,2458
20150116,8.1,11.1,5.3,2470
20150117,6.2,10.1,3.2,
20150118,7.7,10.6,3.6,
20150119,8.5,12.1,5.9,2479
20150120,7.8,11.1,4,2479
20150121,9.2,10.9,7.4,2479
20150122,8,12.1,4.5,2375
20150123,6.3,12.1,3,2373
20150124,7.9,12.3,3.8,
20150125,12.8,17.2,6.8,
20150126,12.9,16.3,11,2393
20150127,9.5,12.7,6.2,2406
20150128,7.3,10.8,4.8,2406
20150129,8.2,9.3,6.2,2380
20150130,6.3,9.8,3.4,2380
20150131,4.6,8.8,1.7,
20150201,6.8,10.4,2.4,
20150202,8.5,12.8,6.6,2402
20150203,8.2,12.8,4.9,2398
20150204,6.8,11.2,5.2,2382
20150205,5.1,8.2,2.4,2374
20150206,6.6,10.2,2,2366
20150207,8,10.9,6.3,
20150208,1.8,8.1,-0.8,
20150209,1.9,6.2,-0.2,2452
20150210,5.7,9.5,0.5,2452
20150211,7.9,11.7,4.5,2457
20150212,7.9,13.4,3.4,2430
20150213,5.5,10.9,0.9,2430
20150214,8.3,12.2,2.2,
20150215,12.7,14.9,11.3,
20150216,13.7,19.5,10,2426
20150217,8.5,14,6,2426
20150218,7.5,12,4.8,
20150219,6.6,10,2.3,
20150220,9.6,13.3,4.7,
20150221,11.6,14.1,10.1,
20150222,11.1,14.2,8.7,
20150223,9.8,14,7.2,2394
20150224,10.3,14.4,7.1,2394
20150225,10.8,12.7,8.5,2394
20150226,11.4,16.2,7.4,2394
20150227,6.2,8.2,3.8,2407
20150228,8,9.8,5.5,
20150301,8.3,12.5,5,
20150302,7.8,11.3,4.1,2407
20150303,9.5,11.7,7.1,2402
20150304,5.4,9.1,2.8,2499
20150305,6.6,10.3,2.7,2499
20150306,9.1,10.5,6.8,2499
20150307,10.5,13.9,8.7,
20150308,10.9,15.2,6.4,
20150309,9,15.4,2.2,2499
20150310,3.3,8.9,-0.3,2499
20150311,6.5,10.6,1.9,2482
20150312,8.8,12.7,5.5,2498
20150313,10.9,14,6.9,3388
20150314,11.4,15.3,7.9,
20150315,12,15.7,7.4,
20150316,14.5,19.4,10.4,3363
20150317,16.5,20.7,10.9,3464
20150318,15.1,17.6,12.2,3502
20150319,13.1,15.3,11.4,3502
20150320,14.1,18.9,11.2,3468
20150321,15.4,20.1,12.5,
20150322,15,18.8,11.1,
20150323,11.7,15.8,9.6,3447
20150324,10,14.2,7.2,3447
20150325,9.4,13.6,5,3500
20150326,9.7,15.1,4.1,3412
20150327,10.6,13.3,7.3,3536
20150328,13.7,17.5,11.2,
20150329,14,18.5,9.9,
20150330,15.2,17.6,12.1,3551
20150331,16.2,17.4,14.2,3494
20150401,14.9,16.8,13.3,3482
20150402,15.9,18.9,13,3482
20150403,14.5,18.2,12.6,3564
20150404,14.4,15.9,11.8,
20150405,14,17.3,12.7,
20150406,13.5,14.9,12.5,3562
20150407,12.7,15.3,11.3,3562
20150408,11.9,16,10.2,3562
20150409,12.5,16.5,9.4,3638
20150410,13.4,17.1,9.7,3638
20150411,14.6,18.6,9.3,
20150412,14.3,19,11.7,
20150413,12.1,16.5,8.7,
20150414,10,12.6,8.2,
20150415,14,17.3,9.5,
20150416,16.9,22.8,14.9,
20150417,14.6,19.7,10,
20150418,15.9,18.8,12.4,
20150419,16.1,18.4,14.4,
20150420,14.4,16.3,12.6,
20150421,14.8,18.2,12.6,
20150422,16.7,23.8,10.8,
20150423,15.9,19.9,12.1,
20150424,15.7,18.9,11.6,
20150425,17.8,22.6,13.2,
20150426,17.2,20.6,14,
20150427,18.7,22.5,13.8,
20150428,17.7,19.1,16.2,
20150429,16.6,18.6,15.8,
20150430,18,22,16.2,
20150501,17.8,23.1,14.8,
20150502,19.6,22.9,16.5,
20150503,18.4,22.8,16.9,
20150504,19.4,26.6,16.3,
20150505,16.7,19.6,13.2,
20150506,15.6,17.2,13.3,
20150507,18.1,22.2,13.2,
20150508,18.3,21.3,14.9,
20150509,18.3,22.4,14.3,
20150510,19,22.2,15.3,
20150511,18.2,20.3,16.8,
20150512,16.4,18.5,13.6,
20150513,19.8,22.3,16.5,
20150514,19.6,22.4,17.9,
20150515,18.9,24.2,17.2,
20150516,18.8,23.2,15.9,
20150517,18.8,25.8,13.3,
20150518,16.6,19.5,15.5,
20150519,17,20.6,15.5,
20150520,18.5,25.4,14.2,
20150521,18.7,23.7,14.5,
20150522,19.1,22.2,16.1,
20150523,19.9,23,17.8,
20150524,20.3,24.3,16.9,
20150525,20.8,24.4,16.7,
20150526,21.2,25,17.4,
20150527,20.9,23.6,18.2,
20150528,22,26.4,16.7,
20150529,22.9,26.5,20.5,
20150530,20.2,22.5,18.4,
20150531,20.7,24.7,18.1,
20150601,20,23.3,17.1,
20150602,21.2,22.7,18.9,
20150603,22.4,28,19.5,
20150604,21.9,26.2,17.8,
20150605,17.6,21.4,15.8,
20150606,18.7,22,14.7,
20150607,20.6,23.4,17.7,
20150608,20.4,21.3,19,
20150609,20.4,23.8,18.7,
20150610,21.6,24.9,18.4,
20150611,21.3,22.4,20.6,
20150612,22.3,26.4,19.7,
20150613,23.2,26.8,20.5,
20150614,21.9,25.5,20.2,
20150615,22.1,25,19.8,
20150616,20.4,22.1,19,
20150617,19.5,20.6,18.1,
20150618,22.2,24.9,20,
20150619,21.9,24.9,20.2,
20150620,21.2,23.8,18.7,
20150621,21.6,24.4,19.7,
20150622,20.1,21.3,18.6,
20150623,21.6,23.8,20.3,
20150624,21.4,23.7,20.1,
20150625,21.5,22.5,20.3,
20150626,23.6,31.5,21,
20150627,20.3,21.2,19.7,
20150628,21.7,24.5,19.1,
20150629,22,25.1,19.3,
20150630,22,23.7,20.1,
20150701,21.9,24.8,19.2,
20150702,20.7,24,17.9,
20150703,22.2,25,18.5,
20150704,21.9,24.3,20.5,
20150705,21,24,19.3,
20150706,21.3,24.6,18.9,
20150707,21.4,23.5,18.9,
20150708,24,25.4,22.7,
20150709,24.8,27.6,23.4,
20150710,25.3,29.4,22,
20150711,23.7,25.7,22.8,
20150712,23.2,24.8,21.9,
20150713,23.1,25.1,21.8,
20150714,24.4,27.7,20.9,
20150715,24.8,27.7,22.7,
20150716,24.4,28,21.2,
20150717,23,25.5,21.1,
20150718,23.1,25.6,21.7,
20150719,25.4,29.4,22.3,
20150720,25.5,29,23.5,
20150721,24.6,27.3,23.4,
20150722,24.1,24.6,23.5,
20150723,25.2,26.3,24.4,
20150724,25,25.6,24.3,
20150725,26.3,28.4,24.7,
20150726,27.1,30.2,25.2,
20150727,26.2,29.4,24.8,
20150728,26.7,29.8,25.4,
20150729,27.1,29.7,25.3,
20150730,26.8,30.1,25.2,
20150731,27.1,30,25.2,
20150801,27,29.6,24.7,
20150802,27.2,29.6,25.1,
20150803,27.5,30.5,25,
20150804,27.8,31,25.8,
20150805,28.1,30.9,25.9,
20150806,28.3,30.8,25.4,
20150807,28.9,31.4,27.3,
20150808,28.4,31.2,26.8,
20150809,27.8,30.7,25.1,
20150810,27.1,29.8,24.8,
20150811,26.9,29.2,23.5,
20150812,25.8,29.2,23.6,
20150813,26.6,30.1,23.4,
20150814,25.5,28.1,22.7,
20150815,26,28.8,23.2,
20150816,25.9,27.9,24.1,
20150817,26.1,28.9,23.3,
20150818,26.7,30.3,24.8,
20150819,27,29.9,25,
20150820,26.6,28.6,25.2,
20150821,26.6,30.5,24.7,
20150822,25.3,26.7,24.1,
20150823,25.7,28.7,23.2,
20150824,24.1,25.9,21.6,
20150825,23.8,27.2,21.5,
20150826,25.1,28.9,22.1,
20150827,24.3,27.2,20.2,
20150828,24.7,27.4,22.5,
20150829,24,27,22.1,
20150830,24.1,26.6,21.4,
20150831,24.2,27.3,21.4,
20150901,24.7,27.7,22.6,
20150902,24.6,27.3,21.7,
20150903,24.6,27.4,22.4,
20150904,24.6,27.6,21.7,
20150905,22.7,24.6,20.8,
20150906,23.9,28.2,21.6,
20150907,22.7,25.7,21.4,
20150908,22.4,25.1,20.6,
20150909,22.4,26.6,19.6,
20150910,22.3,26.5,18.9,
20150911,23.7,28.6,19.6,
20150912,21.3,23.4,18.9,
20150913,21.4,25.5,17.7,
20150914,22.2,25.5,18.1,
20150915,22.5,25.5,20.4,
20150916,20.6,22,18.8,
20150917,22.6,26.5,19.3,
20150918,22.3,25.9,19.8,
20150919,21.6,25.1,18.4,
20150920,21.9,25,18.4,
20150921,22.6,25.6,19.8,
20150922,23.1,25.9,20.6,
20150923,21.6,23,20.1,
20150924,23.2,26.2,21.1,
20150925,23.4,26.2,21,
20150926,23.2,27.2,19.6,
20150927,23.5,26.9,20.2,
20150928,24.4,27.3,22.3,
20150929,23.5,26.8,21.9,
20150930,19.9,22.1,17.5,
20151001,22.5,24.7,18.8,
20151002,18.4,21.9,15.5,
20151003,19.9,24.1,15.2,
20151004,21.3,25.4,18.2,
20151005,20.1,23.6,16.9,
20151006,20.3,25.2,15.2,
20151007,21.2,24.8,16.4,
20151008,20.1,23,17.4,
20151009,19.5,24.1,15.7,
20151010,18.3,22,13.7,
20151011,16.9,20.4,15,
20151012,18,21.3,15,
20151013,18.7,23.6,15.7,
20151014,19,23.5,14.3,
20151015,19,22.9,15.6,
20151016,18.9,22.8,15,3839
20151017,19.8,24.2,15.6,
20151018,18.6,22.6,15.1,
20151019,19.4,23.9,15.1,3771
20151020,20.2,25.5,14.9,3713
20151021,20.6,24.9,17.7,3669
20151022,20.5,23.4,17.3,3306
20151023,19.5,23.2,17.1,3292
20151024,19.5,23.2,15.1,
20151025,18.6,22.1,16.3,
20151026,18.6,21.7,16,3264
20151027,18.1,22.1,13.6,3211
20151028,16.1,20.6,12.1,3187
20151029,16.3,19.1,12.8,2946
20151030,15.5,18.9,11.8,2935
20151031,13.5,17,10.7,
20151101,12.8,14.9,10.9,
20151102,14.5,20.3,10.5,2739
20151103,15.4,19.4,11.5,2653
20151104,17.6,21.2,14,2608
20151105,19.2,21.2,17,2333
20151106,19.7,22.6,17.9,2294
20151107,19.9,20.9,18.4,
20151108,19.8,22,17.7,
20151109,17,19.4,13.7,2320
20151110,14.3,17.4,12,2285
20151111,16.2,19.3,12.2,2271
20151112,17.4,19.8,15.6,2101
20151113,17.6,18.9,15.8,2100
20151114,17.3,19.1,14.6,
20151115,16.7,20.4,13.8,
20151116,17.5,20.3,13.9,2095
20151117,17.7,20.8,15.8,2105
20151118,16.5,18.7,14.1,2108
20151119,15.3,16.5,14,2346
20151120,16.3,19.3,14.2,2347
20151121,16.2,18.8,14.4,
20151122,17,20.3,13.6,
20151123,16.6,17.9,15.1,2374
20151124,15.5,17.7,13.1,2376
20151125,11.3,15.1,6.3,2384
20151126,5,8.1,2.1,2261
20151127,7.1,9.6,2.5,2227
20151128,9.9,13.8,7.2,
20151129,11.4,14.6,8.3,
20151130,12.3,17.3,8.3,2242
20151201,12.3,15.6,9.4,2190
20151202,13.6,18.1,9.5,2212
20151203,7.7,10.4,4.9,2144
20151204,7.8,10,6.1,
20151205,9,11.3,4.5,
20151206,9.6,11.4,7.7,
20151207,10.2,14.6,6.4,2142
20151208,10.7,14.5,6.9,2142
20151209,14.2,17.6,9.1,2142
20151210,15.6,16.7,14.3,2117
20151211,13.1,15.5,11.4,2112
20151212,12.3,14.6,10.7,
20151213,13.7,16.2,12.2,
20151214,12.9,13.7,12.2,2151
20151215,11.3,15.1,7.2,2165
20151216,5.5,8.7,1,2165
20151217,3.8,6.2,1.4,2154
20151218,6,10,3.1,2174
20151219,6.8,11.4,3.2,
20151220,9.8,11.8,6,
20151221,12.3,15.4,10.2,2160
20151222,13.3,16.4,9.2,2164
20151223,13.7,15.5,11.9,2146
20151224,11.7,16.7,9.3,2145
20151225,8.1,12,5.4,
20151226,9.7,13.5,5.8,
20151227,8.3,12.1,5.1,
20151228,6.4,9,3.5,2094
20151229,6.6,10.1,3.4,2109
20151230,7.3,10.9,3.6,2073
20151231,9,12.1,6.6,2132
20160101,8.9,11.7,6.1,
20160102,12,14.7,9.2,
20160103,12.4,16.7,9,
20160104,12.2,16.1,8.3,2156
20160105,8.6,11.8,6.7,2169
20160106,9.2,12.5,6.9,2195
20160107,6.4,8.8,4.9,2203
20160108,5.3,8,2.9,2212
20160109,5.1,9.7,1.6,
20160110,7,11,3.3,
20160111,8.6,12.1,6.4,2212
20160112,5.4,8.2,3.6,2187
20160113,3.9,6.1,1.8,2204
20160114,5.5,8.9,3.7,2130
20160115,6.6,11,4,2126
20160116,7.7,12,3.2,
20160117,9.3,10.2,8.1,
20160118,3.3,8.3,-1.5,2178
20160119,0.2,2.8,-1.8,2172
20160120,3.6,6.5,0.7,2176
20160121,4.3,6.4,2.5,2216
20160122,4.7,7.7,1.6,2240
20160123,0.6,5.1,-5.1,
20160124,-3.9,-1.5,-6.4,
20160125,0.7,2.7,-2.5,2253
20160126,4.4,6.7,2.3,2260
20160127,6.2,9.3,2.7,2285
20160128,9.7,13.3,5.9,2328
20160129,9.2,10.3,8.1,2334
20160130,8.3,10.4,6.5,
20160131,7.2,11.4,4,
20160201,5.4,7.8,3,2373
20160202,4.3,7.3,2.1,2455
20160203,4.5,8.9,1.5,2471
20160204,6.5,10.6,2.6,2593
20160205,7.2,11.6,4,2603
20160206,4.2,6.9,1.9,
20160207,4.5,8.1,1.1,
20160208,7.3,11.1,3.6,
20160209,9.8,14.2,4.6,
20160210,9.8,13.1,4.8,
20160211,14.9,16.7,11.8,2697
20160212,15.8,16.5,14.7,2697
20160213,14.7,17.5,9.3,
20160214,5.3,10,1.5,
20160215,1.1,3.9,-0.7,2767
20160216,4.7,8,1.2,2809
20160217,6.4,9.6,4.1,2930
20160218,7.2,11,3.3,3141
20160219,9.2,11.6,7,3239
20160220,7.9,13.6,4,
20160221,6.2,10.2,1.9,
20160222,6.8,9.3,5.6,3265
20160223,8.6,13.2,6.1,3319
20160224,3.9,8,1.7,3353
20160225,3.8,7.4,1,3271
20160226,7.6,11.3,2.2,3271
20160227,11.4,13.6,9.5,
20160228,11.5,15.3,7.7,
20160229,3,8.5,0.6,3172
20160301,4.1,9.1,-0.5,
20160302,7.1,11.5,1.9,3249
20160303,12,14.8,7.3,3249
20160304,16.4,17.9,14.7,3234
20160305,16.2,17.5,14.5,
20160306,14.1,16.5,12.2,
20160307,14.3,17.5,10.1,3234
20160308,11.8,15.4,7.3,3255
20160309,8.6,12,7.1,3255
20160310,7.4,10.3,4.7,3281
20160311,5.5,9.7,2.6,3281
20160312,5.8,9.9,1.3,
20160313,7.9,9.2,6.8,
20160314,8.6,13,4.4,3281
20160315,9.2,12.9,4.3,3281
20160316,11.2,14.9,8,3281
20160317,13.8,17.7,8.8,3226
20160318,14.1,15.7,13.6,3226
20160319,15.3,19.6,11.9,
20160320,12.5,16.3,9.3,
20160321,11.6,15,8.1,
20160322,11.4,16.2,7,
20160323,11.9,16.4,7.7,
20160324,10,15.1,5.6,
20160325,9.9,13.5,6.7,
20160326,8.6,13.8,5.6,
20160327,9.3,13,4.1,
20160328,11.9,17.7,5.6,
20160329,13.8,15.8,11.2,
20160330,14.4,17.6,12.7,
20160331,14,15.7,12.8,
20160401,15.3,20.7,10.8,
20160402,15.9,18.3,11.9,
20160403,16.4,18.2,15.2,
20160404,13.9,16.9,12.7,
20160405,14.1,17.1,11.2,
20160406,14.9,17.7,11.8,
20160407,16,19.9,13.4,
20160408,15.6,19.9,13.2,
20160409,15.5,19.7,12.6,
20160410,16,19.8,13.4,
20160411,14.7,18,12.8,
20160412,15.4,17.6,11.9,
20160413,17,22,15.5,
20160414,16.9,22.5,12.9,
20160415,16.7,20,13.6,
20160416,17.5,18.8,14.7,
20160417,15.1,20.7,11.5,
20160418,14.3,18.7,11.7,
20160419,14.9,20.1,11.8,
20160420,16.1,19.5,11.2,
20160421,17,22.4,14.1,
20160422,15.5,19.1,12.9,
20160423,15.4,17.7,14,
20160424,16.7,21.8,13.6,
20160425,18.8,22.7,14.1,
20160426,17.9,21.5,15.3,
20160427,14.8,16.3,13.4,
20160428,14.3,15.9,12.3,
20160429,15,18.2,11.4,
20160430,16.2,20,11.7,
20160501,18.5,21.6,15.4,
20160502,19,20.5,17.6,
20160503,16.7,18.2,14.2,
20160504,18,22,14.9,
20160505,18.1,21.6,15.2,
20160506,17.5,20,15.9,
20160507,18,20.8,16.2,
20160508,17.9,23.1,13.9,
20160509,16.2,18.8,15.1,
20160510,15.8,17.1,14.4,
20160511,15.6,20.1,13.4,
20160512,17.1,20.6,12.6,
20160513,17.1,20.3,13.4,
20160514,18.2,21.1,16.2,
20160515,20.1,22,16.2,
20160516,17.5,22.6,14.1,
20160517,19.2,25.1,12.6,
20160518,20.5,25.2,15.2,
20160519,19.9,23.5,17.3,
20160520,21.8,26.1,15.7,
20160521,21.2,24.1,18.8,
20160522,20.8,22.9,19.2,
20160523,22.2,25.3,19,
20160524,19.6,21.8,17.7,
20160525,19.4,22.6,17.1,
20160526,20.1,23.2,17.3,
20160527,19,22.2,17.4,
20160528,18.7,22.6,16.6,
20160529,17.7,18.7,17.2,
20160530,21.7,26.2,16.2,
20160531,21.6,24.9,17.7,
20160601,20.8,23.2,18.4,
20160602,21.4,25.1,17.5,
20160603,22.2,24.7,20.1,
20160604,17.7,21.7,15.7,
20160605,20,23.2,17.3,
20160606,20.8,23.1,18.7,
20160607,20.5,22.8,19.1,
20160608,20.3,22,18.5,
20160609,20.4,23.2,18.7,
20160610,21.7,24.5,18.7,
20160611,23.3,23.9,21.7,
20160612,22.5,23.6,21.2,
20160613,22.3,24.7,20.4,
20160614,21.7,24.4,19.8,
20160615,22.5,24.3,19.3,
20160616,22.5,25.8,19.6,
20160617,21.2,24.4,17.7,
20160618,22,23.9,19.3,
20160619,23.1,25.8,21.7,
20160620,23.1,26.1,21.4,
20160621,22.8,26.9,20,
20160622,22.9,23.8,21.9,
20160623,22.9,25.4,20.6,
20160624,24.2,29.8,22.5,
20160625,21.7,23.3,20.5,
20160626,22.6,28.1,19.7,
20160627,18.8,21.7,16.9,
20160628,19.9,21.2,17.3,
20160629,22.1,23.4,20.8,
20160630,23.2,25.6,21.2,
20160701,23.6,24.7,22.7,
20160702,22.3,23.8,20.7,
20160703,23.2,25,20.7,
20160704,24.8,26.7,23.1,
20160705,25.2,26.5,24.2,
20160706,26.1,29,24.6,
20160707,26.1,28.6,22.9,
20160708,26.3,29.6,24,
20160709,24.9,28.9,22.4,
20160710,23.7,25.4,22.9,
20160711,23.7,24.6,22,
20160712,24.8,25.5,23,
20160713,25.2,27.1,24.2,
20160714,24.8,28.4,22.9,
20160715,24.2,27.1,22,
20160716,25.1,29.8,22.7,
20160717,24.4,27.1,21.8,
20160718,24.7,26.6,22.9,
20160719,26.1,28.7,24,
20160720,26.2,28.8,24.8,
20160721,25.7,27.3,24.8,
20160722,25.8,26.8,25.4,
20160723,26.8,29,25.1,
20160724,28,30.3,26,
20160725,28.2,31.1,26.1,
20160726,28.4,31.1,26,
20160727,28.3,31.2,26.4,
20160728,28.3,30.4,27,
20160729,29,31.5,27.3,
20160730,28.3,30.8,26.4,
20160731,27.9,30.2,25.6,
20160801,28.2,31.8,25.7,
20160802,27.9,30.3,26.5,
20160803,26.7,27.9,24.2,
20160804,26.6,29.5,23.5,
20160805,28.1,30.9,25.2,
20160806,28.2,31.2,25.3,
20160807,27.8,30.7,25,
20160808,28.5,31.1,26.5,
20160809,29.2,31.8,26.6,
20160810,28.9,31,27,
20160811,28.6,31.3,25.8,
20160812,28.9,31.4,25.9,
20160813,29.2,32.2,25.7,
20160814,29.2,32,25.7,
20160815,29.1,32.3,26.5,
20160816,29.1,32,27.2,
20160817,28.2,31.7,25.2,
20160818,29,32,26.6,
20160819,28.8,31.8,26.2,
20160820,28.5,32.3,25.9,
20160821,28.9,32.5,26.3,
20160822,29.3,33.2,27,
20160823,28.5,31.9,25.4,
20160824,28.4,32,26.2,
20160825,28.6,32.3,26.4,
20160826,27.7,31.7,25,
20160827,24.1,25.1,22,
20160828,23.2,26.6,21,
20160829,24.4,27.9,21.1,
20160830,24,27.1,21.5,
20160831,24.1,27.2,20.9,
20160901,24.5,28.6,21.1,
20160902,22.6,24.2,21.2,
20160903,24.7,27.7,22.1,
20160904,26.3,29.1,22.9,
20160905,25.9,28,24.4,
20160906,24.8,26.2,23,
20160907,24,26.7,22.8,
20160908,24.3,28,21.2,
20160909,24.5,28.3,21,
20160910,24.2,27.5,21.4,
20160911,24.8,27.3,22.7,
20160912,22.5,26,19.1,
20160913,24.3,28.2,20.4,
20160914,24.1,27.9,22.8,
20160915,23.7,27.2,20.9,
20160916,24.5,25.9,21.2,
20160917,24.8,26.2,23.8,
20160918,23.7,26.1,21.7,
20160919,21.6,22.5,20.6,
20160920,22,25.3,20.2,
20160921,21.8,24.8,19.7,
20160922,21.9,24.8,19.2,
20160923,21.9,24.9,18.6,
20160924,22.6,26.4,18.5,
20160925,24.2,27.4,21,
20160926,25,26.9,23.5,
20160927,25.5,27.8,23.9,
20160928,23.7,24.9,22.8,
20160929,21.7,23.4,20.5,
20160930,22.1,24.8,20.5,
20161001,23.4,25.4,21.8,
20161002,25.1,27,23.5,
20161003,25.5,28.2,23.5,
20161004,24.6,26.9,22.1,
20161005,23.9,30,20.3,
20161006,22.7,25.6,20,
20161007,22.7,24.3,21,
20161008,21.8,24.4,18.2,
20161009,18.2,22,15.2,
20161010,18.8,22,15.4,
20161011,19,21.5,17.1,4207
20161012,19.6,23.1,17.3,4311
20161013,19.5,21.8,17.6,4032
20161014,20.7,24.1,18.5,4017
20161015,20.5,22.4,18.7,
20161016,21.4,22.9,19.9,
20161017,21.6,24.9,19.3,3895
20161018,20.8,24,17.3,3833
20161019,20.7,23.8,19.3,3802
20161020,19.9,21.8,17.7,3697
20161021,19.1,20.8,18.1,3632
20161022,19.3,20.8,18.3,
20161023,18.8,22.4,17.2,
20161024,18.8,20.9,16.9,3544
20161025,20.2,25.3,17.8,3475
20161026,18.1,21.7,15.4,3412
20161027,19.7,22.1,17.3,3056
20161028,19.5,23,17.5,3048
20161029,16.9,19.4,14.7,
20161030,16,19.5,13.4,
20161031,15.9,18.5,13.2,3054
20161101,12,14.8,9.1,2999
20161102,12.2,16,8.4,2999
20161103,13.7,18.5,10.1,2846
20161104,14.2,18.2,10.3,2821
20161105,16.9,20.7,13.2,
20161106,17.7,22,13.1,
20161107,17.7,20.7,16.2,2796
20161108,15,17.1,11.4,2781
20161109,12.6,15.6,9.7,2761
20161110,13.2,15.9,11,2737
20161111,14.3,18.4,11.5,2746
20161112,16.1,20.6,10.2,
20161113,17.9,21.4,16.5,
20161114,19.3,22.9,16.2,2758
20161115,16.7,20.4,11.9,2758
20161116,14.6,18.9,10.8,2743
20161117,16.3,19.7,12.5,2635
20161118,18.9,21,16.4,2632
20161119,19.5,24.1,17.3,
20161120,18.8,20.6,16.8,
20161121,17.8,19.3,15.6,2635
20161122,15.4,19,11.4,2629
20161123,11.2,13.9,9.8,2647
20161124,8,10.4,5.9,2722
20161125,10.3,13,7.4,2712
20161126,11.4,13.5,9,
20161127,12.1,15.1,9,
20161128,10.3,13.8,7.1,2712
20161129,11.9,15.6,8.1,2712
20161130,13.3,16.9,11.6,2736
20161201,12.5,15.6,8.9,2620
20161202,10.4,14.4,6.2,
20161203,12.3,16.8,7.9,
20161204,12.3,14.7,9.9,
20161205,13.6,17.2,10.2,2564
20161206,9.8,12.4,7,2557
20161207,9.8,13.8,6.7,2546
20161208,11.4,15,6.7,2620
20161209,12.2,15.6,8.2,2644
20161210,10.3,14.5,7.6,
20161211,9.7,12.7,6.7,
20161212,14,16.6,10.3,2660
20161213,14.1,17,12.2,2686
20161214,7.8,12.6,5.2,2677
20161215,5,7.3,2.9,2694
20161216,6.1,8.8,2.3,2701
20161217,7.6,12.4,4.4,
20161218,12.9,16.3,6.5,
20161219,16.4,18.3,14.5,2714
20161220,14.6,18,11.4,2715
20161221,18.1,19.8,15.6,2715
20161222,10.8,19.1,7.7,2737
20161223,7.1,8.6,5.2,2739
20161224,7.7,10.7,3.9,
20161225,11.1,14,7.4,
20161226,13.9,16.6,11.8,2739
20161227,6,12.6,2.8,2764
20161228,5.9,9.9,1.6,2771
20161229,6.5,9.6,4.5,2796
20161230,6.8,10.3,4.2,2798
20161231,7.1,10.6,4.3,
20170101,9.9,12.7,6.2,
20170102,11.8,15.1,9.9,2803
20170103,11.2,15.5,8,2829
20170104,11.1,15.5,6.8,2851
20170105,11.7,14.5,9.1,2973
20170106,11.2,13.8,9.4,2974
20170107,11.8,13.6,10.6,
20170108,11.7,14.3,10.1,
20170109,8.5,11.2,6.6,3004
20170110,6.9,10.5,4.2,3032
20170111,5.5,8.7,3.7,3046
20170112,6.7,10,3.4,3047
20170113,5.7,10.3,2.2,3053
20170114,3.9,7.3,1.5,
20170115,3.5,7.8,0.2,
20170116,4.5,8.7,1.3,3048
20170117,6.7,10.7,2.6,3100
20170118,8.1,11.2,5.2,3100
20170119,7.8,10.8,5.6,3115
20170120,3,6.2,0.2,3110
20170121,4.4,8.5,0.6,
20170122,3.4,5.4,1,
20170123,2.4,6.2,0,3078
20170124,3.8,7.6,0.4,3095
20170125,5.7,9.6,2.6,3093
20170126,6.8,11.6,2.7,3236
20170127,8.7,12.3,4.8,
20170128,9.2,12.3,5.2,
20170129,13.9,17.8,10.2,
20170130,6.8,13.3,1.9,
20170131,5.4,8.3,1.5,3268
20170201,6.7,10,3.9,3270
20170202,7.6,12.5,3.1,3290
20170203,10,13.3,5.7,3291
20170204,11,12.6,9.1,
20170205,9.4,12.6,6.1,
20170206,6.5,10.2,4.4,3334
20170207,8.1,12.6,4.4,3448
20170208,7.6,10.7,4.2,3536
20170209,2.2,4.9,-0.7,3619
20170210,0.8,4.2,-1.6,3644
20170211,2.2,5.4,-0.9,
20170212,4.3,8.8,0.1,
20170213,6.9,12.2,1.6,3717
20170214,8.6,12,5.5,3762
20170215,9,14.1,4.3,3806
20170216,13.1,16.2,7.1,5160
20170217,13.6,17.1,8.8,5214
20170218,7.6,11.6,3.3,
20170219,9.7,14.6,2.3,
20170220,11.2,15.4,5.2,5311
20170221,8.1,11.9,3.8,5349
20170222,11.5,15.5,8.4,5330
20170223,6.8,10,3.4,5528
20170224,5.9,9.2,2.8,5501
20170225,7.1,11.9,2.6,
20170226,8.4,12.8,5.4,
20170227,8.6,12.6,4.6,5494
20170228,9.4,14.1,4.3,5528
20170301,10.5,15.4,7.1,
20170302,5.7,7.9,3.9,5607
20170303,8.4,13.1,3.4,5804
20170304,10.1,13.9,6.9,
20170305,10.6,13.6,7.5,
20170306,8.7,12.1,5,5748
20170307,5.2,9.7,2,5935
20170308,5.2,8.3,2,5959
20170309,8.8,13.1,5,6149
20170310,11.3,16.6,7.2,6166
20170311,11.3,16,6.4,
20170312,12.7,16.3,8.6,
20170313,11,13,8.6,6236
20170314,11.1,15.3,7.7,6285
20170315,9.3,12.6,5.7,6285
20170316,10,13.8,6.2,6285
20170317,10.6,15.3,5.8,6366
20170318,10.6,13.2,8,
20170319,12.9,17.6,7.1,
20170320,12.1,13.6,11,6270
20170321,11.9,15.9,9,6145
20170322,10.9,13.3,7.2,6383
20170323,10.5,13.6,7.6,
20170324,11.8,15.1,7.6,
20170325,9.9,12.6,8.1,
20170326,8.8,12.8,6,
20170327,9.5,13.6,6.4,
20170328,11.3,15,5.5,
20170329,13.4,16.6,10.5,
20170330,13.4,16.8,10,
20170331,10.7,13.4,8.9,
20170401,11,15.5,7.9,
20170402,11.9,15.5,7.5,
20170403,12.8,17.6,7.5,
20170404,14.4,17.5,9.9,
20170405,16.3,17.5,15.5,
20170406,15.4,16.1,14.4,
20170407,15.7,17.3,14.1,
20170408,16.6,20.9,14.8,
20170409,15.3,17.9,14,
20170410,13.7,14.9,13.1,
20170411,15.1,19.8,12.5,
20170412,15.8,20,12.1,
20170413,15.5,22,10.6,
20170414,17.4,20.5,13.8,
20170415,17.3,20.4,14.7,
20170416,17,21.3,12.8,
20170417,16.9,18.9,14.9,
20170418,15.5,19.7,12.1,
20170419,15.8,20.7,12,
20170420,15.6,17.5,12.7,
20170421,15.3,16.3,14,
20170422,14.2,17.9,11.7,
20170423,14.4,18.4,10.5,
20170424,16.7,20.6,11.2,
20170425,19,21.3,16.8,
20170426,16.4,19.7,14.9,
20170427,15.4,19,11.8,
20170428,16.9,21.5,12,
20170429,17.8,21.6,14.3,
20170430,20,24.1,16.5,
20170501,17.4,21.3,15.3,
20170502,17.7,20.7,16.3,
20170503,20,23.3,16.3,
20170504,19.9,23,17.5,
20170505,17.9,19.5,16.1,
20170506,19.1,22.5,17,
20170507,19.9,27.5,14.9,
20170508,17.4,20.9,14.3,
20170509,15,17.7,13.1,
20170510,16.4,21.6,13.9,
20170511,20.4,25,15.4,
20170512,18.1,21.2,15.2,
20170513,17.6,21.3,15,
20170514,18.2,21.1,15.3,
20170515,17.9,20.6,15.6,
20170516,18.2,21.5,15.3,
20170517,19.4,25,15.4,
20170518,19.8,23.5,15.4,
20170519,19.9,23.6,16.2,
20170520,20.1,24.1,16.7,
20170521,21.4,24.6,18.9,
20170522,20.8,23.9,17.5,
20170523,20.6,23.1,18,
20170524,20,21.6,18.6,
20170525,21.2,26.1,17.4,
20170526,19.1,23.9,15.6,
20170527,17.6,21.7,13.2,
20170528,19.2,22.7,15.8,
20170529,22,27,17.8,
20170530,21.8,27.1,18.1,
20170531,21.6,23,20.7,
20170601,22.8,28.2,19.8,
20170602,22,25.5,19.1,
20170603,21,23.6,18.2,
20170604,21.5,26.4,17.5,
20170605,21.9,26,18.3,
20170606,20,21,18.2,
20170607,20.9,25.1,18,
20170608,20.6,24.8,16.4,
20170609,21.2,23.5,17.9,
20170610,21.6,23.6,20.3,
20170611,21.9,25.7,19.8,
20170612,20.7,23.2,18.9,
20170613,20.1,23.1,17.8,
20170614,20.4,23.9,16.3,
20170615,22.8,28.6,17.3,
20170616,22.4,25.2,20.3,
20170617,23.1,26,20,
20170618,22.8,25.6,19,
20170619,23.4,25.8,19.8,
20170620,22,24.1,20.2,
20170621,22.7,27.1,19.9,
20170622,22.7,26,20.4,
20170623,23.2,25.7,21.2,
20170624,22.7,24.6,21.7,
20170625,23,25.4,21.4,
20170626,23.4,25,21.9,
20170627,23.2,25.5,21.4,
20170628,23.3,25.6,21.5,
20170629,22.4,23.8,21,
20170630,24.6,26.5,23.2,
20170701,25.9,28.8,23.8,
20170702,26.1,27.5,25.1,
20170703,26.2,28.3,25.3,
20170704,26.3,29.3,24.7,
20170705,26.8,28.8,25.1,
20170706,26.6,28.4,25.7,
20170707,26.8,28.5,25.7,
20170708,26.1,27.8,23.4,
20170709,27.1,30,24.6,
20170710,26.5,27.1,25.5,
20170711,24.8,26.5,23.4,
20170712,26.1,28.8,23.1,
20170713,27.2,30.6,24.4,
20170714,28.2,30.7,26.7,
20170715,28.3,31.1,27.1,
20170716,28.4,31.1,27.1,
20170717,28.3,30.2,27.3,
20170718,26.9,28.2,25.4,
20170719,27.6,30.4,24.9,
20170720,29.2,32.2,26.3,
20170721,29,31.5,27.2,
20170722,28.9,31.7,27.1,
20170723,28.5,30.8,27.3,
20170724,29.1,32.8,26.9,
20170725,30.1,35.8,27.4,
20170726,26.6,28.7,25.4,
20170727,27.7,30.6,25.6,
20170728,28.3,30.3,25.9,
20170729,28.9,31.6,26.6,
20170730,28.8,31.3,26.7,
20170731,27.6,32.1,26.3,
20170801,29.6,32.1,26.5,
20170802,29.1,32.1,27.4,
20170803,29,31.6,26.5,
20170804,30.3,33.3,27.6,
20170805,31,35.3,28.5,
20170806,31,34.5,28.5,
20170807,30.6,35.1,27.7,
20170808,28.5,32.6,25.5,
20170809,27.8,31,25.6,
20170810,27.8,30.7,26,
20170811,28.3,31.6,25.4,
20170812,28,31,25,
20170813,26.8,29.7,25.3,
20170814,27.6,30.6,24.4,
20170815,28.2,31.4,26.3,
20170816,27.8,31.8,25.3,
20170817,27.1,30.7,23.9,
20170818,27.2,30.3,24.6,
20170819,26.2,30.8,23.6,
20170820,26.7,29.1,23.4,
20170821,28.3,31.3,26.4,
20170822,29.2,31.7,27.3,
20170823,29.6,32,28.1,
20170824,28.9,31.9,26.8,
20170825,28.2,30.6,26.8,
20170826,27.7,31.6,24,
20170827,26.3,29.3,22.7,
20170828,27.7,30.5,24.3,
20170829,27.9,30.2,25.9,
20170830,26.5,30.5,24.2,
20170831,26.1,29.3,23.5,
20170901,25.2,28.9,23.4,
20170902,23.8,27.1,22,
20170903,24.6,27.6,22.3,
20170904,24.8,27.6,22.5,
20170905,25,27.1,22.2,
20170906,27.3,30,25.2,
20170907,23.8,26.9,21.5,
20170908,24.1,28.1,20.3,
20170909,24.7,28.6,20.9,
20170910,26,28.6,23.1,
20170911,26.7,29.3,24.4,
20170912,25.1,28.5,22.6,
20170913,25.3,30.2,20.3,
20170914,23.9,27.6,22,
20170915,23.3,24.9,22.6,
20170916,23,24.1,21.5,
20170917,25.8,29.9,22.8,
20170918,24.4,27.6,21.4,
20170919,24,26.8,21.9,
20170920,23.6,26.9,22.2,
20170921,22.5,25,20.4,
20170922,23.5,26.1,21.5,
20170923,22.2,25.3,19.8,
20170924,23.3,26.9,19.3,
20170925,24.4,26.8,22.4,
20170926,24.6,27.6,23.5,
20170927,24.6,28.4,22.6,
20170928,23.9,28.1,20.7,
20170929,21.3,24.6,18.3,
20170930,22.6,25.9,18.7,
20171001,22,23.6,19.3,
20171002,23.8,27.1,22,
20171003,23.7,27.5,21.4,
20171004,22.2,25.5,19.4,
20171005,19.8,22.2,16.8,
20171006,21.4,24.7,16.9,
20171007,22.2,25.3,20,
20171008,23.3,26.8,19.6,
20171009,23.7,26.4,20,
20171010,24.1,26.9,21.7,
20171011,23.4,26.1,21.8,
20171012,19.8,22.3,18.2,
20171013,19.5,22.7,17.1,
20171014,18.6,19.9,17.1,
20171015,17.8,18.9,15.8,
20171016,18,20,16.6,4308
20171017,19.9,22.2,17.5,4271
20171018,19.6,21.6,18.5,4259
20171019,19,21.9,16.8,4148
20171020,18.9,23,14.2,4191
20171021,19.7,22.3,17.9,
20171022,20.3,24.4,17.7,
20171023,17.4,20.2,15.5,4175
20171024,16.9,21.4,14.4,4111
20171025,16.5,21.5,13.3,4044
20171026,16.9,21.4,11.7,3757
20171027,18.7,22.4,14.7,3698
20171028,19.6,21,18.2,
20171029,18.1,23.8,12.5,
20171030,14.6,18.4,11.4,3646
20171031,15.2,19.1,11.4,3573
20171101,15.5,19.6,12.8,3568
20171102,16.2,20.2,12.9,3533
20171103,17.1,22.3,12.8,3476
20171104,12.4,15.8,9.3,
20171105,13.4,17.7,8.8,
20171106,16.6,20.6,11.9,3396
20171107,20.2,22.5,16.5,3377
20171108,19,22.3,14,3355
20171109,16.6,20.5,11.8,3151
20171110,18.5,21.6,15.9,3064
20171111,13.5,16.5,10.6,
20171112,12.5,16.2,9.7,
20171113,15.3,18.8,10.9,3008
20171114,16.1,20.2,13.2,3000
20171115,12.2,16.7,8.6,3000
20171116,10.8,14.9,7.9,2824
20171117,13.1,15.9,8.8,2824
20171118,10.1,14.7,5.2,
20171119,8.4,11.5,5.4,
20171120,10.2,14.8,7.5,2818
20171121,10.5,14.1,6.7,2814
20171122,12.6,16,10.7,2780
20171123,9,12.1,7,2883
20171124,10,13,7.4,2876
20171125,12.2,15.1,7.9,
20171126,14.3,17.3,10.5,
20171127,12.2,15.5,9.4,2887
20171128,16.1,18.4,10.7,2875
20171129,15.6,18.1,13.6,2875
20171130,12.7,15.8,8.1,2775
20171201,7.6,11,5.1,
20171202,7.5,11.1,3.8,
20171203,10.4,14.1,5.8,
20171204,9.3,14.9,5.1,2715
20171205,5.4,8.4,2.9,2721
20171206,7.7,11.3,4.5,2712
20171207,9.6,13.7,7,2775
20171208,5.4,8.4,4.3,2774
20171209,8,11.7,4.5,
20171210,10.9,14.1,7.5,
20171211,5.5,8.6,3.6,2789
20171212,3.5,6,2.5,2789
20171213,5,8.6,2.1,2789
20171214,5.5,7.8,2.9,2854
20171215,9.1,12.7,5.1,2830
20171216,5.2,8.7,0.5,
20171217,3.4,6.4,0.5,
20171218,6.3,8.7,3.3,2834
20171219,7,10,4.5,2827
20171220,5.8,10.2,3.4,2861
20171221,6.5,10.9,2.5,2916
20171222,8.4,12.7,4.3,2927
20171223,11.6,14.9,7.7,
20171224,11.7,16.3,6.9,
20171225,6,9.1,4,
20171226,6.3,11,3.5,2943
20171227,5,8.3,2.8,2939
20171228,7.4,10.3,4.1,3083
20171229,9,12.7,4.8,3107
20171230,10.4,14.2,7.6,
20171231,7.1,10,4.3,
20180101,6.1,10,3.9,
20180102,7.7,11.5,3.8,3120
20180103,8.6,11.3,7,3165
20180104,7.5,9.3,5.1,3220
20180105,6.2,9.9,4,3242
20180106,6.4,10.5,2.7,
20180107,9.1,11.6,4.5,
20180108,10,14.1,5.4,3328
20180109,3.7,5.7,1.4,3292
20180110,0.7,4.4,-1.6,3299
20180111,-1.2,1.4,-3,3376
20180112,0.2,3.7,-3,3371
20180113,3.6,7.7,-0.6,
20180114,7.8,12,2.3,
20180115,12,16.2,9.2,3345
20180116,13.5,14.9,10.2,3381
20180117,11,14.3,7.4,3406
20180118,10.3,12.9,7.4,3382
20180119,9.2,12.6,6,3413
20180120,8.7,12.9,5.9,
20180121,8.7,12.4,4.8,
20180122,8.9,12.7,6.6,3394
20180123,3.3,7,0.1,3371
20180124,0.6,3.8,-2,3359
20180125,1.1,3.1,-2,3322
20180126,1.9,4.2,0.5,3322
20180127,3.6,6.4,0.1,
20180128,4.5,8.1,2,
20180129,2.1,6.3,-0.1,3329
20180130,2.5,6.8,-1.6,3345
20180131,4,7.4,1.7,3373
20180201,5,8.8,2.4,3363
20180202,5.8,9,2.6,3356
20180203,1.4,5.4,-1.8,
20180204,-1.2,1.9,-2.5,
20180205,0,3.1,-2.5,3376
20180206,-0.8,2.4,-2.2,3402
20180207,1.1,5.8,-2.6,3421
20180208,3.3,7.5,-0.4,3462
20180209,6.9,10.4,2.9,3462
20180210,6.3,10.9,2.6,
20180211,1.9,5.1,0.1,
20180212,1.5,3.4,-0.9,5005
20180213,5,8.2,2.1,5046
20180214,10.5,12.7,4.8,5042
20180215,10.9,13.1,8.7,
20180216,9.3,11.5,6.1,
20180217,7.2,10.6,4.3,
20180218,7.8,11.1,4.5,
20180219,8.1,10.3,5.2,6938
20180220,9.8,14.2,4.4,6969
20180221,9.2,11.8,7.2,6814
20180222,5.9,9.3,2.7,6725
20180223,7.8,12.3,2.6,6509
20180224,10.3,14,6.3,
20180225,11.3,15,8.4,
20180226,9.9,14,6,6461
20180227,11.4,15,6.7,6462
20180228,11.3,16,7.1,6313
20180301,8.6,13.8,5,
20180302,8,11.1,4.9,6066
20180303,12.2,14.5,8.8,
20180304,16.4,19.3,13.6,
20180305,11.8,17.3,8,6106
20180306,9.3,12.6,6.5,6029
20180307,9.9,11.5,8.9,6029
20180308,9.6,11.9,5.1,6138
20180309,7.5,10.9,3.2,6083
20180310,8.9,13.5,5.2,
20180311,9.6,13.9,4.8,
20180312,11.4,15.8,7.3,
20180313,14.7,18,10.4,
20180314,16.6,19.8,12.3,
20180315,16,17.5,14.4,
20180316,10.5,14.7,7.8,
20180317,9.4,13.3,6,
20180318,15,18.3,9.3,
20180319,13.9,16.9,10,
20180320,8,10,5.9,
20180321,6.5,9.1,5.2,
20180322,7.9,11.9,4.4,
20180323,9.5,15.3,4.1,
20180324,11.4,15.9,5.7,
20180325,13,16.8,8.2,
20180326,13.6,17.6,9.4,
20180327,14,17.6,8.8,
20180328,15.8,18.9,12.1,
20180329,15.9,18.8,13.9,
20180330,15.5,19.5,13.3,
20180331,16.3,19.4,14,
20180401,18.8,21.7,15.9,
20180402,19.3,22.4,17.3,
20180403,19.2,22.4,16.4,
20180404,,23.1,16.5,
20180405,16,17.8,14.4,
20180406,13.4,19.4,7.6,
20180407,6.4,9.5,3.5,
20180408,10.9,14.3,4.5,
20180409,14.7,19.3,12,
20180410,17.3,20.5,12.7,
20180411,17.6,22.1,15.3,
20180412,17.7,22.4,13.8,
20180413,17.1,21.6,13.6,
20180414,15.4,22.6,13.4,
20180415,14,19.2,10.7,
20180416,13.1,16.2,8.7,
20180417,14.7,17.6,12.3,
20180418,13.8,16.8,11.3,
20180419,14.2,18.2,7.8,
20180420,15.8,19.9,10.6,
20180421,18.5,22.7,12.6,
20180422,19.1,20.2,18.1,
20180423,18.8,19.7,18,
20180424,15.9,18.5,13.7,
20180425,14,16.6,11.8,
20180426,15.6,20.4,10.8,
20180427,17.5,24.5,12.2,
20180428,16.4,20,13.8,
20180429,16.6,19,12.6,
20180430,17.7,19.4,16.1,
20180501,18.8,19.6,17.8,
20180502,18.4,25.7,15,
20180503,15,20.4,11.2,
20180504,15.4,19.2,11,
20180505,18.1,21.7,14.4,
20180506,17.3,18.8,16.3,
20180507,17.5,18.8,16.6,
20180508,15.8,18.1,14.1,
20180509,15.5,19.4,13.2,
20180510,14.9,18.9,11.1,
20180511,17.7,21.8,12.9,
20180512,19.1,20.6,18.2,
20180513,19.1,22.6,17,
20180514,20.5,25.6,15.8,
20180515,21.2,22.2,18.8,
20180516,21.6,22.4,20.8,
20180517,21.9,23,21.2,
20180518,20.6,25.3,19,
20180519,16.2,19,14.6,
20180520,16.4,19,14.6,
20180521,18.6,22.1,15.7,
20180522,19.6,23.2,16.6,
20180523,20,24.8,16.9,
20180524,19.5,22.4,15.1,
20180525,19.5,23.7,15.6,
20180526,19.3,23,15.5,
20180527,20.7,22.8,19.1,
20180528,20.3,21.8,19.2,
20180529,21.1,24.1,19.3,
20180530,21.1,23.9,19.6,
20180531,20.3,22.9,17.4,
20180601,21.5,26.2,15.9,
20180602,22.2,25,20.1,
20180603,22,25.4,19.1,
20180604,22.6,25.3,19,
20180605,20.2,22.5,19.2,
20180606,20.9,23.2,19.1,
20180607,21.2,24.9,18.7,
20180608,22.3,25.2,19.7,
20180609,21.9,25.8,19.1,
20180610,20.1,22.9,18.2,
20180611,19.4,22,17.8,
20180612,21.4,26.1,18.2,
20180613,21.2,23.9,18.7,
20180614,21.8,26,18.9,
20180615,20.8,23.7,18.8,
20180616,19.9,23,18.2,
20180617,21,25,18.1,
20180618,21.6,24,19.4,
20180619,21.1,23.1,19.3,
20180620,22.4,25,19.9,
20180621,23.5,27.5,20.4,
20180622,22.5,26,19.7,
20180623,21.5,24.5,17.5,
20180624,24.3,29.3,18.8,
20180625,23.7,26.2,20.1,
20180626,24.4,25.3,23.4,
20180627,24,24.6,22.9,
20180628,23.1,24.5,22,
20180629,23.7,27.9,22.1,
20180630,23.3,25.5,21.8,
20180701,25.2,26.8,23.3,
20180702,26.3,28.1,24.8,
20180703,25.5,27.7,24.1,
20180704,25.6,30.2,23.7,
20180705,24.7,27.5,23,
20180706,22.5,23.6,20.9,
20180707,20.5,22.3,19.4,
20180708,21,23,19.4,
20180709,24.6,27.2,21.1,
20180710,27.1,29.9,24.3,
20180711,26.8,28.6,26,
20180712,26.5,28.3,25.2,
20180713,26.5,28.8,24.9,
20180714,26.3,29,23.4,
20180715,26.1,28.5,24.8,
20180716,26.8,30,24.5,
20180717,27.2,29.9,24.9,
20180718,27,29.2,24.8,
20180719,27.8,31,24.7,
20180720,29,32.1,25.5,
20180721,29.8,32.8,27.4,
20180722,28,30.3,27.2,
20180723,28,31.1,26.7,
20180724,27.5,30.5,26.4,
20180725,27.9,31.4,26.2,
20180726,27.6,30.7,25.6,
20180727,28.6,32,24.6,
20180728,28.6,32,26.6,
20180729,29.1,33,26.5,
20180730,28.8,31.6,27.3,
20180731,29.9,33.3,27.3,
20180801,29.9,32.4,28.3,
20180802,29.9,33.5,27.8,
20180803,27.6,29.1,25.7,
20180804,28.3,30.9,26.9,
20180805,28.5,31.8,26.3,
20180806,28.8,31.8,26.2,
20180807,29.3,32,26.8,
20180808,29,32.2,27,
20180809,28.5,31.3,26.8,
20180810,28.6,31.4,26.4,
20180811,28.9,31.8,27.1,
20180812,28.8,31.3,27,
20180813,28.8,31,27.7,
20180814,30.2,32.5,28,
20180815,29.5,32.3,26.6,
20180816,27.1,27.6,25.3,
20180817,26,27.8,24.8,
20180818,26.1,29.6,24.1,
20180819,26.7,28.7,24.5,
20180820,27.5,30.2,25.8,
20180821,27.4,30.5,24.4,
20180822,28.3,31.9,25,
20180823,24.2,25.7,22.9,
20180824,24.7,27.8,23.5,
20180825,26.3,28.9,23.4,
20180826,26.4,28.4,25.7,
20180827,27,29.3,25.4,
20180828,27.1,29.7,25.6,
20180829,26.9,29,25.5,
20180830,27.1,29.6,25.7,
20180831,27.1,29.8,25.8,
20180901,24.5,26.3,22,
20180902,25.5,28.4,22.8,
20180903,26.1,28,24.8,
20180904,26.3,31.2,22.8,
20180905,24.9,29.1,21.6,
20180906,24.3,26.2,22.4,
20180907,22.5,24.2,21.1,
20180908,21.2,24.3,18.9,
20180909,22.3,27.9,16.8,
20180910,22.6,26,19.7,
20180911,22.7,25.9,20.7,
20180912,23.4,25.2,21.5,
20180913,23.5,24.6,22.1,
20180914,24.3,26.2,23,
20180915,25.3,29,22.5,
20180916,25,28.2,22.2,
20180917,23.8,26.3,22.4,
20180918,25.2,27.5,23.3,
20180919,23.6,27,19,
20180920,25.1,28.4,22.9,
20180921,25.2,28.2,23,
20180922,24.3,27.2,21.3,
20180923,23.6,26.2,21.4,
20180924,21.6,24.2,17.6,
20180925,20.5,24.7,15.9,
20180926,22.1,25.7,20.1,
20180927,21.5,24.9,18.9,
20180928,22.4,25.6,19.9,
20180929,19.8,22.2,16.9,
20180930,22.5,28.4,19,
20181001,19.7,23.3,17.4,
20181002,20.1,24.2,16.9,
20181003,19.7,23.5,16.4,
20181004,20.6,23.1,18.6,
20181005,22.4,23.9,20.4,
20181006,22.1,27,19.6,
20181007,20.9,24.9,17.3,
20181008,19.9,24.1,16.6,
20181009,20.3,21.8,17.7,
20181010,19.2,21.9,16.6,
20181011,15.9,20.5,12.9,
20181012,15.1,19.9,11.5,
20181013,16.3,20.1,11,
20181014,18.3,21.5,13.6,
20181015,19.2,22.8,16.5,5022
20181016,16.2,20.4,13,4961
20181017,17.4,21.6,13.1,4889
20181018,16.1,20.6,12.9,4432
20181019,15.8,20.4,10.7,4387
20181020,16.2,20.9,11.9,
20181021,17.5,21.3,14.1,
20181022,17.3,20.6,14.6,4276
20181023,19.2,23.3,16.2,4289
20181024,17.1,21.1,14.3,4148
20181025,17.6,21.4,13,3972
20181026,18,20.7,15.3,3906
20181027,14.8,17.6,12.5,
20181028,16.3,19.6,11.2,
20181029,17,21.9,12,3688
20181030,14.1,18.1,11.8,3653
20181031,13,17.3,9.8,3564
20181101,13.4,17.9,9,3497
20181102,14.6,19.3,10,3399
20181103,16,20,12.6,
20181104,16,20.4,12,
20181105,16.2,20.4,11.8,3262
20181106,17.5,21.2,13,3253
20181107,18.7,21.8,17,3266
20181108,17.8,20.7,13.8,3289
20181109,15,18.5,12.5,3260
20181110,14.9,19.2,10.7,
20181111,15.5,19,11.9,
20181112,15.6,18.1,13.5,3245
20181113,14.5,18.3,11.6,3230
20181114,14,19,10.3,3208
20181115,16.3,19.9,11.9,2990
20181116,14.7,16.8,13.5,2987
20181117,14.9,18.8,12.3,
20181118,12.8,14.8,11.4,
20181119,13,17.1,10.6,2984
20181120,11.8,16.1,8.6,2960
20181121,13.5,16.1,10.8,2972
20181122,10.6,14.3,7.3,3132
20181123,9.1,13.4,5.6,3113
20181124,14.3,18.4,9.6,
20181125,13.1,18.3,8.5,
20181126,14.4,16.5,10.7,3153
20181127,15.5,21.1,11.8,3138
20181128,14.5,18.7,11.5,3139
20181129,13.6,17.9,8.9,2942
20181130,13.9,17.9,10.6,2861
20181201,14.3,18.3,12.1,
20181202,17.6,20.1,14.9,
20181203,19,21.8,17,2858
20181204,17.4,20.3,14.7,2858
20181205,13.7,16.8,10.6,2842
20181206,12.2,14,10.8,2900
20181207,6.7,11.9,3.2,
20181208,3.9,7.9,1.3,
20181209,4.6,6.4,2.2,
20181210,7.9,11.2,4.2,2917
20181211,10.8,12.7,8.8,2917
20181212,7.3,10.4,4.8,2917
20181213,7.1,10.3,4.1,2904
20181214,6.4,9.8,4.2,2899
20181215,7.6,11.2,4.2,
20181216,10.3,11.3,7.5,
20181217,9.6,11.9,8.2,2899
20181218,9.1,12.5,5.2,2922
20181219,13.5,17.1,7.1,2922
20181220,13.1,15.8,11.4,3019
20181221,15,18.4,12,3019
20181222,13.5,16.8,11.6,
20181223,11.8,16,7.1,
20181224,8.3,11.6,4.9,2992
20181225,9.4,12,6.3,
20181226,10.2,12.4,8.6,2990
20181227,7.3,10.8,2.6,3114
20181228,1.9,4.7,0.8,3101
20181229,2.9,6.2,0.4,
20181230,4.4,7.2,1.1,
20181231,6.1,8.4,3.6,3090
20190101,5.1,7,3.8,
20190102,5.2,8.4,3.6,3091
20190103,7.1,10.6,2.6,3106
20190104,9.3,11.8,6.6,3104
20190105,9.7,13.2,7.2,
20190106,9.5,12.3,7.2,
20190107,10,12.8,7.6,3117
20190108,8.7,12.1,4.1,3117
20190109,5.6,7.2,4.4,3117
20190110,8.8,11.8,6.7,3131
20190111,9.2,11.5,8.1,3136
20190112,10.3,14.7,7.6,
20190113,8.2,12.2,5.9,
20190114,8.7,13.3,4.7,3134
20190115,8.4,12.6,5,3146
20190116,4.8,7.6,2.9,3104
20190117,5,9.1,2,3122
20190118,7,11.2,2.9,3189
20190119,10.4,13.7,5.9,
20190120,8.9,12.2,3.5,
20190121,5.9,10.2,2.6,3171
20190122,7.3,13.1,3.5,3172
20190123,8.6,14.6,3.1,3171
20190124,8.9,13.8,4.6,3135
20190125,7.6,13.1,3.2,3144
20190126,4.5,7.8,2.2,
20190127,6.6,11.4,2.4,
20190128,8.1,11.9,5.3,3072
20190129,7.1,10,2.8,3056
20190130,9.4,12,7.3,3056
20190131,6.7,8.4,4.7,3145
20190201,5,8.7,2.2,3218
20190202,9.3,13.4,4.6,
20190203,13.5,16.4,9.5,
20190204,9,12.7,6.5,
20190205,9.7,13.6,4.1,
20190206,12.5,15.8,10.4,
20190207,11.5,14,7.3,3193
20190208,8,10.1,6.2,3222
20190209,5.4,8.3,3.9,
20190210,5.7,7.5,4.5,
20190211,5.2,8.1,2.8,3261
20190212,7,10.2,3.3,3275
20190213,8.7,12,5.2,3275
20190214,7.7,10.3,5.4,3294
20190215,8.6,11,5.8,3294
20190216,7,8.6,4.2,
20190217,7.2,10.2,4.1,
20190218,8.7,9.8,6.5,5786
20190219,12.9,17.6,9.1,5678
20190220,9.7,12.9,6.8,5678
20190221,9.9,12.4,8.2,5558
20190222,9.7,13.7,7.9,5505
20190223,10.6,14.6,6,
20190224,11.1,14.1,8.4,
20190225,11.2,15.8,6.3,5477
20190226,12.1,17.8,7.6,5434
20190227,11.4,12.2,10.3,5528
20190228,11.6,15.2,10,5296
20190301,11.4,14.6,7.5,
20190302,11.3,14,9.6,
20190303,11.7,14.2,10.5,
20190304,11.3,16.1,8.7,5342
20190305,12,15.8,7.6,5300
20190306,11,15,9,5267
20190307,9.8,14.5,7.1,5170
20190308,9.9,14.4,5,5192
20190309,11.8,15.7,7.9,
20190310,12.1,14.3,10.6,
20190311,10.6,14.4,7.5,5344
20190312,10.5,15,6.6,5419
20190313,8.3,12.3,5.1,5338
20190314,8.8,12.9,5.1,5553
20190315,10.2,14.8,6.4,5574
20190316,9.4,12.8,5.6,
20190317,13.3,17.5,9.6,
20190318,11.3,14.9,8.9,5628
20190319,13.3,18.3,8,5636
20190320,15,17.8,10.5,5567
20190321,14.9,18.4,12.2,
20190322,12,15.6,9,
20190323,10,13.8,6.7,
20190324,8,12.4,4.2,
20190325,9.5,12,6,
20190326,14.9,21.9,6.7,
20190327,15.2,17.3,13,
20190328,15.7,20.2,14.1,
20190329,16.4,20.7,13.2,
20190330,13.7,21.1,7,
20190331,7.8,11.5,5.5,
20190401,9.9,14.4,5.4,
20190402,12.6,17.4,8.2,
20190403,11.5,15.8,7.7,
20190404,11.4,15.5,6.3,
20190405,15,21.4,11.2,
20190406,13.8,17.6,9.7,
20190407,15.6,19.7,12.3,
20190408,15.3,18.3,12.9,
20190409,15,16.6,13,
20190410,12.5,16.4,10.4,
20190411,12.4,15.4,9.7,
20190412,13.6,17.4,9.6,
20190413,14,17.5,10.4,
20190414,16.1,20.2,12.3,
20190415,14.7,20.5,10.7,
20190416,16.5,21.3,11.5,
20190417,15.4,18.8,12.9,
20190418,15.8,19.3,12.7,
20190419,16.2,20.4,12.6,
20190420,16.3,19.1,14.5,
20190421,17.9,21,14.1,
20190422,19.7,23.8,17.3,
20190423,17.4,18.6,16.4,
20190424,17.6,24.5,16.1,
20190425,17.2,20.2,15.8,
20190426,13.9,17.7,10.7,
20190427,13.8,17.6,10.1,
20190428,15.1,17.4,12.6,
20190429,16.8,19.1,14.2,
20190430,16.8,19.3,15.2,
20190501,18,24.2,15.3,
20190502,19.8,24.1,13.6,
20190503,20.3,24.1,17.1,
20190504,19.6,23.4,16.3,
20190505,19.6,23.6,15.5,
20190506,18.1,22.3,14,
20190507,15.9,20.2,12.1,
20190508,16.4,21,12.5,
20190509,17.8,21.6,14.8,
20190510,18.9,23.7,14.7,
20190511,19.6,23.7,14.7,
20190512,19.1,22.9,16.1,
20190513,19.9,22,17.4,
20190514,20.7,23.5,17.9,
20190515,22.6,27.3,18.3,
20190516,22.2,25.1,19.2,
20190517,20.6,24,17.8,
20190518,19.8,20.6,18.2,
20190519,19.3,21.3,17,
20190520,18.3,21.5,14.7,
20190521,19.8,24.9,14,
20190522,20.5,23.9,17,
20190523,21.1,23.8,18.6,
20190524,23.1,27.2,20.4,
20190525,22.1,25.3,18.9,
20190526,21.6,24.2,19.8,
20190527,20,20.9,18.6,
20190528,20.6,24.2,16.8,
20190529,22.7,29.7,18.3,
20190530,21.8,26.5,18.6,
20190531,18.5,20.9,16.6,
20190601,19.6,22.7,15.6,
20190602,20.7,23.7,18.5,
20190603,21.1,24.6,17.3,
20190604,22.9,26,20.9,
20190605,23.1,26.1,20.5,
20190606,22.4,24.8,20.2,
20190607,21,24.9,18.9,
20190608,19.9,21.4,18.3,
20190609,20,23.1,18,
20190610,20,22.8,17.7,
20190611,19.7,22.7,18.2,
20190612,19.3,22.4,16.7,
20190613,20.5,24,15.9,
20190614,20.6,22.7,17.9,
20190615,22.9,28.8,17.7,
20190616,21.8,25.4,18.3,
20190617,21,23.3,18.6,
20190618,20.9,22.6,19.3,
20190619,21.7,25,18.7,
20190620,22.8,25.3,20,
20190621,22.9,24.9,21.1,
20190622,22.4,25.2,20.4,
20190623,21.9,25.1,19.6,
20190624,21.5,24.3,18.5,
20190625,23.9,27,21,
20190626,22.3,24,19.4,
20190627,23.6,26.6,22.2,
20190628,23.3,25.4,21.1,
20190629,23.8,25.3,22.7,
20190630,22.7,25.5,21.3,
20190701,21.8,24.9,20.8,
20190702,21.6,23.4,19.8,
20190703,22,25.1,20.7,
20190704,23.2,27.3,19,
20190705,24.7,29.2,21.6,
20190706,23.9,27.4,19.7,
20190707,22.8,25,21.5,
20190708,21.9,23.2,20.8,
20190709,22.1,23.6,21.5,
20190710,22.4,24.6,21.1,
20190711,24.9,29,21.8,
20190712,23,26.3,20.6,
20190713,21,23.1,18.6,
20190714,23.7,26.9,21.3,
20190715,23.6,26.6,21.4,
20190716,24.4,26.9,21.5,
20190717,24.1,25.9,22.7,
20190718,24.4,25.4,23.3,
20190719,24.9,26.2,23.8,
20190720,22.9,24.7,22.5,
20190721,25.2,29.4,22.4,
20190722,25.4,28,23.8,
20190723,25.3,26.9,24,
20190724,24.9,25.8,24.4,
20190725,25,26.1,24.4,
20190726,25.8,27.1,24.7,
20190727,25.9,26.4,25.4,
20190728,27,29.3,25.5,
20190729,27.5,29.7,25.6,
20190730,27.4,29.4,26.5,
20190731,28,30.5,26.7,
20190801,28.1,30.9,26.4,
20190802,28.1,31.1,25.6,
20190803,28.5,31,27,
20190804,28.6,31.1,26.8,
20190805,28.4,30.8,25.6,
20190806,28.6,32.2,26.7,
20190807,28.5,31.1,25.7,
20190808,29.4,31.7,26.6,
20190809,29.3,31.4,27.7,
20190810,28.5,30.8,27.8,
20190811,27,28,26.4,
20190812,27.5,29.1,26.9,
20190813,28.8,31.5,25.3,
20190814,29.5,32.1,27,
20190815,28.5,31.6,25.5,
20190816,27.1,30.7,24.9,
20190817,26.8,29.2,23.5,
20190818,26.8,29.9,25.6,
20190819,27.3,30.1,24.5,
20190820,27.4,30.6,25,
20190821,26.7,30,24.5,
20190822,27.1,29.6,24.9,
20190823,27.3,31.6,24.3,
20190824,25.9,27.7,24.9,
20190825,24,26.8,20,
20190826,24.6,26.1,22.9,
20190827,26,27.4,23.7,
20190828,24.3,26.8,21.7,
20190829,22.2,23.2,21.3,
20190830,24.2,28.6,20.3,
20190831,23.9,27.3,20,
20190901,22.6,25,21,
20190902,25,27.5,21.7,
20190903,25.5,27.7,23.8,
20190904,25,27,22.5,
20190905,26.4,28.8,23.8,
20190906,26,27.1,24.7,
20190907,25.1,26.9,23.7,
20190908,24.2,25.8,22.7,
20190909,25.6,28.2,24.8,
20190910,26.4,28.6,24.5,
20190911,27,29.4,25.4,
20190912,24.5,27.2,22.8,
20190913,24.2,26.9,22.2,
20190914,24.9,28,22.5,
20190915,25.1,27.9,22.5,
20190916,24.8,28,22.8,
20190917,23.7,26.5,21.6,
20190918,24.5,29.5,19.9,
20190919,23.2,26.7,21.2,
20190920,22.7,26.4,20.2,
20190921,20.7,22.2,18.6,
20190922,21.4,24.1,20.7,
20190923,20.9,24.4,19,
20190924,20.8,25.1,16.9,
20190925,21.7,25.5,18.7,
20190926,23.9,27.2,20.6,
20190927,24.4,26.5,22.8,
20190928,25.5,28,22.8,
20190929,24.4,27.9,22.6,
20190930,24.3,27.1,22.2,
20191001,23.4,25.3,20.4,
20191002,24,26.1,21.1,
20191003,24,27.9,21.5,
20191004,23.3,26.8,19.6,
20191005,22.3,26.1,19.8,
20191006,21.6,24.4,19.9,
20191007,21.5,23.9,19.9,
20191008,20.8,24.2,18,
20191009,18.8,22.9,14.3,
20191010,18.9,23,13.8,
20191011,21.6,25.2,16.9,5969
20191012,21.8,25.1,18.9,
20191013,19.7,22.6,17.4,
20191014,19.7,24.1,15.6,5995
20191015,18.8,22.5,15.7,5569
20191016,18.2,22.1,15.1,5257
20191017,19.3,23.6,14.5,4843
20191018,19.2,22,17.8,4773
20191019,20.3,24.3,16.9,
20191020,20,24.5,16.2,
20191021,19.8,23.5,16.1,4779
20191022,20.4,24.5,17,4570
20191023,20.4,23.2,19.2,4388
20191024,20.1,23.7,18.1,4352
20191025,20.2,24.5,16.4,4216
20191026,18.2,21.3,16.5,
20191027,16.7,20.3,13.9,
20191028,16.8,20,14.9,4118
20191029,17.7,23.1,13.9,4001
20191030,16.6,20.6,13.1,4013
20191031,17.2,21.3,13.4,3637
20191101,18.6,23.4,13.9,3150
20191102,19.2,22.9,16.4,
20191103,18.6,21.3,16.1,
20191104,17.4,21.3,14.9,3131
20191105,17.4,21,15,3157
20191106,17,21.7,13.6,3135
20191107,16.9,20.8,13.9,2998
20191108,15.4,18.9,12.3,2984
20191109,15.5,19.4,12.1,
20191110,16.3,19.3,12.3,
20191111,16.2,19.7,13.4,3032
20191112,15.6,19.2,12.1,2987
20191113,15.8,19,12.7,2975
20191114,12.3,15.2,8.4,2897
20191115,12.5,16.6,7.4,2897
20191116,17.1,21.2,12.6,
20191117,21,23.4,17.5,
20191118,15.6,21.3,10.8,2850
20191119,10.5,13.4,8.4,2842
20191120,10.4,14.7,7.4,2853
20191121,13.6,17.5,7,2840
20191122,17.6,21,14.8,2831
20191123,18.4,21,15.7,
20191124,19.1,22.9,17.7,
20191125,13.9,17.8,11.3,2829
20191126,14.3,16.1,11.3,2793
20191127,13.3,14.8,11.3,2799
20191128,12.4,16.9,9.3,2638
20191129,11.6,16,8.5,2623
20191130,13.5,17.6,8.1,
20191201,14.3,17.3,13.6,
20191202,10.3,14.9,6.7,2660
20191203,8.6,11.9,5.5,2666
20191204,10.5,14.7,7.9,2664
20191205,8.6,13.2,6.2,2691
20191206,7,10.4,5.1,
20191207,7.5,11.7,4.2,
20191208,9.5,13.1,5.1,
20191209,10.6,14.6,6.2,2713
20191210,13.8,18.1,10.4,2718
20191211,13.3,18.4,9,2693
20191212,9.4,12.4,6.7,2647
20191213,11.2,14.9,6.9,2645
20191214,12.3,17.2,8.9,
20191215,13.5,16.8,9.1,
20191216,14.5,17.6,12.8,2641
20191217,16.2,19.8,13.2,2641
20191218,12.1,14.8,10.4,2653
20191219,10.9,13.1,8.5,2614
20191220,8.9,11.9,6.1,2617
20191221,9.3,11.5,6.6,
20191222,9.5,11.4,7.3,
20191223,10.8,15.3,6.3,2621
20191224,10.5,14.4,8,2618
20191225,12.8,15.6,7.9,
20191226,11.2,13.8,6.2,2569
20191227,6.5,9.6,4.5,2569
20191228,7.5,11.3,4.3,
20191229,12.8,17.3,8,
20191230,13.1,15.5,10.2,2574
20191231,5.3,10.7,3.4,2574
20200101,7,9.6,4.8,
20200102,8.7,12.7,5.6,2543
20200103,9.5,13.4,6.1,2542
20200104,9.7,14,6.2,
20200105,9.6,12.8,6.1,
20200106,14.6,17.3,11.2,2539
20200107,16.8,18.4,12.4,2526
20200108,7.8,12.7,6.3,2540
20200109,8.4,9.8,5.9,2540
20200110,9.4,13.1,6.1,2573
20200111,9.9,11.3,8.1,
20200112,7.5,9.8,4.6,
20200113,7,10.6,3.2,2556
20200114,5.4,7.9,3.5,2552
20200115,6.4,9.3,3,2572
20200116,8.2,10.3,6.8,2617
20200117,8.6,12.7,4.5,2617
20200118,7.1,11.5,2.7,
20200119,7.9,10.5,4.6,
20200120,8.2,11.9,5.4,2645
20200121,8.3,11.8,4.6,2647
20200122,11.9,14.2,8.9,2653
20200123,13.3,14.8,11.8,2686
20200124,12.8,15.8,11.3,
20200125,12.1,14,9.3,
20200126,11.3,12.6,10.4,
20200127,9.8,10.7,8.2,
20200128,9.9,13.2,7,2755
20200129,9.3,13.9,6.8,2780
20200130,8.1,12.5,5.7,2812
20200131,7.6,11.5,4.5,2750
20200201,8.3,12.8,4.5,
20200202,8.2,12.8,5.3,
20200203,8.8,13.7,4.8,2768
20200204,7.9,12.2,4.6,2772
20200205,6.6,8.9,3.3,2741
20200206,5.5,9.6,2.7,2729
20200207,8.3,11.8,4.8,2729
20200208,7.3,11.3,4.7,
20200209,6.1,10.2,3.1,
20200210,10.3,15,6.5,2660
20200211,10.9,14.4,6.1,2635
20200212,12.6,15.5,9.4,2635
20200213,12.1,15.5,8.6,2631
20200214,13.7,16.7,11,2631
20200215,15.6,18.6,13.5,
20200216,7,14.7,2.7,
20200217,1.5,3.7,-0.2,2631
20200218,5.3,10,0,2714
20200219,7.7,11.1,3.7,2741
20200220,10.2,14.2,5.7,2758
20200221,12.7,15.7,8.7,2743
20200222,10.9,14.8,5.5,
20200223,8.2,12.4,4,
20200224,12.8,16.1,5.8,6453
20200225,16,16.9,14.4,6379
20200226,13.3,16.1,10.1,6579
20200227,11.2,14.9,8,6416
20200228,10,11.2,8,6534
20200229,11.8,12.5,10.8,
20200301,12.5,13.8,11.7,
20200302,10.4,12.9,8,6618
20200303,11.8,13.9,8.3,6618
20200304,10.1,14.8,4.4,6542
20200305,7.4,11.7,3.1,6925
20200306,9.9,12.2,6.6,6881
20200307,11.3,12.6,10.1,
20200308,12,15.7,8,
20200309,13,14.4,11.4,6739
20200310,11.4,15.2,7.1,6591
20200311,9,14.5,5.6,6591
20200312,10,13.4,5.2,6158
20200313,12.8,15,10.3,6076
20200314,9.6,12.6,6.8,
20200315,10.9,15.7,6.4,
20200316,7.6,10.8,4.1,
20200317,11.4,14.8,6.7,
20200318,13.2,17.1,8,
20200319,13.4,21.1,9.1,
20200320,11.3,14.5,7.5,
20200321,16.1,18.5,10.8,
20200322,17.3,19.9,15.3,
20200323,15.4,18.8,11.4,
20200324,13.6,16.8,10.9,
20200325,15.5,19,11.6,
20200326,16.7,18,15.1,
20200327,15.8,18.4,12.7,
20200328,10.8,12.9,8.9,
20200329,11.5,14.3,6.9,
20200330,13.6,16.5,11.7,
20200331,14.5,18.7,12.5,
20200401,14.2,19.1,10.6,
20200402,13.4,17.3,10.9,
20200403,13.7,17,10.7,
20200404,14.2,20.9,9.1,
20200405,11.9,16.3,9.1,
20200406,12,15.8,7.2,
20200407,14.7,20.1,9.9,
20200408,14.6,18.4,10.8,
20200409,14.1,17.8,11.3,
20200410,14.3,18.2,11.3,
20200411,12.8,16,9.8,
20200412,11.1,14.8,7.8,
20200413,11.6,15.6,8.8,
20200414,13.8,18.4,8.1,
20200415,13.7,16.9,11.4,
20200416,14.8,18.4,10.1,
20200417,15.5,17.6,13.6,
20200418,14.7,17.4,11.4,
20200419,13.6,15.1,12,
20200420,15,18.7,11.4,
20200421,14.1,18.9,9.1,
20200422,10.5,14.9,7.9,
20200423,10.8,15.7,7.1,
20200424,12.3,16.8,8.2,
20200425,15,19.2,10.4,
20200426,15.1,18.2,12.6,
20200427,15.3,19.4,11.8,
20200428,15,19.2,10.7,
20200429,15.4,18.9,10.3,
20200430,18.3,21,14.1,
20200501,20,22.4,18.5,
20200502,19.3,21.4,17.8,
20200503,17.8,20.2,16.2,
20200504,18.1,21.4,15.6,
20200505,18.5,20.5,17.1,
20200506,20.5,25.3,17,
20200507,18.8,22.8,15.4,
20200508,19.4,23.1,15.4,
20200509,17.9,20,14.6,
20200510,16.4,18.7,14.1,
20200511,17.8,23.5,14.2,
20200512,18.1,21.6,14.8,
20200513,17.8,22.8,13.2,
20200514,19.6,23,14.2,
20200515,19.4,20.9,18,
20200516,18.3,21.9,17,
20200517,17.8,20.7,14.9,
20200518,19.4,21.5,17.2,
20200519,16.4,20.6,12.8,
20200520,16.3,20.7,12,
20200521,17.2,20.7,13.8,
20200522,18.5,21.6,15.7,
20200523,19.2,22,16.3,
20200524,21.7,24.8,17.8,
20200525,18.5,21.2,17.9,
20200526,18.1,20.9,16.2,
20200527,18.9,22.4,16,
20200528,20,26.9,14.9,
20200529,19.8,22.3,16.7,
20200530,19.8,22.8,18.4,
20200531,19,20.5,17.3,
20200601,20.1,25.2,18,
20200602,19.1,22.3,14.6,
20200603,21.1,24.1,20,
20200604,21.9,24.1,18.8,
20200605,21.3,23.8,18.4,
20200606,22.1,27.3,19.2,
20200607,22.4,25.8,19.1,
20200608,24.8,28.1,21.7,
20200609,24.9,28.1,23.5,
20200610,23.2,25.4,21.8,
20200611,22.4,25.5,21,
20200612,22.1,23.8,20,
20200613,23.4,24.4,21.9,
20200614,23.3,24.7,21.6,
20200615,21.4,24.4,19.8,
20200616,23,27.3,18.8,
20200617,20.9,23.3,18.7,
20200618,20,21.2,18.4,
20200619,21,24.2,19.6,
20200620,22.4,25.6,19.1,
20200621,22.1,25.6,20.7,
20200622,23.2,25.8,20.3,
20200623,24.6,27.2,20.8,
20200624,23.2,24.3,22.2,
20200625,22.1,23.7,20.4,
20200626,22.8,25.5,19.7,
20200627,23.9,27.1,21.6,
20200628,24.3,28,21.7,
20200629,22.4,24.4,20.8,
20200630,22.3,25.3,20,
20200701,22.4,25.7,18.9,
20200702,22.7,25.4,19.7,
20200703,21.5,23,20.3,
20200704,21.1,22.6,20,
20200705,22.5,25.1,20.9,
20200706,22.5,24.1,20.7,
20200707,21.5,22.9,20.5,
20200708,22.4,25.2,19.7,
20200709,24.8,28.3,22.1,
20200710,24.1,27.5,22.6,
20200711,22.6,25.3,20.9,
20200712,23.2,24.6,21.6,
20200713,23,25.2,21.3,
20200714,22,25,20.1,
20200715,21.4,24.3,19.7,
20200716,22.8,26.6,19.1,
20200717,22.5,25.2,19.3,
20200718,23.3,24.5,21.5,
20200719,25.7,27.1,24.1,
20200720,24.5,26.7,22.5,
20200721,23.7,25.7,22,
20200722,24.9,27.6,23.9,
20200723,24.5,25.7,22.4,
20200724,21.5,23.6,20.1,
20200725,21.5,25.1,20,
20200726,23.5,26.5,19.2,
20200727,24.1,25.1,22.9,
20200728,25.5,27.2,24.1,
20200729,26.5,28.8,24.8,
20200730,27.2,29.2,25.9,
20200731,26.7,29.1,25.5,
20200801,27.2,29.6,25.6,
20200802,27.3,29.3,26.3,
20200803,27.4,29.8,26.3,
20200804,27.9,30.5,26.4,
20200805,26.9,28.4,24.9,
20200806,26.4,26.8,25.6,
20200807,26.8,27.6,26.4,
20200808,26.6,27.4,26.2,
20200809,27.5,30.1,25.8,
20200810,26.5,27.7,24.7,
20200811,26.9,27.6,25,
20200812,27.4,29.9,26.1,
20200813,27.5,29.8,26.8,
20200814,27.8,29.8,26.6,
20200815,27.8,30.2,26.1,
20200816,28.1,29.9,26.4,
20200817,27.8,30.4,25.7,
20200818,27.4,30.3,25.3,
20200819,27.3,30.3,23.8,
20200820,27.6,30.9,24.3,
20200821,27.8,30.3,24.8,
20200822,27.5,30.9,26,
20200823,27.9,30.9,24.7,
20200824,28.7,31.3,26.2,
20200825,28.3,31.3,24.7,
20200826,26.4,28.4,24.6,
20200827,26.3,27.5,25.2,
20200828,26.8,29.9,25.5,
20200829,27,29.7,25.8,
20200830,27.1,29.2,25,
20200831,28,31,25.3,
20200901,27.4,29.7,25.5,
20200902,25.7,27.6,23.6,
20200903,24.1,28,21.2,
20200904,23.4,26.7,18.9,
20200905,20.4,24.1,17.9,
20200906,23,25.1,19.5,
20200907,23.2,25.7,20.8,
20200908,24.4,27.1,22.2,
20200909,24.5,26.9,22.8,
20200910,23.9,26.4,22.2,
20200911,22.6,25.3,19.4,
20200912,22.5,25.5,19.6,
20200913,22.3,25,20.8,
20200914,22.3,25.3,20.6,
20200915,22.6,24.8,19.8,
20200916,22.1,25.8,19.7,
20200917,20.4,23.1,18.3,
20200918,19.8,21.5,17.9,
20200919,20.3,24.2,15.6,
20200920,21.2,26.7,16.3,
20200921,21.5,24.6,18.4,
20200922,20.7,23.7,19.1,
20200923,20.2,21.8,19.1,
20200924,20.7,22.3,19.1,
20200925,21.9,25.5,18.6,
20200926,21.1,23.9,18.6,
20200927,20.7,23.8,18,
20200928,20.2,23.3,18.2,
20200929,20.4,25.3,16.5,
20200930,20.9,24.8,16.8,
20201001,20.5,24.5,17.3,
20201002,20.6,24.1,16.7,
20201003,21.8,24.7,19.8,
20201004,21,23.2,19.4,
20201005,18.9,22.6,16.1,
20201006,18.9,22.2,15.4,
20201007,19.9,22.6,18,
20201008,19.5,22.5,17.5,
20201009,19.5,21.6,17.4,
20201010,20.3,24.1,18.5,
20201011,19.6,22.8,17.1,
20201012,19.8,23.5,16.3,
20201013,19.2,23,16.4,
20201014,18.9,23.2,14.2,6436
20201015,18.8,22.8,15.5,6333
20201016,16.7,20.4,12.6,6238
20201017,17.3,21.5,12.5,
20201018,18,21.6,13.8,
20201019,17.9,22.3,13.6,4918
20201020,18.9,22.7,16.4,4632
20201021,18.9,22.5,17,4648
20201022,18.1,20.8,15.9,4429
20201023,15.5,19,12.9,4382
20201024,15.5,19.9,11.7,
20201025,16,20.5,11.6,
20201026,16.9,21.3,13.1,4193
20201027,17.2,21.3,13.9,4149
20201028,18.5,22,15.8,3435
20201029,17.4,21.1,13.9,3343
20201030,16.6,20.5,13.2,3290
20201031,16.5,19.8,14.3,
20201101,17.9,21.6,13.7,
20201102,16,19.2,13.1,3197
20201103,13.6,17,10.3,3143
20201104,12.4,17.2,8.5,3120
20201105,15,18.6,10.1,3255
20201106,18.2,20.9,15.1,3255
20201107,19,22.3,15.5,
20201108,15.7,20.4,11.8,
20201109,13,16.6,10.3,3256
20201110,13.8,18.3,8.8,3223
20201111,13.2,17.5,9.4,3219
20201112,15.1,19.9,11.9,2935
20201113,15.6,19.9,11.2,2936
20201114,17.3,20.9,13.8,
20201115,17.2,20.7,14.2,
20201116,18.1,19.8,17.2,2881
20201117,20.8,23.5,17.8,2903
20201118,21.7,23.5,20.9,2930
20201119,20.3,21.9,17.2,2910
20201120,15.8,18,13.9,2873
20201121,14.9,17.8,9.9,
20201122,15.4,17.5,12.2,
20201123,11.9,15,10,2796
20201124,13,15.5,9.9,2769
20201125,14.3,17.9,10.7,2750
20201126,13.5,14.5,11.8,2828
20201127,12.4,15.6,8,2825
20201128,8.5,11.5,7.2,
20201129,9.3,13.4,6.7,
20201130,9.1,12.8,6.9,2840
20201201,8.5,12.3,6,2840
20201202,10.9,15.2,6.8,2825
20201203,9.8,14.3,5.5,2839
20201204,8.7,12.2,5.6,
20201205,9.7,13.1,6.5,
20201206,10.2,13.8,7.1,
20201207,11.2,15.8,7.9,2792
20201208,9.5,13.1,7,2777
20201209,9.5,12.8,7.6,2793
20201210,12.2,15.1,7.8,2734
20201211,11.6,12.5,9.8,2696
20201212,10.9,14.2,7,
20201213,9.7,14.2,6.2,
20201214,3.3,6.5,1,2694
20201215,2.8,7.6,0.7,2666
20201216,3.9,7.3,2.1,2637
20201217,4.9,9.5,1.4,2585
20201218,6.5,10.9,2.7,2585
20201219,5.4,8.7,1.9,
20201220,5.4,9.5,1.9,
20201221,6.4,10.5,3.8,2585
20201222,8.5,13,4.8,2558
20201223,10.9,15,5.4,2575
20201224,12.1,15.8,7.2,2579
20201225,7.7,11.3,5.3,
20201226,8.4,12.5,5.3,
20201227,10.9,11.9,9.9,
20201228,11.7,15.5,7.9,2590
20201229,12.5,15.2,9.9,2582
20201230,0.7,10,-2.1,2587
20201231,1.8,4.3,-1.3,2534
20210101,4.7,6.3,2.3,
20210102,6.5,10.2,3.7,
20210103,6.3,9.1,3.8,
20210104,6.5,10.8,3.2,2505
20210105,7.2,10.3,4.3,2492
20210106,3.6,5.9,2.5,2494
20210107,-1.9,2.9,-3.4,2608
20210108,-1.7,1.3,-3.4,2576
20210109,0,2.8,-2.6,
20210110,2.4,5.6,-2,
20210111,4.2,6.7,2.6,2605
20210112,4.3,7.4,1.6,2615
20210113,9.7,13.1,3.8,2641
20210114,11.3,14.7,7.2,2577
20210115,14.1,17.1,11,2579
20210116,7.6,11.5,2.8,
20210117,3,6.5,1.3,
20210118,6.4,9.4,2.4,2607
20210119,5.6,9.7,2.4,2671
20210120,9.8,13.6,4.5,2674
20210121,13.4,16.6,9.6,2674
20210122,13.3,15.2,11.1,2685
20210123,12.7,14.1,10.9,
20210124,11.4,13.9,9.9,
20210125,12.4,14.9,10.6,2785
20210126,12.4,15.5,9.4,2785
20210127,9.5,13.7,5.9,2725
20210128,6.5,11.7,0.8,2752
20210129,2.7,6.7,0,2724
20210130,6.9,11.2,1.4,
20210131,11.2,14.8,5.1,
20210201,12.1,15.1,10.1,2763
20210202,6.6,11.2,2.1,2763
20210203,5.7,8.7,2.3,2803
20210204,9,11.9,6.1,2804
20210205,8,10.9,5.3,2804
20210206,10.1,14.4,5.5,
20210207,11.4,16.2,6.5,
20210208,8.2,11.1,6.1,2804
20210209,7.7,10.5,5.1,2790
20210210,9.1,12.9,5.1,2781
20210211,10.9,13.3,8.1,
20210212,11.9,14,9.6,
20210213,14.2,18.6,10.6,
20210214,15.6,18.9,12.9,
20210215,9.7,14.3,3.4,2796
20210216,6.2,9.4,2.9,2796
20210217,0.7,3.9,-2.3,2790
20210218,2,4.6,-2.1,2782
20210219,7.2,11.5,1.3,2786
20210220,13.1,16.6,9.1,
20210221,15.7,18.4,12.8,
20210222,15.9,23.6,12.4,2786
20210223,11.9,14.4,9.6,2786
20210224,11.3,15.3,7,2786
20210225,11.6,13.8,9.9,2785
20210226,11.2,12.9,9.7,2813
20210227,11.2,12.5,10.5,
20210228,13.7,15.9,10.6,
20210301,14.9,16.9,10.8,
20210302,9.4,13.7,4.8,2813
20210303,9.4,12.7,4.7,2815
20210304,11.9,13.7,9.9,2815
20210305,13.4,16,11.2,2846
20210306,12.5,17.5,10.3,
20210307,9.6,12.1,7.3,
20210308,10.7,15.5,6.6,2846
20210309,11.6,14.5,8.9,2829
20210310,12.7,18.1,8,2829
20210311,14.3,18.2,11.1,4872
20210312,13.6,17.4,10.8,5085
20210313,11.8,15.2,8.2,
20210314,13,17.7,8.5,
20210315,14.6,17.3,10.1,4987
20210316,15.1,17.5,12.6,5113
20210317,13.7,17.9,9,6339
20210318,14,18.4,8.6,6561
20210319,14.4,17.1,13.2,6738
20210320,15.5,19.1,12.8,
20210321,10.7,15.6,6.5,
20210322,9,12.7,5.2,6827
20210323,11.2,15.4,7.1,6827
20210324,14,18.1,8.9,6827
20210325,14.8,18.8,11,6357
20210326,15.8,20.2,10.2,6447
20210327,16.7,18.7,13.9,
20210328,15.6,20.9,12.3,
20210329,15.5,19.8,12.2,6381
20210330,15.5,19.3,12.8,6381
20210331,16.3,20,13.1,6392
20210401,15,17,13.4,6872
20210402,17.1,19.3,14,6829
20210403,16.4,18.3,13.5,
20210404,14.6,17.3,13.3,
20210405,13.5,16.9,10.8,6922
20210406,14.7,18.2,11.2,6922
20210407,16.8,22.2,11.9,7164
20210408,16.1,19.5,13.1,
20210409,14.9,19.8,10,
20210410,14.4,18.1,11.8,
20210411,15.9,18.9,12.6,
20210412,15.7,16.9,14.4,
20210413,15.1,20.1,11.7,
20210414,12.8,17,10.4,
20210415,14.1,17.6,9.9,
20210416,16.3,19,13.7,
20210417,14.9,22.5,9.8,
20210418,14,19.8,9.6,
20210419,15.2,21,8.8,
20210420,15.5,20.1,10.8,
20210421,17.4,21.9,11.9,
20210422,20.4,23.7,17.4,
20210423,19.1,23.6,16.4,
20210424,18.3,22.7,15.8,
20210425,17.3,22.5,14.5,
20210426,16.3,20.1,13.8,
20210427,16.8,19.6,13.8,
20210428,17.1,20.5,15.3,
20210429,17.6,21.9,16,
20210430,17.3,22.7,12.4,
20210501,14.2,18.4,11,
20210502,15,18.9,10.8,
20210503,15.7,18.4,11.4,
20210504,18.5,20,17.1,
20210505,19.1,24,15.6,
20210506,17.5,21.4,12.7,
20210507,19,23.2,16.3,
20210508,17.2,20.5,13.8,
20210509,19.2,22.6,15.4,
20210510,20.1,25.7,16.9,
20210511,18.4,21.3,17.2,
20210512,18.9,21.7,16.5,
20210513,20.6,25.3,17.5,
20210514,20.9,23.6,18.7,
20210515,22.4,26.2,20.5,
20210516,20.4,21.4,18.3,
20210517,18.6,22.8,16.4,
20210518,18.5,22.1,16.3,
20210519,19.5,22.6,17.1,
20210520,17.6,19.8,16.2,
20210521,18.4,22.1,15.6,
20210522,19.2,22.5,15.6,
20210523,19.9,23,16.4,
20210524,20.2,25.1,15.8,
20210525,20.8,27.9,16.9,
20210526,18.4,21.9,15.3,
20210527,19.6,26.2,15.9,
20210528,20,24.9,17.4,
20210529,19.3,22.5,15.3,
20210530,20.3,22.7,16.7,
20210531,21.2,24.7,17.7,
20210601,22.3,25,19.6,
20210602,22.6,24.3,19.9,
20210603,21.5,24,18.5,
20210604,21,27.4,18.3,
20210605,20.5,23,18.6,
20210606,20.8,23.3,18.2,
20210607,21.5,24.6,18.7,
20210608,23.1,26.6,21,
20210609,23.8,26.9,22.4,
20210610,23.3,25.1,22.3,
20210611,22.2,23.1,21.1,
20210612,22.8,25.8,21.1,
20210613,20.7,23,18.9,
20210614,22.2,24.8,19.3,
20210615,22.5,23.6,21.6,
20210616,22,24.1,21.2,
20210617,21.8,24.1,20.6,
20210618,21.9,24.2,21.1,
20210619,23,27.4,20,
20210620,23.5,26.8,19.6,
20210621,24.4,29,20.6,
20210622,23.8,26.4,21.6,
20210623,23.1,25.9,20.9,
20210624,23.2,26.1,21.5,
20210625,23.6,25.9,21.5,
20210626,24.3,26.8,22.2,
20210627,24.7,28.4,22.8,
20210628,25.3,28.7,23,
20210629,24.4,27.4,22.7,
20210630,24.3,27.1,22.4,
20210701,25.9,29.3,23.1,
20210702,24.2,26.2,23.1,
20210703,24.9,25.9,23.1,
20210704,23.6,25.6,22.2,
20210705,25.5,26.8,23.3,
20210706,26.1,27.4,25.3,
20210707,25.8,26.4,24.9,
20210708,25.5,26.8,23.8,
20210709,25.5,27.5,24.3,
20210710,26.1,28.7,24.5,
20210711,26.3,27.9,24.7,
20210712,27.4,29.9,25.5,
20210713,27.2,29.6,26.2,8743
20210714,27.4,28.9,26.3,8961
20210715,27.3,29.4,24.8,9009
20210716,27.6,29.3,26,9159
20210717,26.8,29.7,23,
20210718,25.1,28.1,22.6,
20210719,27.3,30.1,24.3,9028
20210720,28.3,31.1,26.6,9076
20210721,28.3,32,26.1,9083
20210722,28.2,32,26.2,8986
20210723,27.3,29.2,26.2,8975
20210724,27.9,31.3,26.6,
20210725,26.8,27.2,26,
20210726,25.9,27.1,23.6,9109
20210727,27.3,29.7,25.6,8986
20210728,27.4,29.9,25.2,8917
20210729,26.9,29.1,25.3,8714
20210730,26.5,28.5,24.8,8714
20210731,27.2,29.3,25.7,
20210801,27.9,29.9,26.5,
20210802,27.2,30.1,25,8745
20210803,27.7,29.7,25.6,8687
20210804,28.1,31,25.6,8687
20210805,28.9,31.7,26.9,8720
20210806,28.5,32.9,24.8,8635
20210807,28.7,31.4,26.8,
20210808,28,30.4,26,
20210809,28.4,32.9,25.1,8662
20210810,27.3,29.3,25.7,8759
20210811,25.5,28.2,23.3,8668
20210812,25.1,27.2,23.4,8752
20210813,23.7,25.3,22.6,8834
20210814,23.4,24.8,21.8,
20210815,24.3,25.7,22.8,
20210816,24.2,27.4,23,
20210817,25.7,29.2,23.5,8791
20210818,24.4,28,22.9,8791
20210819,24.9,27.9,21.8,8627
20210820,26.3,28.9,24,8670
20210821,25.2,26.7,22.8,
20210822,25.1,26.7,23.6,
20210823,26.1,28.9,24.7,8583
20210824,26.1,26.8,25.4,8583
20210825,25.6,26.6,23.9,8562
20210826,25.9,28.6,23.4,8656
20210827,26.7,28.9,25.4,8677
20210828,26.8,29.7,25.3,
20210829,26.7,29.1,25.3,
20210830,26.8,29.3,25.3,8587
20210831,26.5,29.2,24.1,8690
20210901,26.6,28.8,23.4,8725
20210902,24.5,27.1,22.5,8829
20210903,24.3,27.6,22.5,8817
20210904,24.8,27.5,22.9,
20210905,23.6,25.3,22.2,
20210906,24,26,23,8760
20210907,25.3,29.3,23.3,8691
20210908,24.2,27,21.4,8712
20210909,24.3,26.8,21,8733
20210910,23.1,24.5,22.1,8750
20210911,25,28.1,22.2,
20210912,25.8,28.5,23.8,
20210913,23.2,25.7,21.8,8741
20210914,24.5,25.8,23,8776
20210915,22.9,24.5,21.9,8756
20210916,22.9,24.8,21.5,8846
20210917,25.3,29.5,23.6,8871
20210918,24,26.9,22.3,
20210919,23.8,26.9,21.6,
20210920,24.9,27.2,22.3,
20210921,23.4,26.4,21.5,
20210922,24.1,26.4,21.4,
20210923,23.8,27.2,21.5,8927
20210924,22.9,26.6,19,8803
20210925,23.8,26.9,21.6,
20210926,23.7,26.5,22,
20210927,23.8,27.1,21.5,8667
20210928,25,28,22.6,8686
20210929,25.8,28.5,23.9,8653
20210930,24.3,27.1,22.7,8877
20211001,23.3,27.6,19.3,8841
20211002,23,26.4,19.7,
20211003,24.2,27.5,19.3,
20211004,25.8,28.7,23.6,
20211005,25.4,28.5,23.2,8474
20211006,25,27.5,22.8,8330
20211007,24.4,27.3,21.9,7956
20211008,25.1,27.9,22.6,7924
20211009,24.5,27.3,21.7,
20211010,25.4,27.7,23.8,
20211011,25.1,27.5,23.8,
20211012,23.1,25.7,21.2,7942
20211013,22.8,24.3,21.6,7712
20211014,23.4,26,21.8,7468
20211015,23.1,26,20.8,7315
20211016,17.7,22.9,14.1,
20211017,14.4,17.7,11.6,
20211018,14.8,18.4,9.9,7134
20211019,16.2,21.1,12.5,7073
20211020,14.6,16.6,12.7,6993
20211021,16,19.7,13.2,6826
20211022,15.7,19.6,13,6787
20211023,16.5,20.5,11.9,
20211024,18.1,20.8,16,
20211025,17.7,21.6,14.6,6753
20211026,17.1,21,13.8,4554
20211027,17.6,22.5,13.3,4221
20211028,17.7,21.5,13.5,3232
20211029,18.3,21.5,16.8,3746
20211030,17.7,21.3,14.9,
20211031,17.6,22.4,13.1,
20211101,18,22.3,14.7,3210
20211102,15.8,19.7,12.9,3168
20211103,15.9,20.4,11.9,3172
20211104,17.1,21.9,13.1,3171
20211105,17.9,21.1,13.8,3165
20211106,18.7,20.4,17.6,
20211107,19.1,22.2,16.9,
20211108,14.1,21,10.2,3186
20211109,10.9,14.3,8.3,3173
20211110,10.9,13.5,7.7,3164
20211111,12.6,16.6,9.8,3094
20211112,11.6,14.9,8.6,3085
20211113,13.3,16.8,10,
20211114,15.2,19.2,12.2,
20211115,14,18,9.9,3075
20211116,13.9,17.8,11.4,3075
20211117,14.7,19.2,10.8,3038
20211118,14.6,18.5,11.9,3048
20211119,14.6,19.8,9.9,3047
20211120,15.5,19.8,11.2,
20211121,17,19.5,14.9,
20211122,11.6,16.1,7.3,2845
20211123,9.1,11,7.1,2889
20211124,11,14,8.9,2918
20211125,13,17.4,10.4,2908
20211126,12.7,18.7,9,2904
20211127,11.3,15.8,8.3,
20211128,13.7,17,10.5,
20211129,14.9,18,11.9,2939
20211130,12.6,18.7,6.4,2932
20211201,7.6,10.3,5.6,2902
20211202,8.6,11.6,5.8,2916
20211203,10.5,14.2,7.2,
20211204,10.3,14.1,6.8,
20211205,9.8,12.2,7.8,
20211206,12,16.3,7.9,2925
20211207,12.3,17.4,8,2923
20211208,12.4,16,9.9,2920
20211209,14.1,17.1,12.3,2920
20211210,14.3,18.6,11.6,2933
20211211,13.3,16.6,11.4,
20211212,11.4,15.6,7.5,
20211213,7.6,11.3,5.3,2927
20211214,8.3,12,4.6,2927
20211215,12.4,17.1,8.3,2910
20211216,11.9,12.9,10.8,2832
20211217,5.5,12.3,1.4,2815
20211218,4.7,7.5,2,
20211219,7.4,10.9,4.7,
20211220,10.3,14.1,5.6,2850
20211221,12.6,17.1,10.3,2859
20211222,11.6,17.3,7.4,2859
20211223,11,15.7,6.9,2868
20211224,11.3,15.4,6.9,2801
20211225,3.9,7.5,1.1,
20211226,0.6,3.4,-1.1,
20211227,3.7,7.5,-0.4,2790
20211228,7,11,3.5,2798
20211229,9,12,6.9,2804
20211230,6.5,9.1,4.6,2895
20211231,5.3,8.8,2.8,2900
20220101,7,11.6,3.5,
20220102,7.9,13.2,4.3,
20220103,8.5,12.7,5.4,2870
20220104,8.3,12.3,4.5,2888
20220105,6.7,9.2,5.1,2891
20220106,8.6,12.4,5.7,2964
20220107,7.2,11.6,3.7,2983
20220108,7.6,11.3,5,
20220109,8.3,12.6,5.7,
20220110,8.3,12.2,5.1,3042
20220111,3.6,7.7,0.8,3039
20220112,3.9,7.6,1.5,3095
20220113,4.3,6.7,1.9,3087
20220114,5.1,8.2,1.8,3087
20220115,7.8,11.4,5.4,
20220116,8.8,13.9,5.7,
20220117,6.9,10.2,5.2,3106
20220118,5.5,8.5,3.1,3096
20220119,6.2,10,3.3,3087
20220120,4.8,7.3,2,3114
20220121,7.5,10.4,2.6,3113
20220122,9.8,12.2,8,
20220123,10.1,11.5,8.9,
20220124,10,12.3,8.3,3090
20220125,9.3,10.6,8.5,3092
20220126,9.6,12.4,7,3092
20220127,9.4,11.7,7.7,3037
20220128,8.5,12,6.7,3037
20220129,8.3,10.4,7.3,
20220130,7.4,11,3.8,
20220131,5.8,10,1.8,
20220201,6.4,10.2,3.7,
20220202,6.3,8.8,2.8,
20220203,6.5,9.3,4.1,2903
20220204,5.2,9.5,2.3,2904
20220205,2.7,5.4,1.6,
20220206,3.9,7.3,1.7,
20220207,5,8.4,1.7,2904
20220208,5.7,9.8,2,2904
20220209,6.8,11.2,2.8,2901
20220210,6.8,11.2,4.8,2924
20220211,7.9,12.5,3.8,3021
20220212,10,12.3,7.4,
20220213,10,11.4,8.9,
20220214,9.8,14,6.5,3021
20220215,5.4,10.6,1.2,3075
20220216,2,5.4,0.1,3075
20220217,1.9,4.5,-0.4,3081
20220218,5.8,9.1,1.8,3081
20220219,6.4,10.3,2.6,
20220220,1.9,4.7,-1,
20220221,4.2,7.7,0.6,3081
20220222,4.6,8.3,2.4,3126
20220223,4.5,7.4,2.2,3126
20220224,4.6,8.3,1.2,3164
20220225,6.9,11.1,2.6,3222
20220226,8.8,13.2,4,
20220227,9.1,13,6.3,
20220228,10.4,13.4,5,3254
20220301,13.4,17.9,9.6,
20220302,8.2,12.6,4.6,3311
20220303,9.2,13.7,3.6,3400
20220304,11.2,15.7,7.6,3456
20220305,11.1,16.6,7.4,
20220306,7.5,11.3,4.3,
20220307,8.9,11.9,6.6,3401
20220308,10.4,16.6,5.6,3441
20220309,11.8,16.3,6.8,3441
20220310,13.1,17.1,7.6,3408
20220311,16.5,18,14.7,7353
20220312,17.8,20.7,14.7,
20220313,15.7,17.2,13.5,
20220314,14.4,17.6,12.8,
20220315,14,17.4,11.6,
20220316,14.5,18.4,10,
20220317,13.8,17.1,11.2,
20220318,11.9,14.9,10.3,
20220319,8.5,10.9,6.4,
20220320,9.3,11.9,6,
20220321,9.9,12.9,6.7,
20220322,11,15.5,6.3,
20220323,10.8,13.7,8.4,
20220324,11.6,15.1,7,
20220325,16,18.5,10.6,
20220326,14.9,17.7,11.7,
20220327,14.8,19.6,12,
20220328,12.3,15.6,9.4,
20220329,13.5,16.7,10.2,
20220330,17.3,20.5,14.1,
20220331,15.5,18.4,12.8,
20220401,12.1,15.4,9.6,
20220402,11.4,15.6,7.7,
20220403,11.6,15.6,7,
20220404,12.6,16.8,7.5,
20220405,12.9,16.2,10.2,
20220406,14.4,18.2,9.9,
20220407,15.6,20.6,10.8,
20220408,15.8,20,11.4,
20220409,17.4,21,14.2,
20220410,19.2,22.6,14.7,
20220411,19.9,22.6,19,
20220412,18.5,21.5,17.4,
20220413,18.1,22.8,14.4,
20220414,14.1,15.3,13.6,
20220415,15.5,19,12.8,
20220416,14.4,17.5,11.3,
20220417,15.6,20.7,10.7,
20220418,16.2,19.1,14.1,
20220419,17.1,21.6,13.1,
20220420,17.2,21.5,12.6,
20220421,14.4,17.4,11,
20220422,17.7,21.5,13.2,
20220423,18.4,20.5,17.1,
20220424,18.8,21.6,16.9,
20220425,20.1,23.4,16.2,
20220426,18.1,20.5,16.6,
20220427,19.3,24.5,16.4,
20220428,18.8,23.4,15.4,
20220429,15.1,19.7,11.6,
20220430,15.2,17.6,13.5,
20220501,15.8,20.7,12.6,
20220502,17,21.2,13.4,
20220503,15.5,18.8,12.1,
20220504,16.1,20.2,12.2,
20220505,19.4,23.5,14.4,
20220506,21.2,24.4,18.1,
20220507,20.7,23.7,18.2,
20220508,18.3,20.8,17,
20220509,17.7,21,16.2,
20220510,18.2,21.8,15.4,
20220511,19.1,20.6,17.7,
20220512,20.7,25,18.3,
20220513,19.1,21.8,17.6,
20220514,18.8,22.5,15.3,
20220515,17.8,20.8,15.3,
20220516,17.6,21.4,14.3,
20220517,19.3,22.4,15.8,
20220518,20.5,22.6,16.9,
20220519,20.3,23.3,17.2,
20220520,20.8,24.6,18.4,
20220521,20.7,24.4,16.9,
20220522,21.4,25.1,17.1,
20220523,21.1,24.9,18.5,
20220524,21.8,25.3,18.3,
20220525,21.5,25.1,18.8,
20220526,19.9,22.4,17.9,
20220527,23.1,29.6,15.3,
20220528,21.1,25.8,19,
20220529,19.5,21.5,18.2,
20220530,20.1,23.5,19,
20220531,21.6,25.7,18.4,
20220601,20,23.4,18,
20220602,20.6,23.8,17.9,
20220603,21.1,24.3,18,
20220604,22.1,25.2,19.7,
20220605,19.7,21.7,17.3,
20220606,21.9,26.9,18.5,
20220607,20.2,21.7,18.2,
20220608,20.1,22.7,18.2,
20220609,20.5,23.5,18.1,
20220610,21.3,23.5,18.3,
20220611,22.5,26.3,18.3,
20220612,21.5,24.4,20.2,
20220613,20.1,21.8,19,
20220614,20.5,22.4,18.9,
20220615,21.1,23.9,19.3,
20220616,21.4,24.2,19.3,
20220617,22.7,25.4,20.8,
20220618,23.4,26.3,21.5,
20220619,23.9,26.9,21.6,
20220620,22.9,24.7,21.7,
20220621,24.8,28.7,22,
20220622,23.9,28,20.7,
20220623,24.1,24.8,23.6,
20220624,23.6,27.1,22.1,
20220625,24.4,27.9,22.4,
20220626,24.9,26.7,24.2,
20220627,25,26.3,24.1,
20220628,25,26,24.6,
20220629,25.4,26.7,24.7,
20220630,26.5,28.7,25.1,
20220701,26.3,29,24.5,
20220702,27,30,24.2,
20220703,27.3,30.7,25,
20220704,26.5,29.5,24.9,
20220705,27.2,29.3,25.4,
20220706,27.7,29.7,26.3,
20220707,27.6,28.8,26.8,
20220708,27.6,29.9,26,
20220709,27.4,30.2,24.8,
20220710,27.7,30.7,25.1,
20220711,25.9,28.3,23,
20220712,27,29.4,25.1,
20220713,27.7,30.1,25.2,
20220714,27.6,30,25.8,
20220715,25.7,27.9,24.2,
20220716,27,32.3,23.3,
20220717,26.7,29.2,24.4,
20220718,27,28.7,25.4,
20220719,26.5,28.6,24.7,
20220720,26.3,28,24.5,
20220721,27.4,31.7,24.2,
20220722,26.2,30.5,23,
20220723,26.6,29.3,23.5,
20220724,27.4,31.7,24.7,
20220725,25.9,29.2,24,
20220726,26,28.6,22.9,
20220727,26.8,29,25.1,
20220728,28.1,31.1,25.8,
20220729,29.2,32.4,27.1,
20220730,26.9,28.5,25.2,
20220731,26.9,27.4,25.4,
20220801,27.2,28.8,25.9,
20220802,28.1,30.8,24.9,
20220803,28.4,30.9,27,
20220804,28.8,31,27.2,
20220805,28.8,31.2,27.3,
20220806,29.2,31.4,27.4,
20220807,29.2,31.4,27.8,
20220808,29.1,31.5,27.8,
20220809,28.9,31.6,27.4,
20220810,29,31.8,27.5,
20220811,28.6,30.8,27.1,
20220812,28.6,30.4,27.7,
20220813,29,31,27.4,
20220814,29.1,31.4,27.7,
20220815,28.9,31.3,27.4,
20220816,28,30.1,26.3,
20220817,25.2,27.7,23.3,
20220818,26.4,28.5,23,
20220819,28.5,30.5,26,
20220820,27.8,30.5,26.5,
20220821,27.3,29.9,25,
20220822,27.4,30.2,25.3,
20220823,28.4,31.1,25.5,
20220824,27.4,30.2,23.9,
20220825,25.8,29.6,21.4,
20220826,24.9,27.4,22.2,
20220827,25.4,29.1,22.3,
20220828,25,28.1,21.4,
20220829,26.1,29.1,23.2,
20220830,27.9,31.1,26.3,
20220831,26.9,29.2,25.5,
20220901,25.3,27.2,23.8,
20220902,22.7,24.8,20.7,
20220903,25.1,26.8,23.9,
20220904,25.8,28.2,22.4,
20220905,26.2,28.1,24.6,
20220906,25,29.1,22.2,
20220907,24.6,28.6,20.6,
20220908,24.5,28.8,20.6,
20220909,23.9,27.6,19.8,
20220910,24.2,27.1,22.3,
20220911,24.9,28.1,22.5,
20220912,25.1,27,24.2,
20220913,24.5,25.7,23.4,
20220914,25.3,26.6,24.2,
20220915,25.7,28,25,
20220916,26.9,29.8,25.1,
20220917,26.8,31,23.7,
20220918,29.5,32.7,26.6,
20220919,28.7,34.8,24,
20220920,22.3,24.6,20.9,
20220921,21.1,24.1,19.8,
20220922,22.3,25.9,19.9,
20220923,22.7,25.8,19.4,
20220924,21.3,24.3,18.2,
20220925,22.1,25.7,19,
20220926,22.7,25.7,19.4,
20220927,23,27,20,
20220928,22.9,25.2,21.7,
20220929,22.7,26.6,20.2,
20220930,22.1,25.9,18.4,
20221001,22,25.8,17.8,
20221002,23.4,25.2,19.8,
20221003,25.6,27.9,24.3,
20221004,24.2,26.6,21.8,
20221005,21.3,24.1,17.8,
20221006,18.8,22.1,16.2,
20221007,17.9,21.1,15.5,
20221008,18.1,20.1,16,
20221009,18.6,20.2,16.9,
20221010,15.9,18.3,14.3,
20221011,16.8,21,13.7,
20221012,17.9,22,12.5,
20221013,19.9,23.1,18,
20221014,20.2,23.4,18.2,
20221015,20.5,24.5,16.8,
20221016,21.1,23.7,19.1,
20221017,19,23.6,14.3,
20221018,15.4,20.1,11.5,5646
20221019,15.8,20.2,11.5,5431
20221020,17.5,20.8,14.2,5068
20221021,20.1,23.6,16.3,5107
20221022,21.7,24.8,19.6,
20221023,19.3,23.2,15.9,
20221024,15.9,20.1,13,4953
20221025,14.9,18.3,11.5,5110
20221026,17.5,20.1,15.6,4999
20221027,17.5,21.5,14.7,4770
20221028,17.8,22.7,13,4721
20221029,18.7,22.2,17.2,
20221030,18.1,21.6,16.4,
20221031,17.8,21,15.8,4700
20221101,18,22.2,14.6,4696
20221102,17.3,21.8,13.3,4551
20221103,16.9,21,11.3,4290
20221104,15.7,18.4,13.2,4156
20221105,13.7,17.3,10.7,
20221106,13.7,17.9,10.8,
20221107,14.1,18.2,10,3174
20221108,16,21.1,11.5,3173
20221109,17.1,21,12.8,3164
20221110,19.3,22.6,15.8,3318
20221111,20.6,23.2,19.1,3303
20221112,21.1,22.6,19.6,
20221113,17.8,24.1,13.1,
20221114,15.1,18.6,12.8,3276
20221115,13.6,17,10.7,3284
20221116,14.4,18.9,9.4,3259
20221117,15.5,17.9,12.7,3091
20221118,17.2,20.2,15.8,3047
20221119,18.2,20.9,16.9,
20221120,16.2,17.8,15.1,
20221121,16.3,20.3,13.3,3146
20221122,16.3,17.8,13.9,3123
20221123,16.5,19.8,13.7,3124
20221124,15.4,20.1,12,3153
20221125,15.9,20.1,10.4,3153
20221126,16.3,20.7,13.1,
20221127,15.8,18.4,11.3,
20221128,20.7,23.3,17.4,3153
20221129,18,21.1,14.8,3099
20221130,8.3,14.8,5.2,3093
20221201,6,8.8,4.2,3152
20221202,7.3,10.7,4.6,
20221203,11.5,12.7,9.2,
20221204,12,13.7,9.8,
20221205,10,12.8,5.6,3121
20221206,8,12,4.2,3124
20221207,10.8,15.6,7.1,3138
20221208,10.7,14.2,8.1,3128
20221209,11,14.7,7.9,3125
20221210,12.5,16.9,8.8,
20221211,9.5,12.4,6.1,
20221212,9.8,14.3,5.8,3139
20221213,9.2,12.3,6,3135
20221214,4.5,7.3,2.8,3161
20221215,6.4,10.6,3,3282
20221216,9.2,11.8,6.8,3239
20221217,3.6,7.8,-0.8,
20221218,0.7,3.4,-1.8,
20221219,5.3,8.2,1.3,3216
20221220,8.5,12.1,3.6,3235
20221221,9.3,13,6.8,3253
20221222,2.9,6.9,-0.9,3213
20221223,0.8,3.3,-1.3,3229
20221224,3.6,7.5,0.1,
20221225,6.1,11.6,1.8,
20221226,6.8,11.6,3.6,3270
20221227,7.5,11.2,4.1,3284
20221228,6.7,11.3,4.3,3311
20221229,5.9,9.1,3.4,3322
20221230,5.9,10.1,2.7,3317
20221231,6.3,11.2,2.5,
20230101,8.2,12.7,3.6,
20230102,7.5,11.6,4.6,3384
20230103,6.1,10.1,3.4,3370
20230104,6.9,11.2,3.1,3357
20230105,7.9,13.1,4.1,3326
20230106,9.1,12.1,5.2,3314
20230107,8.4,12.4,6.4,
20230108,8.9,13.7,4.1,
20230109,11.8,16.9,8.5,3323
20230110,10.2,14.1,5.7,3334
20230111,10.7,15,7.2,3345
20230112,14.4,16.5,9.1,3337
20230113,16.6,17.8,15.4,3321
20230114,15.1,17.6,13.3,
20230115,9.6,13.4,6.1,
20230116,5.9,7.8,3.7,3308
20230117,5.9,8.5,3.5,3306
20230118,6.1,10,3.8,3298
20230119,6.8,9.7,5.3,3371
20230120,6.1,10.1,2.3,3367
20230121,3.9,7,1.8,
20230122,7.3,9.2,3,
20230123,9.1,13,6.1,
20230124,-2.1,6.2,-4.5,
20230125,-0.4,3.7,-4.4,3377
20230126,6.1,9.8,2.2,3347
20230127,2.3,6.6,-0.2,3343
20230128,2.2,4.5,-0.9,
20230129,5.6,7.8,3.4,
20230130,5.8,10.5,2.5,3416
20230131,8.2,12.5,2,3430
20230201,12.2,15.5,8.4,3459
20230202,8,10.1,5.5,3444
20230203,7.9,11,5.7,3469
20230204,7.4,11.6,4.8,
20230205,7.7,12.1,4.4,
20230206,8.9,11,6,3437
20230207,11.3,15.9,8.8,3512
20230208,10.8,16.1,6.5,3561
20230209,10.2,13.4,8.3,3561
20230210,11,15,7.8,3577
20230211,10.4,12.6,5.6,
20230212,11.5,13.2,10.3,
20230213,10,11.8,7.2,3529
20230214,8.4,11.9,5.9,3495
20230215,8.1,11.3,4.7,3500
20230216,8.9,12.3,6.8,3526
20230217,11.1,14.7,6.6,3455
20230218,14.4,16.1,13,
20230219,10.3,14.4,6,
20230220,6.5,12.5,2.3,3408
20230221,4.4,8.4,1,3441
20230222,8.9,11.7,5,3471
20230223,10.1,12.5,8.2,3525
20230224,10.5,14.8,7.3,3525
20230225,7,10.5,3.9,
20230226,6.9,11,2.3,
20230227,8.7,13.2,4,3597
20230228,11.9,15.2,7.2,3597
20230301,12,14.5,9.1,
20230302,7.2,10.5,4.9,3574
20230303,8.9,12.8,3.8,3574
20230304,11.1,15.7,7.2,
20230305,10.7,15.6,7.4,
20230306,11.6,16.2,7.2,
20230307,13.7,16.9,10,
20230308,15.3,18.6,11.2,7674
20230309,15.8,18,13.6,7924
20230310,14.1,18.4,10.1,7631
20230311,15.6,19,11.3,
20230312,14.1,18.5,7.2,
20230313,7.8,12.2,4.6,7845
20230314,11.5,15.4,6,7791
20230315,16.3,20.4,11.8,7912
20230316,14.2,17.1,12.4,7422
20230317,12.1,14.6,9.6,7366
20230318,12.9,16.7,10.2,
20230319,12.5,16.3,9.1,
20230320,13.3,15.6,9.2,7377
20230321,16,17.9,13.9,7325
20230322,17.2,18.7,15.9,7114
20230323,17.4,19.3,16.5,7144
20230324,14.7,16.8,12.6,7036
20230325,13.3,14.9,12.3,
20230326,13.8,17.6,10.9,
20230327,13,16.9,10.1,6941
20230328,13.9,18.2,9.4,6941
20230329,14.2,18.1,11,7356
20230330,15.3,18.4,10.6,
20230331,18.3,22.9,13,
20230401,18.4,21.8,16.5,
20230402,17,20.6,14.5,
20230403,15.8,19.1,13.3,
20230404,17.2,19,14.8,
20230405,15,17,11.6,
20230406,12.5,15.8,10.6,
20230407,13.4,17.6,10.7,
20230408,11.7,15.9,6.7,
20230409,12.6,17.1,7.3,
20230410,14.4,17.1,10.6,
20230411,17.6,20.5,15.2,
20230412,16.4,20.1,12.6,
20230413,15.1,18.9,11.1,
20230414,15.8,18,14.2,
20230415,16.1,20,13.6,
20230416,14.5,18.6,12.1,
20230417,16.1,19.2,11.1,
20230418,19.2,20.6,18.1,
20230419,19,20.7,17.3,
20230420,19.8,23.5,16,
20230421,19.4,25.6,15.3,
20230422,15.8,19.1,13.8,
20230423,15.3,18.8,13.1,
20230424,13.8,15.4,12,
20230425,12.9,13.9,11.8,
20230426,15,20.2,10.1,
20230427,14.1,17.8,10.6,
