year,avgTemp,maxTemp,minTemp,rainFall
20130101,7.2,10.7,3.5,0
20130102,6.2,10.9,1.3,0
20130103,2.3,5.5,0.1,0
20130104,3.4,6.7,0.3,0
20130105,5.1,8.8,2.5,0
20130106,5.4,10,1.8,0
20130107,6.6,8.6,3.8,0
20130108,7.9,10.8,5.1,0
20130109,5,8.9,1.7,0
20130110,4.6,7.4,2.1,0
20130111,6.9,9.8,4.2,0
20130112,9.8,14,6.6,0
20130113,8.8,10.2,6.9,0.4
20130114,9.7,14.3,6.1,0
20130115,8.6,11.4,4.1,0
20130116,7.1,11.1,4.1,0
20130117,4,7.1,1.3,0
20130118,4.5,9.4,0.1,0
20130119,6.5,11.3,1.8,0
20130120,8.6,12.9,4.2,2
20130121,13.3,16,9.9,37.5
20130122,9.6,12.2,8.3,0
20130123,7.7,10.8,4.6,0
20130124,6.6,9.9,3.7,0
20130125,4,7.4,2.2,0
20130126,4.8,9.6,1.8,0
20130127,3.1,6.4,0.9,0
20130128,6,10.9,1,0
20130129,8.3,12.1,3.9,0
20130130,10.9,15.2,6.2,0
20130131,13.7,16.5,9.7,0.2
20130201,14.9,16.6,12.6,22
20130202,11.8,14.2,8.4,0
20130203,10.1,13,6.1,10.5
20130204,12.7,18.9,8.3,2
20130205,9.6,10.8,6.9,10.5
20130206,8.2,10.7,5.7,0
20130207,3.3,5.9,-0.9,0
20130208,1.5,4.9,-1.1,0
20130209,4.1,7.4,0.7,0
20130210,6.4,10.7,2.5,0
20130211,6.8,10.7,4.1,0
20130212,7.1,12.4,4.2,0
20130213,6,9.4,2.2,0
20130214,7.6,9.3,5.6,3
20130215,7.6,12.8,3.6,0.5
20130216,5.8,9.1,1.7,0
20130217,10.2,14.3,4.8,41.5
20130218,10.2,14.3,6.1,7.5
20130219,5.8,8.4,2.9,6
20130220,6.2,9.7,2.9,0
20130221,7.5,11.5,3.5,0
20130222,9,14.3,6.4,0
20130223,8.1,11.9,3.5,0
20130224,8.7,12.2,5.6,0
20130225,10.3,13.2,6.5,0
20130226,10.9,12.7,9.2,2.5
20130227,12.9,15.7,10.4,0
20130228,14.2,17.8,8,0
20130301,11.6,16.8,5.8,1
20130302,8,11.6,4.5,0
20130303,7.7,12.7,4.1,0
20130304,9.9,15,4,0
20130305,10.3,15,5.6,0
20130306,12.8,16.7,8.2,0
20130307,13.7,16.3,10.7,0
20130308,14.5,19.3,8.8,0
20130309,17.1,21.3,11,0
20130310,14.6,19.8,10,0
20130311,11.6,15.6,8.1,0
20130312,14.7,18.2,9.2,0
20130313,13.9,17.8,10.1,4.5
20130314,10,14.6,6.7,0
20130315,10.8,14.6,7.4,0
20130316,11.8,16.2,7,0
20130317,13.3,17.4,8.4,15.5
20130318,14.3,17.7,10.8,32.5
20130319,14.6,17.4,9.8,0
20130320,12.5,18.1,6,5
20130321,8.2,11.7,3.6,0
20130322,10.6,13.1,6.7,0.4
20130323,12.1,15.4,9.4,0
20130324,12.8,15.1,10.3,0
20130325,9.7,14.7,6.1,0
20130326,10.4,13.8,5.6,0
20130327,12.9,16.1,10.4,0.5
20130328,14.2,18.8,8.9,0
20130329,13.2,16.5,10.2,0
20130330,12.8,16.8,7.5,0
20130331,13.5,17.1,11.2,0
20130401,14.4,18,11.5,0
20130402,13.3,18.4,8.1,0
20130403,13.4,17.6,7.3,0
20130404,14.7,21.8,11.8,0
20130405,16.3,19.4,13,2.5
20130406,12.9,20.5,5.9,26
20130407,9,14.1,5.8,0
20130408,11.8,16.3,6.7,0
20130409,12.3,17.3,8.6,0
20130410,9.3,12.8,6.5,0
20130411,10.9,15.3,8,0.3
20130412,12.3,16.9,7.8,0
20130413,13.7,17.7,8.2,0
20130414,16.5,21.7,13,0
20130415,15,19.9,10.2,0
20130416,18.8,21.9,14.1,0
20130417,17.1,21.5,15.2,0.2
20130418,16.3,19.2,14.5,0
20130419,13.6,16.8,11.5,0
20130420,11.3,13.5,9.8,2
20130421,12.4,17.6,8.1,0
20130422,14.3,18.5,8.4,0
20130423,15.4,17,13.7,63.5
20130424,15.3,18.4,11.9,0
20130425,15,19.3,11.3,0
20130426,15.2,19.7,11.4,0
20130427,16.2,20.3,10.3,0
20130428,19,22.5,14.6,0
20130429,17.8,19.9,15.6,12
20130430,15.4,18.1,11.9,6
20130501,14.4,18.8,11.2,0
20130502,15,20.3,11.1,0
20130503,16,19.8,11.7,0
20130504,16.5,19.9,13.1,0
20130505,17,21.1,12.5,0
20130506,17.8,23.5,12.7,0
20130507,18.5,22.6,13.9,0
20130508,18.8,22.2,16.6,0
20130509,19.5,23,16.2,23
20130510,19.1,26.1,16.3,35.5
20130511,18.7,24.5,14.8,0
20130512,18.7,21,14.7,0
20130513,20.2,23.2,16.6,0
20130514,21.2,25,15.6,0
20130515,21.1,23.4,18.8,0
20130516,18.3,21.3,16.5,0
20130517,18.4,23.1,15.6,0
20130518,20,24.2,16.8,21
20130519,19.6,23.2,17.3,20.5
20130520,17.8,19.9,16.6,0
20130521,18.6,22.3,16.3,0
20130522,19.1,23.4,14.6,0
20130523,21.4,25.5,18.5,0
20130524,22.2,26.5,18,0
20130525,23.2,26.7,18.8,0
20130526,23.4,26,22,0
20130527,20.4,22.7,20,41
20130528,20.2,22.3,18,19
20130529,20.8,25,17.9,0
20130530,18.9,20.7,17.1,0.5
20130531,19.4,22.4,16.1,0
20130601,18.9,21.2,17.9,0.5
20130602,20.9,24.1,17.5,0
20130603,21.2,25,17.6,0
20130604,21.5,24.8,19.1,0
20130605,21.3,24.6,18.4,0
20130606,21.4,26.3,16.1,0
20130607,22.2,24.7,19.8,0
20130608,20.6,23.2,19.4,13.5
20130609,20.1,20.8,19.3,11.5
20130610,20.6,22.6,19.8,5.5
20130611,21.7,22.5,20.6,1
20130612,21.6,24.2,19.8,0
20130613,21.8,24.1,20.2,0.2
20130614,21.2,22.7,19.6,56.5
20130615,22.9,26.2,20.4,0
20130616,21.8,25.6,19.7,0
20130617,22.9,26.2,19.7,1
20130618,24.2,24.9,23.2,0.5
20130619,23.4,24.5,22.2,19.5
20130620,24.5,29.2,21.6,1.5
20130621,23.5,28.7,21.3,0.5
20130622,21.9,24.8,20.5,0
20130623,22.3,26.3,20.5,2.5
20130624,21.7,25.3,19.3,5.5
20130625,22.5,25.5,20.9,7.5
20130626,23,26,20.2,25.5
20130627,23,25.2,21.1,3
20130628,24.3,28.1,21.9,0
20130629,25,28.2,21.9,0.1
20130630,24.9,28.3,23.3,0.2
20130701,25.7,29.6,23.1,0
20130702,25.8,27,24.8,4.5
20130703,25.8,28.1,24.4,3
20130704,26,26.8,24.8,0.3
20130705,24.6,26,22.6,0
20130706,23.6,25,22.1,11
20130707,25.5,26.4,24.2,0
20130708,25.9,27.7,25.1,0
20130709,26.5,28.9,25.3,0
20130710,27,29.6,25.2,0
20130711,27.2,30,25.1,0
20130712,28.6,31.4,25.7,0
20130713,29.1,31.6,27.5,0
20130714,28.2,30.5,27.1,0
20130715,27.5,29.7,26.4,0
20130716,27.7,30.4,26.2,0
20130717,28,30.5,26.8,0
20130718,27.9,30.9,26.1,0
20130719,28.4,31.5,26.3,0
20130720,28.2,30.7,26.8,0
20130721,27.9,30.3,26.7,0
20130722,28.3,30.9,26.8,0
20130723,28,30.7,26.8,0
20130724,27.9,30.5,26,0
20130725,28.3,32.3,25.8,0
20130726,28.1,31.3,26.3,0
20130727,27.8,30.8,26.2,0
20130728,28.6,31.3,27.5,0
20130729,28.1,29.9,27.1,0
20130730,28.9,31.6,26.9,0
20130731,28.7,31.4,27.2,0
20130801,28.7,31.7,27.2,0
20130802,29,32.1,27.4,0
20130803,28.6,30.6,27.6,0.5
20130804,28.9,31.1,27.3,1
20130805,27.8,29.7,25.8,4
20130806,29.2,31.6,27.2,0.1
20130807,29.2,32.1,27.9,0
20130808,28.9,31,27.1,0
20130809,29.5,32.3,27.3,0
20130810,29.9,32.6,28,0
20130811,29.3,32.1,27,0
20130812,29.4,33.3,26.5,0
20130813,29.6,33,26.6,0
20130814,29.8,33,26.9,0
20130815,29.9,33.3,27.2,0
20130816,29.9,33.5,26.6,0.2
20130817,30.5,33.8,27.5,0
20130818,31.2,34.2,28.4,0
20130819,29.6,33,26.8,14.5
20130820,30.3,33.6,26.8,0
20130821,30.8,34.3,27.2,1
20130822,30.1,33.4,27.1,17
20130823,29.8,32.6,27.5,8
20130824,29,31.4,26.7,10.5
20130825,27.1,30.7,25.6,50
20130826,27.2,31.8,24.9,0
20130827,27.4,31.2,23.4,0
20130828,28.1,32.1,23.3,0.5
20130829,29.6,32,26.5,8.5
20130830,27.2,29.4,25.6,55.5
20130831,26.9,30.3,24.1,0
20130901,26.3,30.1,22.3,0
20130902,27,30.5,23.3,0
20130903,25.2,26.6,23,0.5
20130904,24.6,29.2,20.4,0
20130905,25.2,28.9,22.4,0
20130906,23.6,25.1,21.3,13
20130907,22.5,26,21.2,2.5
20130908,24.5,28.9,21,0
20130909,24.6,28.4,21.2,0
20130910,24.9,29.2,20.9,0
20130911,26.3,29.3,23.1,0
20130912,27.1,30.3,24.5,0
20130913,27.6,30.3,26,1
20130914,25.9,30,22.7,15
20130915,27,33.4,22.3,0
20130916,26.6,30.6,23.1,0
20130917,25.6,29.2,22.6,0
20130918,26.9,30.4,23.3,0
20130919,26.2,29.8,24.2,0
20130920,26.5,30.1,23.6,0
20130921,27.2,31,23.8,0
20130922,26.7,29.7,24.3,16
20130923,26.2,29.6,24.4,0
20130924,25.4,29.2,23.6,2.5
20130925,24.5,27.5,21.4,0.1
20130926,22,25.8,18.3,0
20130927,22.8,27.5,18.6,0
20130928,24.8,28,22.1,0.5
20130929,23.2,25.5,21.5,18.5
20130930,24.4,29.2,21.8,0.4
20131001,23.9,26.9,22.4,17.5
20131002,23.7,27.9,20.1,9.5
20131003,21.6,26.7,17.9,0
20131004,21.8,26.1,17.1,0
20131005,23.4,26.1,21.7,5.5
20131006,25.4,28.1,22.7,0.5
20131007,26,28.6,24.9,0.4
20131008,24.5,26.7,23.2,43.5
20131009,24.7,28,22.5,0
20131010,24.9,27.9,23.4,0
20131011,23.9,29.4,20.7,0
20131012,21.8,26.6,17.6,0
20131013,21.1,25.7,15.5,0
20131014,22.7,26.7,19.9,0
20131015,21.3,25.9,17.9,0
20131016,18.1,21,14.2,0
20131017,18,21.7,14.3,0
20131018,19.9,23.5,17.8,0
20131019,20.3,23.5,18.2,0
20131020,20.1,24.5,16.3,0
20131021,20,24.1,16.2,0
20131022,20.3,23.4,18.6,0
20131023,20.2,22.2,18.5,0
20131024,20.4,24.8,16.7,0
20131025,18.7,23.5,14.6,0
20131026,16.5,21.2,12.5,0
20131027,16.3,20.4,12.8,0
20131028,17.8,22.1,13.9,0
20131029,19,23.4,15.1,0
20131030,19.3,22.6,15.4,0
20131031,18.8,22.8,16.3,0
20131101,20.2,24.3,16.3,0
20131102,20.9,23.5,18.5,0
20131103,20.7,22.9,18.3,0
20131104,17.8,21.1,15.1,0
20131105,19,22.6,15.3,0
20131106,20.3,23.3,17.9,0
20131107,18.3,23.4,14.5,0
20131108,16.8,20.9,13.1,0
20131109,20.2,22.6,16.7,5.5
20131110,16.5,22.4,10.2,24.5
20131111,12.4,15.6,9.9,0
20131112,12.3,15.5,9.6,0
20131113,13,16.1,10.2,0
20131114,14.1,17.9,9.5,0
20131115,15,20,11.4,0.5
20131116,14.3,18.3,10.3,0
20131117,12.6,15.6,9.6,0.1
20131118,8.7,11.8,5.4,3.5
20131119,8.8,11.5,5.7,1
20131120,10.1,13.5,7.4,0
20131121,10.6,15.9,6.1,0
20131122,11.9,15.6,7.8,0
20131123,12.3,16.1,8.6,0
20131124,15,18.5,9.8,38
20131125,12.2,14.4,9.7,2.5
20131126,10.6,13.7,8.1,0
20131127,10,14.9,4.7,1
20131128,4.5,8,2.6,5
20131129,6.4,9,3.2,4
20131130,10.6,14.7,6.4,0
20131201,11,15.6,7.2,0
20131202,9.6,15.4,6.3,0
20131203,9.8,14.6,5.5,0
20131204,11.3,16.4,7.1,0
20131205,12.7,17.6,8.5,0
20131206,12.5,16,9.8,0
20131207,10.5,16,7.7,0
20131208,12.7,17.4,7.8,0
20131209,12.8,16.6,7.8,20
20131210,8.8,11.9,6.7,0
20131211,8.1,10.5,5.1,1
20131212,8.9,11.5,3.7,0
20131213,8,10.9,4.7,0
20131214,7.8,13.3,4,0
20131215,9.4,12.9,5.5,0
20131216,8.3,11.7,6.1,0.5
20131217,9.7,11.4,6.9,5
20131218,10.1,13.6,8.6,1
20131219,5.3,9,2.3,0.5
20131220,5.8,8.3,3.7,0.1
20131221,5.8,9.2,3.2,0.3
20131222,7.4,12.5,3.4,0
20131223,8.2,12.3,5.8,0
20131224,7.4,12.8,3.8,0
20131225,8.9,12,4.6,0
20131226,8.8,13.1,4.8,0
20131227,3.7,6.6,2.2,0
20131228,4.2,7,1.9,0.1
20131229,5,8.3,1.7,1
20131230,8.2,11.3,6,0
20131231,10.2,13.4,6.9,0
20140101,10.4,13.8,8.4,0
20140102,10.3,14.9,6.1,0
20140103,11.3,15.8,7.6,0
20140104,9.9,14.3,6.5,0
20140105,8,13.6,4.8,0
20140106,7.7,12.2,3.4,0
20140107,10.2,14.1,5.8,0.2
20140108,8.9,11.1,5.5,18
20140109,2.8,6.5,0.2,0
20140110,4.1,7.8,-0.1,0
20140111,6.3,9.7,3.8,0
20140112,6.5,11.1,3.1,0
20140113,5.7,9.6,2.8,0
20140114,5.5,9.7,2.5,0
20140115,4.9,9.2,1.4,0
20140116,6.7,10.2,3,0
20140117,7,11.1,3.7,0
20140118,6.8,8.7,4.8,0
20140119,7.2,9.9,3.8,0
20140120,8.5,12,4.4,0
20140121,2.7,5.4,0.9,0.3
20140122,4.7,8.8,0.7,0
20140123,7.7,11,4.6,0
20140124,12.5,15.5,6.8,0
20140125,14.9,17.6,11.2,0
20140126,9.1,13.6,4.4,0
20140127,8.7,13,3.7,0
20140128,11.1,14.9,8.3,0
20140129,11.3,15.9,4.7,5.5
20140130,11.7,13.5,9.5,4.5
20140131,12,15.8,7.8,0
20140201,15.4,20,11.4,11.5
20140202,14.1,17.4,12.2,0
20140203,10.8,15.4,5.2,0
20140204,3.4,6.8,1.5,0
20140205,4.8,7.4,1.9,0
20140206,6.5,8.8,4.5,10
20140207,8.7,11.5,7.6,5
20140208,7.9,11,5.7,1
20140209,6.4,8.7,4.2,0
20140210,6.4,11.2,3.8,2
20140211,6.2,8.7,4,3.5
20140212,7.1,11.3,4.9,0
20140213,7.4,9.8,5.8,0.5
20140214,6.9,9.2,3.8,0.5
20140215,7.2,11.8,2.5,0
20140216,10,14.7,5.5,0
20140217,8.3,10.6,7.4,24.5
20140218,7.7,8.9,6.1,0.5
20140219,6.8,10.3,5.3,0
20140220,7.2,11.8,3,0
20140221,6.8,11.1,3.3,0
20140222,7.5,11.7,4.8,0
20140223,9.1,14.4,3.8,0
20140224,10.5,15.2,6.2,0
20140225,11.6,14.7,7.9,0
20140226,11.2,12.8,9.5,30.5
20140227,13.2,18,10.5,0
20140228,12.9,16.5,10,1.5
20140301,11.7,12.8,10.9,8
20140302,12.1,15.3,10,0
20140303,10.3,13.5,8.5,0
20140304,10,11.2,8.5,13.5
20140305,8.7,13.2,5.6,0
20140306,6.4,10,4.3,0
20140307,6.7,11.1,3.5,0
20140308,6.7,10,2.4,0
20140309,7.8,12.3,4.3,0
20140310,7.1,12.2,1.8,0
20140311,9.4,13,3.8,0
20140312,14.5,15.5,9.6,52
20140313,10.8,15.5,5.7,1
20140314,7.3,11.7,4.7,0
20140315,11.1,14.7,4.6,0
20140316,13.9,17.3,11,0
20140317,15.2,18.3,12.4,26.5
20140318,15.2,20.1,13.3,0.5
20140319,13.4,16.5,11.7,0
20140320,10.6,14.3,7.1,0
20140321,9.7,13.2,7,0
20140322,10.5,14.6,6,0
20140323,12.6,17.4,7.6,0
20140324,14.5,18.4,9.2,0
20140325,15.8,16.3,15,30
20140326,15.4,18.7,14,4
20140327,17.2,21.7,13.1,0
20140328,17.1,21.9,11.6,1.5
20140329,16.1,17.5,14.3,70
20140330,16.9,20.4,13.9,0
20140331,15.3,18.7,11.6,0
20140401,16.5,20.8,12.8,0
20140402,16,20.1,12.6,0
20140403,15.8,21.1,11.5,0
20140404,11.9,16.8,9.1,0
20140405,11.6,17.7,7.5,0
20140406,11.5,16.8,6.7,0
20140407,13.4,17,9.4,0
20140408,14.3,18,11,0
20140409,15.4,19.5,11.4,0
20140410,15.2,20.9,10.2,0
20140411,15.8,19.3,12.9,0
20140412,16.3,20.6,13.9,10
20140413,14.6,17.4,12.5,22
20140414,16.1,21.9,11.9,0
20140415,16.9,22.3,10.9,0
20140416,16.9,20.3,14.2,1.5
20140417,16.1,18,14.9,23
20140418,15.3,16.8,14.7,0.2
20140419,14,14.9,13,2.5
20140420,14.3,17.5,11.5,2.5
20140421,16.4,19.8,11.5,0
20140422,18,22.3,13.8,0
20140423,17.6,21.7,14.3,0
20140424,18.5,23.1,15.5,0
20140425,19,22.7,14.7,0
20140426,19.3,21.4,18,0
20140427,17.3,19.7,14.7,74.5
20140428,15.3,18.2,14,62
20140429,15.3,18.7,13.8,0
20140430,17.1,23.7,12.6,0
20140501,16.9,24,12.6,0
20140502,18.4,21.2,14.9,0
20140503,17.2,20.2,14.4,0
20140504,14.7,17.8,12.5,3
20140505,15.6,19.2,11.2,0
20140506,15.3,20.3,9.8,0
20140507,17,20.3,12.3,0
20140508,18.8,23.8,16,0
20140509,18,21.7,13.6,0
20140510,18.4,22.1,16.3,0
20140511,19.2,20.7,17.4,21
20140512,18.7,23.8,16.5,18
20140513,20.4,26.1,16.2,0
20140514,16.6,20.4,15.1,6.5
20140515,19.8,25.5,15.5,0
20140516,21,26.1,16.7,0
20140517,20,24.2,17.2,0
20140518,20.7,26.5,16.2,0
20140519,21.2,25,17.9,0
20140520,18.5,20.2,16.9,82.5
20140521,21,26,15.6,0
20140522,20.2,24.4,17.7,0
20140523,19.7,23.5,16.9,0
20140524,21.2,24.5,17.4,0
20140525,20.1,21.6,18.7,145
20140526,23.4,29.3,19,0
20140527,21.3,24.5,17.9,0
20140528,23.8,30.4,20.1,0
20140529,22.1,25.5,19.7,0
20140530,22.4,26.6,18.2,0
20140531,22.3,25.9,19.1,0
20140601,22.3,24.8,19.7,0
20140602,19.5,22.1,17.6,191
20140603,19.5,21.4,18.8,5
20140604,20,21.9,17.9,0.5
20140605,20.9,23.4,18.9,0
20140606,20.6,22.8,18.8,0
20140607,20.4,22.9,17.7,0
20140608,20.6,23.7,18,0
20140609,21.4,24.7,18.6,0
20140610,21.1,22.9,20.3,0
20140611,21.8,25.8,19.8,0
20140612,21.3,24.7,18.8,0
20140613,21.8,28.1,17.6,0
20140614,22.3,25.3,19.7,0
20140615,23.4,29.2,20.4,0
20140616,22.7,26.7,19.6,2
20140617,18.1,19.8,16.6,84
20140618,22.5,26.5,19.5,0
20140619,22.2,25.9,18.8,0
20140620,22.5,25.5,19.9,0
20140621,21.1,22.1,20.4,13
20140622,21.7,24.8,19.9,5
20140623,21.8,23.8,20.2,0
20140624,22.1,26,20,0
20140625,21.4,23.5,19.2,0
20140626,21.5,23,20,0.4
20140627,23.7,28,21.5,0
20140628,23.8,27.9,20.8,0
20140629,22.4,26.3,19.8,0
20140630,23.7,26.8,21.1,0
20140701,24,28.1,22,0
20140702,21.3,24,19.4,34
20140703,23.2,26,21.6,2
20140704,23.8,27.2,22.1,0.5
20140705,21.6,23.3,19.7,38
20140706,21.8,24.5,19.7,149
20140707,23,25.1,21.9,0
20140708,26.8,31.4,22.4,0
20140709,24.9,28.3,23.2,55
20140710,28.3,33.8,23.6,1.5
20140711,25.9,28.6,22.9,0
20140712,23.8,25.8,21.9,13.5
20140713,23.5,25.3,22.4,30
20140714,23.7,27.8,22.1,0
20140715,23.5,26.2,22.2,53
20140716,24.5,26.7,23,1
20140717,25.3,27.5,23.5,0.3
20140718,25.5,27.3,25,1
20140719,25.6,28.2,22.4,34.5
20140720,25.6,29,23,0
20140721,25.8,28.4,23.5,0
20140722,27,29.8,24.9,0
20140723,28.6,31.4,25.8,0
20140724,28.4,30.3,27.6,0.2
20140725,28.1,30.5,26.9,0
20140726,27.1,29.6,24.8,1.5
20140727,25.2,27.6,23.7,3.5
20140728,24.5,26.9,22.7,12
20140729,26.9,30.2,24.7,3.5
20140730,28.9,32.5,24.8,0
20140731,29,32.9,26.3,1
20140801,26.9,30.3,25.3,8.5
20140802,25,26,24.3,147.5
20140803,23.9,24.5,23.4,17.5
20140804,24.1,26.1,23.3,27.5
20140805,25.5,29.4,23.1,0
20140806,26.6,29.5,24.6,0
20140807,27.2,29.7,24.9,0
20140808,26,27.8,24.8,0
20140809,27.9,32,24.8,0
20140810,26.7,30.3,24.5,0.1
20140811,25.4,29.1,23.2,0
20140812,25.7,28.9,23.4,0
20140813,26.4,30.3,23.2,5.5
20140814,25.3,28.3,22.9,2
20140815,25.2,26.9,22.6,4.5
20140816,25.9,29.2,24.2,0
20140817,25.7,28.2,24.1,25.5
20140818,25.6,26.9,23.9,17.5
20140819,24.6,26.4,23.7,75
20140820,25,27,23.4,115
20140821,25.6,28,23.1,0
20140822,25.2,28.4,21.8,0
20140823,26.1,29,23,0
20140824,26.2,28.3,23.6,66.5
20140825,26.5,27.4,25.1,0.5
20140826,26.9,31.8,23.5,0
20140827,25.4,28.4,23.3,4.5
20140828,22.6,24.3,21.5,20
20140829,22.8,24.2,21.9,17
20140830,24.1,26.4,22.5,0.5
20140831,24.5,27.9,22.8,0
20140901,24.8,27.6,22.2,0.5
20140902,25.4,27.5,23.8,2
20140903,25.1,27.6,23,9.5
20140904,24.9,28.7,21.7,0
20140905,25.3,28.4,21.5,0
20140906,24.6,27,21.7,6
20140907,25.5,28.8,22.8,0
20140908,25.9,29.5,23,0
20140909,26.1,29.8,22.6,0
20140910,25.4,27.9,22.7,0
20140911,25.3,29,21.5,0
20140912,24,26.6,20.7,4
20140913,24.3,27.7,21.7,1
20140914,24.3,27.3,22.5,0
20140915,25.3,29.3,21.9,0
20140916,25.3,28.7,23.3,0
20140917,24.9,28.1,22.8,0
20140918,22.5,23.3,20.8,0.2
20140919,20.2,23,16.8,18
20140920,21.9,26.2,17.5,1.5
20140921,23.5,26.5,21.3,0
20140922,23.9,26.2,22.2,0
20140923,24.4,25.8,22.9,75
20140924,24.4,29.4,22,28.5
20140925,23.8,27.4,20.4,0
20140926,23.3,27,21.4,0
20140927,23.8,28.1,21,0
20140928,24.1,28.6,20.1,0
20140929,24.7,28.4,22.2,7
20140930,22.6,24.9,21,25.5
20141001,22.8,26.4,21.2,0
20141002,23.4,28,20.9,0
20141003,21.7,25.1,17.9,0
20141004,21.3,24.5,19,0
20141005,20.7,25.7,17.9,0
20141006,20.5,24.9,17,0
20141007,20.2,25.2,17,0
20141008,20.4,25.3,16.3,0
20141009,21.9,25.6,19.4,0
20141010,23.1,26.4,20.1,0
20141011,22,23.9,21.1,0
20141012,21.5,23.3,19.4,8.5
20141013,21.2,25.2,18.4,9.5
20141014,19.5,24,16.4,0.1
20141015,18,22.6,14.3,0
20141016,18.4,23.9,15.3,0.5
20141017,17.9,22.7,14.6,0
20141018,17.8,22.8,12.1,0
20141019,21.4,25.2,16.7,0
20141020,22.8,24.5,21.7,0
20141021,22.2,23.6,21.4,20.5
20141022,18.8,21.4,16.7,0.5
20141023,17,21.9,13.1,0
20141024,16.9,21.6,13,0
20141025,17.7,22.1,13,0
20141026,20.2,24.9,16.4,0
20141027,18.5,23.2,14.5,0
20141028,17.6,22.4,14.3,0
20141029,18.1,20,14.9,0
20141030,19.6,21.3,16.7,2.5
20141031,20.5,21.6,17.8,10.5
20141101,20.5,24.9,17.9,1
20141102,16.5,20.7,13.6,0.1
20141103,14.5,18.4,11.6,0
20141104,14.1,18.8,9.7,0
20141105,14.6,19.2,9.7,0
20141106,16.8,21,13.3,0
20141107,16.4,21.2,12.8,0
20141108,14.8,16.3,14,12.5
20141109,16.3,20.4,13.2,0
20141110,15.2,19.8,12.2,0
20141111,14.5,19.4,11.4,0
20141112,14.6,17.5,11,0
20141113,10.3,13.3,8.2,0
20141114,11.5,15.9,8.2,0
20141115,12.3,17.2,7.4,0
20141116,13.8,15.9,11.6,0
20141117,13.2,17.3,10.2,0
20141118,11.8,16.7,7.9,0
20141119,12.4,17.6,9.1,0
20141120,13.8,18.8,9.5,0
20141121,15.5,20.7,11.8,0
20141122,16.9,21.8,11.5,0
20141123,17.8,21.1,15.4,0
20141124,18.7,22.8,15.8,35.5
20141125,15.2,17.4,13.6,4
20141126,13.5,16.8,11.1,11
20141127,15.4,19.8,10,0
20141128,17.2,21,15,10
20141129,15.1,18.5,12.6,0
20141130,16.8,19.4,14.3,22
20141201,8.6,15.1,4.4,0
20141202,5.4,8.7,3.1,0.5
20141203,8,11.2,4.4,2
20141204,6.2,8.7,3.5,0.5
20141205,4.7,7.6,1.8,4
20141206,6.1,9.5,2.8,2
20141207,7.5,10.6,4,0
20141208,9.8,13.8,6.1,6.5
20141209,8.9,12.6,5.1,0
20141210,12.8,16.8,10.1,0.1
20141211,9.8,12.6,7,1
20141212,7.1,9.2,5.4,0.2
20141213,5.9,8.9,3.2,0.5
20141214,7.7,11.3,5.7,0
20141215,8.7,11.1,5.2,9
20141216,5.7,12,1.4,8
20141217,3.1,5.5,-0.1,3.5
20141218,6.2,10,3,0
20141219,8.7,12.5,4.2,3.5
20141220,8.2,11.5,4.3,6.5
20141221,4.1,7.1,1.1,3.5
20141222,4.3,6.8,1,2.5
20141223,8.7,12.8,3.3,0
20141224,10.9,15.8,7.3,0
20141225,7.2,11.1,4.9,0
20141226,7,11,3.5,0
20141227,7.9,12.3,4.2,0
20141228,8.6,11.7,6.1,0
20141229,10,13.9,8.1,0
20141230,11.2,17,6.6,0
20141231,9.3,14.3,3.4,0.3
20150101,2.8,4.1,0,4
20150102,5.4,8.7,3.1,0.1
20150103,7.6,11.5,3.7,0
20150104,11.9,16.3,8.6,0
20150105,13.1,16.7,7.5,3
20150106,11.7,16.6,6.8,2
20150107,6.3,10,4,0
20150108,7,11.9,3.6,0
20150109,7.4,12.6,4.8,0
20150110,8.7,13.1,5.6,0
20150111,9.5,14,4.6,0
20150112,6.6,11.7,3.3,0
20150113,10.3,12.8,6.1,0
20150114,9.7,10.7,8.5,31
20150115,9.8,14,5.5,0
20150116,8.1,11.1,5.3,0
20150117,6.2,10.1,3.2,0
20150118,7.7,10.6,3.6,0
20150119,8.5,12.1,5.9,0
20150120,7.8,11.1,4,0
20150121,9.2,10.9,7.4,10.5
20150122,8,12.1,4.5,0
20150123,6.3,12.1,3,0
20150124,7.9,12.3,3.8,0
20150125,12.8,17.2,6.8,22.5
20150126,12.9,16.3,11,0
20150127,9.5,12.7,6.2,0
20150128,7.3,10.8,4.8,0
20150129,8.2,9.3,6.2,7
20150130,6.3,9.8,3.4,0.5
20150131,4.6,8.8,1.7,0
20150201,6.8,10.4,2.4,0
20150202,8.5,12.8,6.6,0
20150203,8.2,12.8,4.9,0
20150204,6.8,11.2,5.2,0
20150205,5.1,8.2,2.4,0.5
20150206,6.6,10.2,2,0
20150207,8,10.9,6.3,0
20150208,1.8,8.1,-0.8,0
20150209,1.9,6.2,-0.2,0
20150210,5.7,9.5,0.5,0
20150211,7.9,11.7,4.5,0
20150212,7.9,13.4,3.4,0
20150213,5.5,10.9,0.9,0
20150214,8.3,12.2,2.2,0
20150215,12.7,14.9,11.3,63.5
20150216,13.7,19.5,10,7.5
20150217,8.5,14,6,0
20150218,7.5,12,4.8,0
20150219,6.6,10,2.3,0
20150220,9.6,13.3,4.7,0
20150221,11.6,14.1,10.1,103
20150222,11.1,14.2,8.7,0
20150223,9.8,14,7.2,0
20150224,10.3,14.4,7.1,0
20150225,10.8,12.7,8.5,0.2
20150226,11.4,16.2,7.4,0
20150227,6.2,8.2,3.8,0
20150228,8,9.8,5.5,6
20150301,8.3,12.5,5,0.5
20150302,7.8,11.3,4.1,0
20150303,9.5,11.7,7.1,1
20150304,5.4,9.1,2.8,0
20150305,6.6,10.3,2.7,0
20150306,9.1,10.5,6.8,0
20150307,10.5,13.9,8.7,0
20150308,10.9,15.2,6.4,0
20150309,9,15.4,2.2,4
20150310,3.3,8.9,-0.3,0
20150311,6.5,10.6,1.9,0
20150312,8.8,12.7,5.5,0
20150313,10.9,14,6.9,0
20150314,11.4,15.3,7.9,0
20150315,12,15.7,7.4,0
20150316,14.5,19.4,10.4,0
20150317,16.5,20.7,10.9,0
20150318,15.1,17.6,12.2,113
20150319,13.1,15.3,11.4,2
20150320,14.1,18.9,11.2,0.5
20150321,15.4,20.1,12.5,0
20150322,15,18.8,11.1,0
20150323,11.7,15.8,9.6,0
20150324,10,14.2,7.2,0
20150325,9.4,13.6,5,0
20150326,9.7,15.1,4.1,0
20150327,10.6,13.3,7.3,1
20150328,13.7,17.5,11.2,0
20150329,14,18.5,9.9,0
20150330,15.2,17.6,12.1,0
20150331,16.2,17.4,14.2,61.5
20150401,14.9,16.8,13.3,1
20150402,15.9,18.9,13,5
20150403,14.5,18.2,12.6,16
20150404,14.4,15.9,11.8,10.5
20150405,14,17.3,12.7,2.5
20150406,13.5,14.9,12.5,30
20150407,12.7,15.3,11.3,0.1
20150408,11.9,16,10.2,0
20150409,12.5,16.5,9.4,0
20150410,13.4,17.1,9.7,0
20150411,14.6,18.6,9.3,0
20150412,14.3,19,11.7,19
20150413,12.1,16.5,8.7,11
20150414,10,12.6,8.2,1
20150415,14,17.3,9.5,0
20150416,16.9,22.8,14.9,0
20150417,14.6,19.7,10,0
20150418,15.9,18.8,12.4,48
20150419,16.1,18.4,14.4,53
20150420,14.4,16.3,12.6,3.5
20150421,14.8,18.2,12.6,0
20150422,16.7,23.8,10.8,0
20150423,15.9,19.9,12.1,0
20150424,15.7,18.9,11.6,0
20150425,17.8,22.6,13.2,0
20150426,17.2,20.6,14,0
20150427,18.7,22.5,13.8,0
20150428,17.7,19.1,16.2,28
20150429,16.6,18.6,15.8,12
20150430,18,22,16.2,7.5
20150501,17.8,23.1,14.8,0
20150502,19.6,22.9,16.5,75
20150503,18.4,22.8,16.9,67.5
20150504,19.4,26.6,16.3,0
20150505,16.7,19.6,13.2,0
20150506,15.6,17.2,13.3,0.3
20150507,18.1,22.2,13.2,0
20150508,18.3,21.3,14.9,0
20150509,18.3,22.4,14.3,3
20150510,19,22.2,15.3,0
20150511,18.2,20.3,16.8,220.5
20150512,16.4,18.5,13.6,0.5
20150513,19.8,22.3,16.5,0
20150514,19.6,22.4,17.9,0.4
20150515,18.9,24.2,17.2,3
20150516,18.8,23.2,15.9,0.3
20150517,18.8,25.8,13.3,0
20150518,16.6,19.5,15.5,31
20150519,17,20.6,15.5,0
20150520,18.5,25.4,14.2,0
20150521,18.7,23.7,14.5,0
20150522,19.1,22.2,16.1,0
20150523,19.9,23,17.8,0
20150524,20.3,24.3,16.9,0
20150525,20.8,24.4,16.7,0
20150526,21.2,25,17.4,0
20150527,20.9,23.6,18.2,0
20150528,22,26.4,16.7,3
20150529,22.9,26.5,20.5,0
20150530,20.2,22.5,18.4,22
20150531,20.7,24.7,18.1,0
20150601,20,23.3,17.1,0
20150602,21.2,22.7,18.9,21
20150603,22.4,28,19.5,2.5
20150604,21.9,26.2,17.8,0
20150605,17.6,21.4,15.8,8
20150606,18.7,22,14.7,0
20150607,20.6,23.4,17.7,0
20150608,20.4,21.3,19,2.8
20150609,20.4,23.8,18.7,0
20150610,21.6,24.9,18.4,0
20150611,21.3,22.4,20.6,0
20150612,22.3,26.4,19.7,0
20150613,23.2,26.8,20.5,0
20150614,21.9,25.5,20.2,0
20150615,22.1,25,19.8,0
20150616,20.4,22.1,19,2.1
20150617,19.5,20.6,18.1,28.2
20150618,22.2,24.9,20,0
20150619,21.9,24.9,20.2,0
20150620,21.2,23.8,18.7,0
20150621,21.6,24.4,19.7,0
20150622,20.1,21.3,18.6,2.9
20150623,21.6,23.8,20.3,0
20150624,21.4,23.7,20.1,69.9
20150625,21.5,22.5,20.3,26.1
20150626,23.6,31.5,21,7.3
20150627,20.3,21.2,19.7,7.5
20150628,21.7,24.5,19.1,0
20150629,22,25.1,19.3,0
20150630,22,23.7,20.1,93.2
20150701,21.9,24.8,19.2,0
20150702,20.7,24,17.9,0
20150703,22.2,25,18.5,0
20150704,21.9,24.3,20.5,0
20150705,21,24,19.3,0
20150706,21.3,24.6,18.9,4.6
20150707,21.4,23.5,18.9,148.3
20150708,24,25.4,22.7,48.6
20150709,24.8,27.6,23.4,0.3
20150710,25.3,29.4,22,0
20150711,23.7,25.7,22.8,95.1
20150712,23.2,24.8,21.9,61.1
20150713,23.1,25.1,21.8,0
20150714,24.4,27.7,20.9,0
20150715,24.8,27.7,22.7,0
20150716,24.4,28,21.2,0
20150717,23,25.5,21.1,0
20150718,23.1,25.6,21.7,0
20150719,25.4,29.4,22.3,0.3
20150720,25.5,29,23.5,0.5
20150721,24.6,27.3,23.4,0
20150722,24.1,24.6,23.5,37.7
20150723,25.2,26.3,24.4,0.3
20150724,25,25.6,24.3,0
20150725,26.3,28.4,24.7,0
20150726,27.1,30.2,25.2,0
20150727,26.2,29.4,24.8,0
20150728,26.7,29.8,25.4,0
20150729,27.1,29.7,25.3,0
20150730,26.8,30.1,25.2,0
20150731,27.1,30,25.2,0
20150801,27,29.6,24.7,0
20150802,27.2,29.6,25.1,0
20150803,27.5,30.5,25,0
20150804,27.8,31,25.8,0
20150805,28.1,30.9,25.9,0
20150806,28.3,30.8,25.4,0
20150807,28.9,31.4,27.3,0
20150808,28.4,31.2,26.8,0
20150809,27.8,30.7,25.1,0
20150810,27.1,29.8,24.8,0
20150811,26.9,29.2,23.5,65
20150812,25.8,29.2,23.6,5.4
20150813,26.6,30.1,23.4,0
20150814,25.5,28.1,22.7,0
20150815,26,28.8,23.2,0
20150816,25.9,27.9,24.1,1.3
20150817,26.1,28.9,23.3,0
20150818,26.7,30.3,24.8,0
20150819,27,29.9,25,0
20150820,26.6,28.6,25.2,0
20150821,26.6,30.5,24.7,32.2
20150822,25.3,26.7,24.1,0
20150823,25.7,28.7,23.2,0
20150824,24.1,25.9,21.6,31.2
20150825,23.8,27.2,21.5,2.5
20150826,25.1,28.9,22.1,0
20150827,24.3,27.2,20.2,0.1
20150828,24.7,27.4,22.5,9.2
20150829,24,27,22.1,0
20150830,24.1,26.6,21.4,0
20150831,24.2,27.3,21.4,10.4
20150901,24.7,27.7,22.6,0
20150902,24.6,27.3,21.7,0
20150903,24.6,27.4,22.4,0
20150904,24.6,27.6,21.7,0
20150905,22.7,24.6,20.8,36.4
20150906,23.9,28.2,21.6,2.3
20150907,22.7,25.7,21.4,0
20150908,22.4,25.1,20.6,0
20150909,22.4,26.6,19.6,0
20150910,22.3,26.5,18.9,0
20150911,23.7,28.6,19.6,0
20150912,21.3,23.4,18.9,4.4
20150913,21.4,25.5,17.7,0
20150914,22.2,25.5,18.1,0
20150915,22.5,25.5,20.4,0
20150916,20.6,22,18.8,35.6
20150917,22.6,26.5,19.3,0
20150918,22.3,25.9,19.8,0
20150919,21.6,25.1,18.4,0
20150920,21.9,25,18.4,0
20150921,22.6,25.6,19.8,0
20150922,23.1,25.9,20.6,0
20150923,21.6,23,20.1,133.1
20150924,23.2,26.2,21.1,0
20150925,23.4,26.2,21,0
20150926,23.2,27.2,19.6,0
20150927,23.5,26.9,20.2,0
20150928,24.4,27.3,22.3,0
20150929,23.5,26.8,21.9,0
20150930,19.9,22.1,17.5,83.3
20151001,22.5,24.7,18.8,54.8
20151002,18.4,21.9,15.5,0
20151003,19.9,24.1,15.2,0
20151004,21.3,25.4,18.2,0
20151005,20.1,23.6,16.9,0
20151006,20.3,25.2,15.2,0
20151007,21.2,24.8,16.4,0
20151008,20.1,23,17.4,0.1
20151009,19.5,24.1,15.7,0
20151010,18.3,22,13.7,0
20151011,16.9,20.4,15,0
20151012,18,21.3,15,0.3
20151013,18.7,23.6,15.7,0
20151014,19,23.5,14.3,0
20151015,19,22.9,15.6,0
20151016,18.9,22.8,15,0
20151017,19.8,24.2,15.6,0
20151018,18.6,22.6,15.1,0
20151019,19.4,23.9,15.1,0
20151020,20.2,25.5,14.9,0
20151021,20.6,24.9,17.7,0
20151022,20.5,23.4,17.3,0
20151023,19.5,23.2,17.1,0
20151024,19.5,23.2,15.1,0
20151025,18.6,22.1,16.3,0
20151026,18.6,21.7,16,0
20151027,18.1,22.1,13.6,5.4
20151028,16.1,20.6,12.1,0
20151029,16.3,19.1,12.8,0
20151030,15.5,18.9,11.8,0.4
20151031,13.5,17,10.7,0
20151101,12.8,14.9,10.9,0.7
20151102,14.5,20.3,10.5,0
20151103,15.4,19.4,11.5,0
20151104,17.6,21.2,14,0
20151105,19.2,21.2,17,0
20151106,19.7,22.6,17.9,2.2
20151107,19.9,20.9,18.4,40.4
20151108,19.8,22,17.7,0.4
20151109,17,19.4,13.7,0
20151110,14.3,17.4,12,0
20151111,16.2,19.3,12.2,0
20151112,17.4,19.8,15.6,2.2
20151113,17.6,18.9,15.8,112.7
20151114,17.3,19.1,14.6,0
20151115,16.7,20.4,13.8,0
20151116,17.5,20.3,13.9,8
20151117,17.7,20.8,15.8,2.4
20151118,16.5,18.7,14.1,16.3
20151119,15.3,16.5,14,10.4
20151120,16.3,19.3,14.2,0
20151121,16.2,18.8,14.4,0
20151122,17,20.3,13.6,0
20151123,16.6,17.9,15.1,10.9
20151124,15.5,17.7,13.1,0
20151125,11.3,15.1,6.3,7.6
20151126,5,8.1,2.1,1.1
20151127,7.1,9.6,2.5,0.2
20151128,9.9,13.8,7.2,0
20151129,11.4,14.6,8.3,0
20151130,12.3,17.3,8.3,0
20151201,12.3,15.6,9.4,0
20151202,13.6,18.1,9.5,1.8
20151203,7.7,10.4,4.9,4.8
20151204,7.8,10,6.1,0
20151205,9,11.3,4.5,0
20151206,9.6,11.4,7.7,2.9
20151207,10.2,14.6,6.4,0
20151208,10.7,14.5,6.9,0
20151209,14.2,17.6,9.1,0
20151210,15.6,16.7,14.3,50.3
20151211,13.1,15.5,11.4,3.8
20151212,12.3,14.6,10.7,0
20151213,13.7,16.2,12.2,0
20151214,12.9,13.7,12.2,19.1
20151215,11.3,15.1,7.2,0
20151216,5.5,8.7,1,2.3
20151217,3.8,6.2,1.4,1.3
20151218,6,10,3.1,0
20151219,6.8,11.4,3.2,0
20151220,9.8,11.8,6,6.1
20151221,12.3,15.4,10.2,4.3
20151222,13.3,16.4,9.2,0
20151223,13.7,15.5,11.9,4.8
20151224,11.7,16.7,9.3,0
20151225,8.1,12,5.4,0
20151226,9.7,13.5,5.8,0
20151227,8.3,12.1,5.1,0
20151228,6.4,9,3.5,0
20151229,6.6,10.1,3.4,0
20151230,7.3,10.9,3.6,0
20151231,9,12.1,6.6,0
20160101,8.9,11.7,6.1,0
20160102,12,14.7,9.2,0
20160103,12.4,16.7,9,0
20160104,12.2,16.1,8.3,0
20160105,8.6,11.8,6.7,5.6
20160106,9.2,12.5,6.9,0
20160107,6.4,8.8,4.9,0
20160108,5.3,8,2.9,0
20160109,5.1,9.7,1.6,0
20160110,7,11,3.3,0
20160111,8.6,12.1,6.4,0
20160112,5.4,8.2,3.6,0
20160113,3.9,6.1,1.8,0
20160114,5.5,8.9,3.7,0
20160115,6.6,11,4,0
20160116,7.7,12,3.2,0
20160117,9.3,10.2,8.1,12.1
20160118,3.3,8.3,-1.5,0.9
20160119,0.2,2.8,-1.8,1.4
20160120,3.6,6.5,0.7,0
20160121,4.3,6.4,2.5,1.2
20160122,4.7,7.7,1.6,0
20160123,0.6,5.1,-5.1,0.4
20160124,-3.9,-1.5,-6.4,6.8
20160125,0.7,2.7,-2.5,0.8
20160126,4.4,6.7,2.3,0
20160127,6.2,9.3,2.7,0
20160128,9.7,13.3,5.9,26.5
20160129,9.2,10.3,8.1,19.2
20160130,8.3,10.4,6.5,0
20160131,7.2,11.4,4,0
20160201,5.4,7.8,3,0.6
20160202,4.3,7.3,2.1,0
20160203,4.5,8.9,1.5,0
20160204,6.5,10.6,2.6,0
20160205,7.2,11.6,4,0
20160206,4.2,6.9,1.9,0
20160207,4.5,8.1,1.1,0
20160208,7.3,11.1,3.6,0
20160209,9.8,14.2,4.6,0
20160210,9.8,13.1,4.8,0
20160211,14.9,16.7,11.8,0
20160212,15.8,16.5,14.7,94.7
20160213,14.7,17.5,9.3,32.3
20160214,5.3,10,1.5,0
20160215,1.1,3.9,-0.7,2
20160216,4.7,8,1.2,0
20160217,6.4,9.6,4.1,0
20160218,7.2,11,3.3,0
20160219,9.2,11.6,7,5.5
20160220,7.9,13.6,4,0.6
20160221,6.2,10.2,1.9,0
20160222,6.8,9.3,5.6,7.4
20160223,8.6,13.2,6.1,0.3
20160224,3.9,8,1.7,0
20160225,3.8,7.4,1,0
20160226,7.6,11.3,2.2,0
20160227,11.4,13.6,9.5,0
20160228,11.5,15.3,7.7,0
20160229,3,8.5,0.6,0
20160301,4.1,9.1,-0.5,0
20160302,7.1,11.5,1.9,0
20160303,12,14.8,7.3,3.3
20160304,16.4,17.9,14.7,0
20160305,16.2,17.5,14.5,73.3
20160306,14.1,16.5,12.2,3.8
20160307,14.3,17.5,10.1,0
20160308,11.8,15.4,7.3,12.2
20160309,8.6,12,7.1,16.7
20160310,7.4,10.3,4.7,0
20160311,5.5,9.7,2.6,0
20160312,5.8,9.9,1.3,0
20160313,7.9,9.2,6.8,10.7
20160314,8.6,13,4.4,0
20160315,9.2,12.9,4.3,0
20160316,11.2,14.9,8,0
20160317,13.8,17.7,8.8,1.6
20160318,14.1,15.7,13.6,16.5
20160319,15.3,19.6,11.9,0
20160320,12.5,16.3,9.3,0
20160321,11.6,15,8.1,0
20160322,11.4,16.2,7,0
20160323,11.9,16.4,7.7,0
20160324,10,15.1,5.6,0
20160325,9.9,13.5,6.7,0
20160326,8.6,13.8,5.6,0
20160327,9.3,13,4.1,0
20160328,11.9,17.7,5.6,0
20160329,13.8,15.8,11.2,0
20160330,14.4,17.6,12.7,0
20160331,14,15.7,12.8,0
20160401,15.3,20.7,10.8,0
20160402,15.9,18.3,11.9,0
20160403,16.4,18.2,15.2,44.6
20160404,13.9,16.9,12.7,1.1
20160405,14.1,17.1,11.2,0
20160406,14.9,17.7,11.8,38.4
20160407,16,19.9,13.4,22.7
20160408,15.6,19.9,13.2,0
20160409,15.5,19.7,12.6,0
20160410,16,19.8,13.4,0
20160411,14.7,18,12.8,0
20160412,15.4,17.6,11.9,1.6
20160413,17,22,15.5,32.3
20160414,16.9,22.5,12.9,0
20160415,16.7,20,13.6,0
20160416,17.5,18.8,14.7,41.5
20160417,15.1,20.7,11.5,0.4
20160418,14.3,18.7,11.7,0
20160419,14.9,20.1,11.8,0
20160420,16.1,19.5,11.2,3
20160421,17,22.4,14.1,28.6
20160422,15.5,19.1,12.9,0
20160423,15.4,17.7,14,1.7
20160424,16.7,21.8,13.6,0
20160425,18.8,22.7,14.1,0
20160426,17.9,21.5,15.3,8.5
20160427,14.8,16.3,13.4,5.4
20160428,14.3,15.9,12.3,2.4
20160429,15,18.2,11.4,0
20160430,16.2,20,11.7,0
20160501,18.5,21.6,15.4,0
20160502,19,20.5,17.6,19.7
20160503,16.7,18.2,14.2,71.2
20160504,18,22,14.9,0
20160505,18.1,21.6,15.2,12.5
20160506,17.5,20,15.9,26.9
20160507,18,20.8,16.2,0
20160508,17.9,23.1,13.9,3
20160509,16.2,18.8,15.1,2.8
20160510,15.8,17.1,14.4,29.8
20160511,15.6,20.1,13.4,0
20160512,17.1,20.6,12.6,0
20160513,17.1,20.3,13.4,0
20160514,18.2,21.1,16.2,0
20160515,20.1,22,16.2,1.3
20160516,17.5,22.6,14.1,2.1
20160517,19.2,25.1,12.6,0
20160518,20.5,25.2,15.2,0
20160519,19.9,23.5,17.3,0
20160520,21.8,26.1,15.7,0
20160521,21.2,24.1,18.8,0
20160522,20.8,22.9,19.2,0
20160523,22.2,25.3,19,0
20160524,19.6,21.8,17.7,19.5
20160525,19.4,22.6,17.1,0
20160526,20.1,23.2,17.3,1.3
20160527,19,22.2,17.4,9.9
20160528,18.7,22.6,16.6,8.3
20160529,17.7,18.7,17.2,8.3
20160530,21.7,26.2,16.2,0
20160531,21.6,24.9,17.7,0
20160601,20.8,23.2,18.4,0
20160602,21.4,25.1,17.5,0
20160603,22.2,24.7,20.1,0
20160604,17.7,21.7,15.7,20.8
20160605,20,23.2,17.3,0
20160606,20.8,23.1,18.7,0
20160607,20.5,22.8,19.1,0
20160608,20.3,22,18.5,0
20160609,20.4,23.2,18.7,0
20160610,21.7,24.5,18.7,0
20160611,23.3,23.9,21.7,0
20160612,22.5,23.6,21.2,4
20160613,22.3,24.7,20.4,0.9
20160614,21.7,24.4,19.8,0
20160615,22.5,24.3,19.3,0.1
20160616,22.5,25.8,19.6,0
20160617,21.2,24.4,17.7,0
20160618,22,23.9,19.3,12.7
20160619,23.1,25.8,21.7,0
20160620,23.1,26.1,21.4,28.3
20160621,22.8,26.9,20,10.7
20160622,22.9,23.8,21.9,114.6
20160623,22.9,25.4,20.6,0
20160624,24.2,29.8,22.5,0
20160625,21.7,23.3,20.5,0
20160626,22.6,28.1,19.7,0
20160627,18.8,21.7,16.9,18.6
20160628,19.9,21.2,17.3,26.4
20160629,22.1,23.4,20.8,37.7
20160630,23.2,25.6,21.2,6.4
20160701,23.6,24.7,22.7,5.6
20160702,22.3,23.8,20.7,3
20160703,23.2,25,20.7,1.4
20160704,24.8,26.7,23.1,0
20160705,25.2,26.5,24.2,0
20160706,26.1,29,24.6,0
20160707,26.1,28.6,22.9,0
20160708,26.3,29.6,24,0.7
20160709,24.9,28.9,22.4,0
20160710,23.7,25.4,22.9,5.3
20160711,23.7,24.6,22,31
20160712,24.8,25.5,23,98.8
20160713,25.2,27.1,24.2,44.6
20160714,24.8,28.4,22.9,0
20160715,24.2,27.1,22,2
20160716,25.1,29.8,22.7,3
20160717,24.4,27.1,21.8,0
20160718,24.7,26.6,22.9,0
20160719,26.1,28.7,24,0
20160720,26.2,28.8,24.8,0
20160721,25.7,27.3,24.8,0
20160722,25.8,26.8,25.4,0
20160723,26.8,29,25.1,0
20160724,28,30.3,26,0
20160725,28.2,31.1,26.1,0.1
20160726,28.4,31.1,26,2
20160727,28.3,31.2,26.4,3
20160728,28.3,30.4,27,0
20160729,29,31.5,27.3,0
20160730,28.3,30.8,26.4,2.7
20160731,27.9,30.2,25.6,0
20160801,28.2,31.8,25.7,0
20160802,27.9,30.3,26.5,0
20160803,26.7,27.9,24.2,5.2
20160804,26.6,29.5,23.5,103.3
20160805,28.1,30.9,25.2,15.8
20160806,28.2,31.2,25.3,13
20160807,27.8,30.7,25,0.6
20160808,28.5,31.1,26.5,0
20160809,29.2,31.8,26.6,0
20160810,28.9,31,27,0
20160811,28.6,31.3,25.8,0
20160812,28.9,31.4,25.9,0
20160813,29.2,32.2,25.7,0
20160814,29.2,32,25.7,0
20160815,29.1,32.3,26.5,0
20160816,29.1,32,27.2,0
20160817,28.2,31.7,25.2,0
20160818,29,32,26.6,0
20160819,28.8,31.8,26.2,0.3
20160820,28.5,32.3,25.9,0
20160821,28.9,32.5,26.3,0
20160822,29.3,33.2,27,0
20160823,28.5,31.9,25.4,0
20160824,28.4,32,26.2,0
20160825,28.6,32.3,26.4,0
20160826,27.7,31.7,25,4.4
20160827,24.1,25.1,22,7.8
20160828,23.2,26.6,21,20.4
20160829,24.4,27.9,21.1,0
20160830,24,27.1,21.5,0.1
20160831,24.1,27.2,20.9,0
20160901,24.5,28.6,21.1,20.9
20160902,22.6,24.2,21.2,26
20160903,24.7,27.7,22.1,0
20160904,26.3,29.1,22.9,0
20160905,25.9,28,24.4,0
20160906,24.8,26.2,23,0
20160907,24,26.7,22.8,1.7
20160908,24.3,28,21.2,0
20160909,24.5,28.3,21,0
20160910,24.2,27.5,21.4,0.1
20160911,24.8,27.3,22.7,0
20160912,22.5,26,19.1,9.2
20160913,24.3,28.2,20.4,0
20160914,24.1,27.9,22.8,0.2
20160915,23.7,27.2,20.9,2.5
20160916,24.5,25.9,21.2,12.2
20160917,24.8,26.2,23.8,6.6
20160918,23.7,26.1,21.7,17.6
20160919,21.6,22.5,20.6,10.6
20160920,22,25.3,20.2,0
20160921,21.8,24.8,19.7,0
20160922,21.9,24.8,19.2,0
20160923,21.9,24.9,18.6,0
20160924,22.6,26.4,18.5,0
20160925,24.2,27.4,21,0
20160926,25,26.9,23.5,3.9
20160927,25.5,27.8,23.9,3.1
20160928,23.7,24.9,22.8,59
20160929,21.7,23.4,20.5,9.2
20160930,22.1,24.8,20.5,11.5
20161001,23.4,25.4,21.8,12.9
20161002,25.1,27,23.5,0
20161003,25.5,28.2,23.5,0
20161004,24.6,26.9,22.1,21.4
20161005,23.9,30,20.3,267.7
20161006,22.7,25.6,20,0
20161007,22.7,24.3,21,2
20161008,21.8,24.4,18.2,24.5
20161009,18.2,22,15.2,0
20161010,18.8,22,15.4,0
20161011,19,21.5,17.1,0
20161012,19.6,23.1,17.3,0
20161013,19.5,21.8,17.6,0
20161014,20.7,24.1,18.5,0
20161015,20.5,22.4,18.7,0
20161016,21.4,22.9,19.9,12.9
20161017,21.6,24.9,19.3,0
20161018,20.8,24,17.3,0
20161019,20.7,23.8,19.3,0
20161020,19.9,21.8,17.7,0
20161021,19.1,20.8,18.1,27.5
20161022,19.3,20.8,18.3,24.2
20161023,18.8,22.4,17.2,2.6
20161024,18.8,20.9,16.9,0
20161025,20.2,25.3,17.8,5.1
20161026,18.1,21.7,15.4,8.4
20161027,19.7,22.1,17.3,0.1
20161028,19.5,23,17.5,24.3
20161029,16.9,19.4,14.7,0
20161030,16,19.5,13.4,0
20161031,15.9,18.5,13.2,0
20161101,12,14.8,9.1,0
20161102,12.2,16,8.4,0
20161103,13.7,18.5,10.1,0
20161104,14.2,18.2,10.3,0
20161105,16.9,20.7,13.2,0
20161106,17.7,22,13.1,0
20161107,17.7,20.7,16.2,0
20161108,15,17.1,11.4,3.1
20161109,12.6,15.6,9.7,0
20161110,13.2,15.9,11,7.9
20161111,14.3,18.4,11.5,0
20161112,16.1,20.6,10.2,0
20161113,17.9,21.4,16.5,9.9
20161114,19.3,22.9,16.2,5.8
20161115,16.7,20.4,11.9,0
20161116,14.6,18.9,10.8,0
20161117,16.3,19.7,12.5,0
20161118,18.9,21,16.4,5.7
20161119,19.5,24.1,17.3,0.3
20161120,18.8,20.6,16.8,0
20161121,17.8,19.3,15.6,2.3
20161122,15.4,19,11.4,0
20161123,11.2,13.9,9.8,0
20161124,8,10.4,5.9,0
20161125,10.3,13,7.4,0
20161126,11.4,13.5,9,9
20161127,12.1,15.1,9,0.6
20161128,10.3,13.8,7.1,0
20161129,11.9,15.6,8.1,0
20161130,13.3,16.9,11.6,0
20161201,12.5,15.6,8.9,0
20161202,10.4,14.4,6.2,0
20161203,12.3,16.8,7.9,0
20161204,12.3,14.7,9.9,0
20161205,13.6,17.2,10.2,0
20161206,9.8,12.4,7,0
20161207,9.8,13.8,6.7,0
20161208,11.4,15,6.7,0
20161209,12.2,15.6,8.2,0
20161210,10.3,14.5,7.6,0
20161211,9.7,12.7,6.7,0
20161212,14,16.6,10.3,0
20161213,14.1,17,12.2,0.1
20161214,7.8,12.6,5.2,0
20161215,5,7.3,2.9,0
20161216,6.1,8.8,2.3,0
20161217,7.6,12.4,4.4,0
20161218,12.9,16.3,6.5,0.2
20161219,16.4,18.3,14.5,12.3
20161220,14.6,18,11.4,0
20161221,18.1,19.8,15.6,20.9
20161222,10.8,19.1,7.7,3.1
20161223,7.1,8.6,5.2,0.1
20161224,7.7,10.7,3.9,0
20161225,11.1,14,7.4,0
20161226,13.9,16.6,11.8,34.8
20161227,6,12.6,2.8,0
20161228,5.9,9.9,1.6,0
20161229,6.5,9.6,4.5,0
20161230,6.8,10.3,4.2,0
20161231,7.1,10.6,4.3,0
20170101,9.9,12.7,6.2,0
20170102,11.8,15.1,9.9,0.3
20170103,11.2,15.5,8,0
20170104,11.1,15.5,6.8,0
20170105,11.7,14.5,9.1,6.7
20170106,11.2,13.8,9.4,3.2
20170107,11.8,13.6,10.6,14.2
20170108,11.7,14.3,10.1,5.9
20170109,8.5,11.2,6.6,0
20170110,6.9,10.5,4.2,0
20170111,5.5,8.7,3.7,0
20170112,6.7,10,3.4,0
20170113,5.7,10.3,2.2,0
20170114,3.9,7.3,1.5,0
20170115,3.5,7.8,0.2,0
20170116,4.5,8.7,1.3,0
20170117,6.7,10.7,2.6,0
20170118,8.1,11.2,5.2,0
20170119,7.8,10.8,5.6,0
20170120,3,6.2,0.2,1.3
20170121,4.4,8.5,0.6,0
20170122,3.4,5.4,1,0
20170123,2.4,6.2,0,0
20170124,3.8,7.6,0.4,0
20170125,5.7,9.6,2.6,0
20170126,6.8,11.6,2.7,0
20170127,8.7,12.3,4.8,0
20170128,9.2,12.3,5.2,0
20170129,13.9,17.8,10.2,17.4
20170130,6.8,13.3,1.9,0
20170131,5.4,8.3,1.5,0
20170201,6.7,10,3.9,0
20170202,7.6,12.5,3.1,0
20170203,10,13.3,5.7,0
20170204,11,12.6,9.1,16.6
20170205,9.4,12.6,6.1,0.4
20170206,6.5,10.2,4.4,0
20170207,8.1,12.6,4.4,0
20170208,7.6,10.7,4.2,0
20170209,2.2,4.9,-0.7,0.1
20170210,0.8,4.2,-1.6,1.4
20170211,2.2,5.4,-0.9,0.1
20170212,4.3,8.8,0.1,0
20170213,6.9,12.2,1.6,0
20170214,8.6,12,5.5,0
20170215,9,14.1,4.3,0
20170216,13.1,16.2,7.1,2.1
20170217,13.6,17.1,8.8,1.2
20170218,7.6,11.6,3.3,0
20170219,9.7,14.6,2.3,0
20170220,11.2,15.4,5.2,2.7
20170221,8.1,11.9,3.8,0
20170222,11.5,15.5,8.4,57.2
20170223,6.8,10,3.4,0
20170224,5.9,9.2,2.8,0
20170225,7.1,11.9,2.6,0
20170226,8.4,12.8,5.4,0
20170227,8.6,12.6,4.6,0
20170228,9.4,14.1,4.3,0
20170301,10.5,15.4,7.1,0
20170302,5.7,7.9,3.9,0
20170303,8.4,13.1,3.4,0
20170304,10.1,13.9,6.9,0
20170305,10.6,13.6,7.5,0
20170306,8.7,12.1,5,0
20170307,5.2,9.7,2,0
20170308,5.2,8.3,2,0.4
20170309,8.8,13.1,5,0
20170310,11.3,16.6,7.2,0
20170311,11.3,16,6.4,0
20170312,12.7,16.3,8.6,0
20170313,11,13,8.6,3.2
20170314,11.1,15.3,7.7,0
20170315,9.3,12.6,5.7,0
20170316,10,13.8,6.2,0
20170317,10.6,15.3,5.8,0
20170318,10.6,13.2,8,0
20170319,12.9,17.6,7.1,0
20170320,12.1,13.6,11,13.4
20170321,11.9,15.9,9,0.5
20170322,10.9,13.3,7.2,0
20170323,10.5,13.6,7.6,2.6
20170324,11.8,15.1,7.6,0
20170325,9.9,12.6,8.1,3.2
20170326,8.8,12.8,6,0
20170327,9.5,13.6,6.4,1.4
20170328,11.3,15,5.5,0.3
20170329,13.4,16.6,10.5,5.1
20170330,13.4,16.8,10,0
20170331,10.7,13.4,8.9,6.2
20170401,11,15.5,7.9,0
20170402,11.9,15.5,7.5,0
20170403,12.8,17.6,7.5,0
20170404,14.4,17.5,9.9,0
20170405,16.3,17.5,15.5,23.2
20170406,15.4,16.1,14.4,125.2
20170407,15.7,17.3,14.1,0
20170408,16.6,20.9,14.8,0
20170409,15.3,17.9,14,0
20170410,13.7,14.9,13.1,0
20170411,15.1,19.8,12.5,7.2
20170412,15.8,20,12.1,0
20170413,15.5,22,10.6,0
20170414,17.4,20.5,13.8,0
20170415,17.3,20.4,14.7,0.3
20170416,17,21.3,12.8,0
20170417,16.9,18.9,14.9,42.6
20170418,15.5,19.7,12.1,0
20170419,15.8,20.7,12,0
20170420,15.6,17.5,12.7,0
20170421,15.3,16.3,14,0
20170422,14.2,17.9,11.7,9.7
20170423,14.4,18.4,10.5,0
20170424,16.7,20.6,11.2,0
20170425,19,21.3,16.8,0.1
20170426,16.4,19.7,14.9,14.2
20170427,15.4,19,11.8,0
20170428,16.9,21.5,12,0
20170429,17.8,21.6,14.3,0
20170430,20,24.1,16.5,0
20170501,17.4,21.3,15.3,0
20170502,17.7,20.7,16.3,0
20170503,20,23.3,16.3,0
20170504,19.9,23,17.5,9.8
20170505,17.9,19.5,16.1,10
20170506,19.1,22.5,17,0
20170507,19.9,27.5,14.9,0
20170508,17.4,20.9,14.3,0.2
20170509,15,17.7,13.1,13.6
20170510,16.4,21.6,13.9,1.7
20170511,20.4,25,15.4,0
20170512,18.1,21.2,15.2,18.8
20170513,17.6,21.3,15,0
20170514,18.2,21.1,15.3,0
20170515,17.9,20.6,15.6,0
20170516,18.2,21.5,15.3,0
20170517,19.4,25,15.4,0
20170518,19.8,23.5,15.4,0
20170519,19.9,23.6,16.2,0
20170520,20.1,24.1,16.7,0
20170521,21.4,24.6,18.9,0
20170522,20.8,23.9,17.5,0
20170523,20.6,23.1,18,1.2
20170524,20,21.6,18.6,3.9
20170525,21.2,26.1,17.4,0
20170526,19.1,23.9,15.6,0
20170527,17.6,21.7,13.2,0
20170528,19.2,22.7,15.8,0
20170529,22,27,17.8,0
20170530,21.8,27.1,18.1,0
20170531,21.6,23,20.7,0
20170601,22.8,28.2,19.8,0
20170602,22,25.5,19.1,0
20170603,21,23.6,18.2,0
20170604,21.5,26.4,17.5,0
20170605,21.9,26,18.3,0
20170606,20,21,18.2,141.9
20170607,20.9,25.1,18,4.6
20170608,20.6,24.8,16.4,0
20170609,21.2,23.5,17.9,0
20170610,21.6,23.6,20.3,0.3
20170611,21.9,25.7,19.8,0.2
20170612,20.7,23.2,18.9,0
20170613,20.1,23.1,17.8,0
20170614,20.4,23.9,16.3,0
20170615,22.8,28.6,17.3,0
20170616,22.4,25.2,20.3,0
20170617,23.1,26,20,0
20170618,22.8,25.6,19,0
20170619,23.4,25.8,19.8,0
20170620,22,24.1,20.2,29.7
20170621,22.7,27.1,19.9,0
20170622,22.7,26,20.4,0
20170623,23.2,25.7,21.2,0
20170624,22.7,24.6,21.7,6.3
20170625,23,25.4,21.4,0
20170626,23.4,25,21.9,12.4
20170627,23.2,25.5,21.4,0
20170628,23.3,25.6,21.5,1.5
20170629,22.4,23.8,21,50.5
20170630,24.6,26.5,23.2,0
20170701,25.9,28.8,23.8,0
20170702,26.1,27.5,25.1,0
20170703,26.2,28.3,25.3,0
20170704,26.3,29.3,24.7,0.7
20170705,26.8,28.8,25.1,0
20170706,26.6,28.4,25.7,0
20170707,26.8,28.5,25.7,0
20170708,26.1,27.8,23.4,0.8
20170709,27.1,30,24.6,0.2
20170710,26.5,27.1,25.5,0
20170711,24.8,26.5,23.4,22.5
20170712,26.1,28.8,23.1,0
20170713,27.2,30.6,24.4,0
20170714,28.2,30.7,26.7,0
20170715,28.3,31.1,27.1,0
20170716,28.4,31.1,27.1,0
20170717,28.3,30.2,27.3,0
20170718,26.9,28.2,25.4,6.3
20170719,27.6,30.4,24.9,0
20170720,29.2,32.2,26.3,0
20170721,29,31.5,27.2,0
20170722,28.9,31.7,27.1,0
20170723,28.5,30.8,27.3,0
20170724,29.1,32.8,26.9,0
20170725,30.1,35.8,27.4,0
20170726,26.6,28.7,25.4,2.8
20170727,27.7,30.6,25.6,0
20170728,28.3,30.3,25.9,0
20170729,28.9,31.6,26.6,0
20170730,28.8,31.3,26.7,0.4
20170731,27.6,32.1,26.3,18.1
20170801,29.6,32.1,26.5,5.2
20170802,29.1,32.1,27.4,0
20170803,29,31.6,26.5,0
20170804,30.3,33.3,27.6,0
20170805,31,35.3,28.5,0
20170806,31,34.5,28.5,0
20170807,30.6,35.1,27.7,0
20170808,28.5,32.6,25.5,4.8
20170809,27.8,31,25.6,10
20170810,27.8,30.7,26,0
20170811,28.3,31.6,25.4,0
20170812,28,31,25,0
20170813,26.8,29.7,25.3,2.1
20170814,27.6,30.6,24.4,93.6
20170815,28.2,31.4,26.3,0
20170816,27.8,31.8,25.3,0
20170817,27.1,30.7,23.9,5.7
20170818,27.2,30.3,24.6,0
20170819,26.2,30.8,23.6,47.3
20170820,26.7,29.1,23.4,54
20170821,28.3,31.3,26.4,1.7
20170822,29.2,31.7,27.3,1.1
20170823,29.6,32,28.1,0
20170824,28.9,31.9,26.8,4.6
20170825,28.2,30.6,26.8,1.7
20170826,27.7,31.6,24,0
20170827,26.3,29.3,22.7,0
20170828,27.7,30.5,24.3,0
20170829,27.9,30.2,25.9,0
20170830,26.5,30.5,24.2,0
20170831,26.1,29.3,23.5,0
20170901,25.2,28.9,23.4,0
20170902,23.8,27.1,22,0
20170903,24.6,27.6,22.3,0
20170904,24.8,27.6,22.5,14.2
20170905,25,27.1,22.2,9.6
20170906,27.3,30,25.2,2
20170907,23.8,26.9,21.5,15.5
20170908,24.1,28.1,20.3,0
20170909,24.7,28.6,20.9,0
20170910,26,28.6,23.1,5.9
20170911,26.7,29.3,24.4,19.9
20170912,25.1,28.5,22.6,0
20170913,25.3,30.2,20.3,0
20170914,23.9,27.6,22,2.2
20170915,23.3,24.9,22.6,0.1
20170916,23,24.1,21.5,0
20170917,25.8,29.9,22.8,0
20170918,24.4,27.6,21.4,0
20170919,24,26.8,21.9,0
20170920,23.6,26.9,22.2,0.2
20170921,22.5,25,20.4,0
20170922,23.5,26.1,21.5,0
20170923,22.2,25.3,19.8,0
20170924,23.3,26.9,19.3,0
20170925,24.4,26.8,22.4,0
20170926,24.6,27.6,23.5,32.6
20170927,24.6,28.4,22.6,0.6
20170928,23.9,28.1,20.7,0
20170929,21.3,24.6,18.3,0
20170930,22.6,25.9,18.7,0
20171001,22,23.6,19.3,111.9
20171002,23.8,27.1,22,49
20171003,23.7,27.5,21.4,0
20171004,22.2,25.5,19.4,0
20171005,19.8,22.2,16.8,9.8
20171006,21.4,24.7,16.9,33.4
20171007,22.2,25.3,20,0
20171008,23.3,26.8,19.6,0
20171009,23.7,26.4,20,0
20171010,24.1,26.9,21.7,0
20171011,23.4,26.1,21.8,0
20171012,19.8,22.3,18.2,1.7
20171013,19.5,22.7,17.1,0
20171014,18.6,19.9,17.1,0.6
20171015,17.8,18.9,15.8,7.1
20171016,18,20,16.6,17.9
20171017,19.9,22.2,17.5,0
20171018,19.6,21.6,18.5,0
20171019,19,21.9,16.8,0
20171020,18.9,23,14.2,0
20171021,19.7,22.3,17.9,0
20171022,20.3,24.4,17.7,0
20171023,17.4,20.2,15.5,0
20171024,16.9,21.4,14.4,0
20171025,16.5,21.5,13.3,0
20171026,16.9,21.4,11.7,0
20171027,18.7,22.4,14.7,0
20171028,19.6,21,18.2,0
20171029,18.1,23.8,12.5,0
20171030,14.6,18.4,11.4,0
20171031,15.2,19.1,11.4,0
20171101,15.5,19.6,12.8,0
20171102,16.2,20.2,12.9,0
20171103,17.1,22.3,12.8,0
20171104,12.4,15.8,9.3,0
20171105,13.4,17.7,8.8,0
20171106,16.6,20.6,11.9,0
20171107,20.2,22.5,16.5,2
20171108,19,22.3,14,0.2
20171109,16.6,20.5,11.8,0
20171110,18.5,21.6,15.9,0
20171111,13.5,16.5,10.6,0
20171112,12.5,16.2,9.7,0
20171113,15.3,18.8,10.9,0
20171114,16.1,20.2,13.2,0
20171115,12.2,16.7,8.6,0
20171116,10.8,14.9,7.9,0
20171117,13.1,15.9,8.8,0.4
20171118,10.1,14.7,5.2,0
20171119,8.4,11.5,5.4,0
20171120,10.2,14.8,7.5,0
20171121,10.5,14.1,6.7,0
20171122,12.6,16,10.7,0
20171123,9,12.1,7,0
20171124,10,13,7.4,0
20171125,12.2,15.1,7.9,0
20171126,14.3,17.3,10.5,0
20171127,12.2,15.5,9.4,0
20171128,16.1,18.4,10.7,1
20171129,15.6,18.1,13.6,3.1
20171130,12.7,15.8,8.1,0
20171201,7.6,11,5.1,0
20171202,7.5,11.1,3.8,0
20171203,10.4,14.1,5.8,0
20171204,9.3,14.9,5.1,0
20171205,5.4,8.4,2.9,0.2
20171206,7.7,11.3,4.5,0
20171207,9.6,13.7,7,0
20171208,5.4,8.4,4.3,1.6
20171209,8,11.7,4.5,0
20171210,10.9,14.1,7.5,2.7
20171211,5.5,8.6,3.6,0.1
20171212,3.5,6,2.5,0
20171213,5,8.6,2.1,0
20171214,5.5,7.8,2.9,0
20171215,9.1,12.7,5.1,0
20171216,5.2,8.7,0.5,1.1
20171217,3.4,6.4,0.5,1
20171218,6.3,8.7,3.3,0
20171219,7,10,4.5,0
20171220,5.8,10.2,3.4,0.9
20171221,6.5,10.9,2.5,0
20171222,8.4,12.7,4.3,0
20171223,11.6,14.9,7.7,0
20171224,11.7,16.3,6.9,5.4
20171225,6,9.1,4,0
20171226,6.3,11,3.5,0
20171227,5,8.3,2.8,0
20171228,7.4,10.3,4.1,0
20171229,9,12.7,4.8,0
20171230,10.4,14.2,7.6,0.3
20171231,7.1,10,4.3,0
20180101,6.1,10,3.9,0
20180102,7.7,11.5,3.8,0
20180103,8.6,11.3,7,0
20180104,7.5,9.3,5.1,3.3
20180105,6.2,9.9,4,2.5
20180106,6.4,10.5,2.7,0
20180107,9.1,11.6,4.5,3.6
20180108,10,14.1,5.4,1.1
20180109,3.7,5.7,1.4,1.3
20180110,0.7,4.4,-1.6,8.3
20180111,-1.2,1.4,-3,5.8
20180112,0.2,3.7,-3,2.1
20180113,3.6,7.7,-0.6,0
20180114,7.8,12,2.3,0
20180115,12,16.2,9.2,0
20180116,13.5,14.9,10.2,32.3
20180117,11,14.3,7.4,0.2
20180118,10.3,12.9,7.4,0
20180119,9.2,12.6,6,0
20180120,8.7,12.9,5.9,0
20180121,8.7,12.4,4.8,0
20180122,8.9,12.7,6.6,1.5
20180123,3.3,7,0.1,0
20180124,0.6,3.8,-2,0
20180125,1.1,3.1,-2,0
20180126,1.9,4.2,0.5,0
20180127,3.6,6.4,0.1,0
20180128,4.5,8.1,2,1.5
20180129,2.1,6.3,-0.1,0
20180130,2.5,6.8,-1.6,0
20180131,4,7.4,1.7,0.2
20180201,5,8.8,2.4,0
20180202,5.8,9,2.6,0
20180203,1.4,5.4,-1.8,0.5
20180204,-1.2,1.9,-2.5,0.7
20180205,0,3.1,-2.5,2
20180206,-0.8,2.4,-2.2,0.5
20180207,1.1,5.8,-2.6,0
20180208,3.3,7.5,-0.4,5.5
20180209,6.9,10.4,2.9,0
20180210,6.3,10.9,2.6,0
20180211,1.9,5.1,0.1,0.1
20180212,1.5,3.4,-0.9,0
20180213,5,8.2,2.1,0
20180214,10.5,12.7,4.8,0
20180215,10.9,13.1,8.7,0.2
20180216,9.3,11.5,6.1,0
20180217,7.2,10.6,4.3,0
20180218,7.8,11.1,4.5,0.5
20180219,8.1,10.3,5.2,0.5
20180220,9.8,14.2,4.4,0
20180221,9.2,11.8,7.2,0
20180222,5.9,9.3,2.7,0
20180223,7.8,12.3,2.6,0
20180224,10.3,14,6.3,0
20180225,11.3,15,8.4,0
20180226,9.9,14,6,0
20180227,11.4,15,6.7,0
20180228,11.3,16,7.1,0
20180301,8.6,13.8,5,0
20180302,8,11.1,4.9,0
20180303,12.2,14.5,8.8,4
20180304,16.4,19.3,13.6,10
20180305,11.8,17.3,8,2
20180306,9.3,12.6,6.5,0
20180307,9.9,11.5,8.9,18.6
20180308,9.6,11.9,5.1,6.3
20180309,7.5,10.9,3.2,0
20180310,8.9,13.5,5.2,0
20180311,9.6,13.9,4.8,0
20180312,11.4,15.8,7.3,0
20180313,14.7,18,10.4,0
20180314,16.6,19.8,12.3,0
20180315,16,17.5,14.4,48.3
20180316,10.5,14.7,7.8,0.6
20180317,9.4,13.3,6,0
20180318,15,18.3,9.3,12.6
20180319,13.9,16.9,10,34.9
20180320,8,10,5.9,11.1
20180321,6.5,9.1,5.2,3.2
20180322,7.9,11.9,4.4,0
20180323,9.5,15.3,4.1,0
20180324,11.4,15.9,5.7,0
20180325,13,16.8,8.2,0
20180326,13.6,17.6,9.4,0
20180327,14,17.6,8.8,0
20180328,15.8,18.9,12.1,0
20180329,15.9,18.8,13.9,0
20180330,15.5,19.5,13.3,0
20180331,16.3,19.4,14,0
20180401,18.8,21.7,15.9,0
20180402,19.3,22.4,17.3,0
20180403,19.2,22.4,16.4,0
20180404,0,23.1,16.5,0.1
20180405,16,17.8,14.4,9.4
20180406,13.4,19.4,7.6,5.5
20180407,6.4,9.5,3.5,0
20180408,10.9,14.3,4.5,0
20180409,14.7,19.3,12,0
20180410,17.3,20.5,12.7,0
20180411,17.6,22.1,15.3,0
20180412,17.7,22.4,13.8,0
20180413,17.1,21.6,13.6,0.3
20180414,15.4,22.6,13.4,46.5
20180415,14,19.2,10.7,0
20180416,13.1,16.2,8.7,0
20180417,14.7,17.6,12.3,0
20180418,13.8,16.8,11.3,0
20180419,14.2,18.2,7.8,0
20180420,15.8,19.9,10.6,0
20180421,18.5,22.7,12.6,0
20180422,19.1,20.2,18.1,25
20180423,18.8,19.7,18,144.5
20180424,15.9,18.5,13.7,25.5
20180425,14,16.6,11.8,1.5
20180426,15.6,20.4,10.8,0
20180427,17.5,24.5,12.2,0
20180428,16.4,20,13.8,0
20180429,16.6,19,12.6,0
20180430,17.7,19.4,16.1,53.7
20180501,18.8,19.6,17.8,4.2
20180502,18.4,25.7,15,1.3
20180503,15,20.4,11.2,0
20180504,15.4,19.2,11,0
20180505,18.1,21.7,14.4,0
20180506,17.3,18.8,16.3,161
20180507,17.5,18.8,16.6,7.1
20180508,15.8,18.1,14.1,0
20180509,15.5,19.4,13.2,0
20180510,14.9,18.9,11.1,0
20180511,17.7,21.8,12.9,0.6
20180512,19.1,20.6,18.2,10.3
20180513,19.1,22.6,17,73.5
20180514,20.5,25.6,15.8,0
20180515,21.2,22.2,18.8,0
20180516,21.6,22.4,20.8,0.1
20180517,21.9,23,21.2,7.5
20180518,20.6,25.3,19,16.2
20180519,16.2,19,14.6,0
20180520,16.4,19,14.6,0.9
20180521,18.6,22.1,15.7,0
20180522,19.6,23.2,16.6,10
20180523,20,24.8,16.9,37.5
20180524,19.5,22.4,15.1,0
20180525,19.5,23.7,15.6,2.2
20180526,19.3,23,15.5,8.4
20180527,20.7,22.8,19.1,4.2
20180528,20.3,21.8,19.2,10.9
20180529,21.1,24.1,19.3,0.2
20180530,21.1,23.9,19.6,0
20180531,20.3,22.9,17.4,0
20180601,21.5,26.2,15.9,0
20180602,22.2,25,20.1,0
20180603,22,25.4,19.1,0
20180604,22.6,25.3,19,0
20180605,20.2,22.5,19.2,40.2
20180606,20.9,23.2,19.1,0
20180607,21.2,24.9,18.7,0
20180608,22.3,25.2,19.7,0
20180609,21.9,25.8,19.1,0
20180610,20.1,22.9,18.2,8.5
20180611,19.4,22,17.8,10.8
20180612,21.4,26.1,18.2,0
20180613,21.2,23.9,18.7,0
20180614,21.8,26,18.9,0
20180615,20.8,23.7,18.8,0
20180616,19.9,23,18.2,0
20180617,21,25,18.1,0
20180618,21.6,24,19.4,0
20180619,21.1,23.1,19.3,51.8
20180620,22.4,25,19.9,0.7
20180621,23.5,27.5,20.4,0
20180622,22.5,26,19.7,1
20180623,21.5,24.5,17.5,0.3
20180624,24.3,29.3,18.8,0
20180625,23.7,26.2,20.1,0
20180626,24.4,25.3,23.4,1.3
20180627,24,24.6,22.9,2.7
20180628,23.1,24.5,22,47.7
20180629,23.7,27.9,22.1,46.4
20180630,23.3,25.5,21.8,92.9
20180701,25.2,26.8,23.3,3.2
20180702,26.3,28.1,24.8,0
20180703,25.5,27.7,24.1,0.4
20180704,25.6,30.2,23.7,0
20180705,24.7,27.5,23,0.2
20180706,22.5,23.6,20.9,18.1
20180707,20.5,22.3,19.4,0.1
20180708,21,23,19.4,0.3
20180709,24.6,27.2,21.1,0.9
20180710,27.1,29.9,24.3,0
20180711,26.8,28.6,26,0
20180712,26.5,28.3,25.2,0
20180713,26.5,28.8,24.9,0
20180714,26.3,29,23.4,0
20180715,26.1,28.5,24.8,0
20180716,26.8,30,24.5,0
20180717,27.2,29.9,24.9,0
20180718,27,29.2,24.8,0
20180719,27.8,31,24.7,0
20180720,29,32.1,25.5,0
20180721,29.8,32.8,27.4,0
20180722,28,30.3,27.2,0
20180723,28,31.1,26.7,0
20180724,27.5,30.5,26.4,0
20180725,27.9,31.4,26.2,0
20180726,27.6,30.7,25.6,0
20180727,28.6,32,24.6,0
20180728,28.6,32,26.6,0
20180729,29.1,33,26.5,0
20180730,28.8,31.6,27.3,0
20180731,29.9,33.3,27.3,0
20180801,29.9,32.4,28.3,0
20180802,29.9,33.5,27.8,0
20180803,27.6,29.1,25.7,8.5
20180804,28.3,30.9,26.9,0
20180805,28.5,31.8,26.3,0
20180806,28.8,31.8,26.2,0
20180807,29.3,32,26.8,0
20180808,29,32.2,27,0
20180809,28.5,31.3,26.8,0
20180810,28.6,31.4,26.4,0
20180811,28.9,31.8,27.1,0
20180812,28.8,31.3,27,0
20180813,28.8,31,27.7,0
20180814,30.2,32.5,28,0
20180815,29.5,32.3,26.6,1.3
20180816,27.1,27.6,25.3,14.4
20180817,26,27.8,24.8,8.1
20180818,26.1,29.6,24.1,0
20180819,26.7,28.7,24.5,0
20180820,27.5,30.2,25.8,0
20180821,27.4,30.5,24.4,0
20180822,28.3,31.9,25,60.4
20180823,24.2,25.7,22.9,66.5
20180824,24.7,27.8,23.5,0
20180825,26.3,28.9,23.4,0.4
20180826,26.4,28.4,25.7,0
20180827,27,29.3,25.4,0
20180828,27.1,29.7,25.6,0
20180829,26.9,29,25.5,0
20180830,27.1,29.6,25.7,0
20180831,27.1,29.8,25.8,0
20180901,24.5,26.3,22,191
20180902,25.5,28.4,22.8,0.8
20180903,26.1,28,24.8,2
20180904,26.3,31.2,22.8,23.7
20180905,24.9,29.1,21.6,0
20180906,24.3,26.2,22.4,0.2
20180907,22.5,24.2,21.1,17.4
20180908,21.2,24.3,18.9,0.1
20180909,22.3,27.9,16.8,0
20180910,22.6,26,19.7,0
20180911,22.7,25.9,20.7,0
20180912,23.4,25.2,21.5,0.1
20180913,23.5,24.6,22.1,199.1
20180914,24.3,26.2,23,1.1
20180915,25.3,29,22.5,0
20180916,25,28.2,22.2,0
20180917,23.8,26.3,22.4,6.9
20180918,25.2,27.5,23.3,0
20180919,23.6,27,19,3.2
20180920,25.1,28.4,22.9,7.3
20180921,25.2,28.2,23,9.9
20180922,24.3,27.2,21.3,0
20180923,23.6,26.2,21.4,0
20180924,21.6,24.2,17.6,0
20180925,20.5,24.7,15.9,0
20180926,22.1,25.7,20.1,0
20180927,21.5,24.9,18.9,0
20180928,22.4,25.6,19.9,0
20180929,19.8,22.2,16.9,10.9
20180930,22.5,28.4,19,0.1
20181001,19.7,23.3,17.4,0
20181002,20.1,24.2,16.9,0
20181003,19.7,23.5,16.4,0
20181004,20.6,23.1,18.6,12.6
20181005,22.4,23.9,20.4,172.5
20181006,22.1,27,19.6,18.3
20181007,20.9,24.9,17.3,0
20181008,19.9,24.1,16.6,0
20181009,20.3,21.8,17.7,0
20181010,19.2,21.9,16.6,0.3
20181011,15.9,20.5,12.9,0
20181012,15.1,19.9,11.5,0
20181013,16.3,20.1,11,0
20181014,18.3,21.5,13.6,0
20181015,19.2,22.8,16.5,0
20181016,16.2,20.4,13,2.4
20181017,17.4,21.6,13.1,0
20181018,16.1,20.6,12.9,0
20181019,15.8,20.4,10.7,0
20181020,16.2,20.9,11.9,0
20181021,17.5,21.3,14.1,0
20181022,17.3,20.6,14.6,1.1
20181023,19.2,23.3,16.2,0
20181024,17.1,21.1,14.3,0
20181025,17.6,21.4,13,0
20181026,18,20.7,15.3,3
20181027,14.8,17.6,12.5,0
20181028,16.3,19.6,11.2,0
20181029,17,21.9,12,0
20181030,14.1,18.1,11.8,0
20181031,13,17.3,9.8,0
20181101,13.4,17.9,9,0
20181102,14.6,19.3,10,0
20181103,16,20,12.6,0
20181104,16,20.4,12,0
20181105,16.2,20.4,11.8,0
20181106,17.5,21.2,13,0
20181107,18.7,21.8,17,0.9
20181108,17.8,20.7,13.8,33.5
20181109,15,18.5,12.5,0
20181110,14.9,19.2,10.7,0
20181111,15.5,19,11.9,4.5
20181112,15.6,18.1,13.5,4.5
20181113,14.5,18.3,11.6,0
20181114,14,19,10.3,0
20181115,16.3,19.9,11.9,0
20181116,14.7,16.8,13.5,8
20181117,14.9,18.8,12.3,0
20181118,12.8,14.8,11.4,1.4
20181119,13,17.1,10.6,0
20181120,11.8,16.1,8.6,0
20181121,13.5,16.1,10.8,1.1
20181122,10.6,14.3,7.3,0
20181123,9.1,13.4,5.6,0
20181124,14.3,18.4,9.6,1.6
20181125,13.1,18.3,8.5,0
20181126,14.4,16.5,10.7,0.1
20181127,15.5,21.1,11.8,0
20181128,14.5,18.7,11.5,0
20181129,13.6,17.9,8.9,0
20181130,13.9,17.9,10.6,0
20181201,14.3,18.3,12.1,0
20181202,17.6,20.1,14.9,3.9
20181203,19,21.8,17,6.5
20181204,17.4,20.3,14.7,0.6
20181205,13.7,16.8,10.6,0
20181206,12.2,14,10.8,8.4
20181207,6.7,11.9,3.2,0
20181208,3.9,7.9,1.3,0
20181209,4.6,6.4,2.2,0
20181210,7.9,11.2,4.2,0
20181211,10.8,12.7,8.8,8.2
20181212,7.3,10.4,4.8,0
20181213,7.1,10.3,4.1,0
20181214,6.4,9.8,4.2,0
20181215,7.6,11.2,4.2,0
20181216,10.3,11.3,7.5,4.3
20181217,9.6,11.9,8.2,0
20181218,9.1,12.5,5.2,0
20181219,13.5,17.1,7.1,0
20181220,13.1,15.8,11.4,10.5
20181221,15,18.4,12,0
20181222,13.5,16.8,11.6,2.1
20181223,11.8,16,7.1,1
20181224,8.3,11.6,4.9,0
20181225,9.4,12,6.3,0
20181226,10.2,12.4,8.6,0
20181227,7.3,10.8,2.6,0
20181228,1.9,4.7,0.8,0.1
20181229,2.9,6.2,0.4,0
20181230,4.4,7.2,1.1,0
20181231,6.1,8.4,3.6,0
20190101,5.1,7,3.8,0
20190102,5.2,8.4,3.6,0
20190103,7.1,10.6,2.6,0
20190104,9.3,11.8,6.6,3.2
20190105,9.7,13.2,7.2,0.8
20190106,9.5,12.3,7.2,0
20190107,10,12.8,7.6,0
20190108,8.7,12.1,4.1,0
20190109,5.6,7.2,4.4,0
20190110,8.8,11.8,6.7,0
20190111,9.2,11.5,8.1,0.9
20190112,10.3,14.7,7.6,0.9
20190113,8.2,12.2,5.9,0
20190114,8.7,13.3,4.7,0
20190115,8.4,12.6,5,0
20190116,4.8,7.6,2.9,0
20190117,5,9.1,2,0
20190118,7,11.2,2.9,0
20190119,10.4,13.7,5.9,0.8
20190120,8.9,12.2,3.5,0
20190121,5.9,10.2,2.6,0
20190122,7.3,13.1,3.5,0
20190123,8.6,14.6,3.1,0
20190124,8.9,13.8,4.6,0
20190125,7.6,13.1,3.2,0
20190126,4.5,7.8,2.2,0
20190127,6.6,11.4,2.4,0
20190128,8.1,11.9,5.3,0
20190129,7.1,10,2.8,0
20190130,9.4,12,7.3,0.2
20190131,6.7,8.4,4.7,14.9
20190201,5,8.7,2.2,0
20190202,9.3,13.4,4.6,0
20190203,13.5,16.4,9.5,15.1
20190204,9,12.7,6.5,0
20190205,9.7,13.6,4.1,0
20190206,12.5,15.8,10.4,0
20190207,11.5,14,7.3,1.4
20190208,8,10.1,6.2,0
20190209,5.4,8.3,3.9,0.1
20190210,5.7,7.5,4.5,0
20190211,5.2,8.1,2.8,0
20190212,7,10.2,3.3,0
20190213,8.7,12,5.2,0
20190214,7.7,10.3,5.4,0
20190215,8.6,11,5.8,0.8
20190216,7,8.6,4.2,0
20190217,7.2,10.2,4.1,0
20190218,8.7,9.8,6.5,3.4
20190219,12.9,17.6,9.1,14.4
20190220,9.7,12.9,6.8,0
20190221,9.9,12.4,8.2,0
20190222,9.7,13.7,7.9,1.6
20190223,10.6,14.6,6,0
20190224,11.1,14.1,8.4,0
20190225,11.2,15.8,6.3,0
20190226,12.1,17.8,7.6,0
20190227,11.4,12.2,10.3,0.9
20190228,11.6,15.2,10,0
20190301,11.4,14.6,7.5,0
20190302,11.3,14,9.6,2
20190303,11.7,14.2,10.5,2.9
20190304,11.3,16.1,8.7,0.8
20190305,12,15.8,7.6,0
20190306,11,15,9,5.6
20190307,9.8,14.5,7.1,0
20190308,9.9,14.4,5,0
20190309,11.8,15.7,7.9,18.4
20190310,12.1,14.3,10.6,12.8
20190311,10.6,14.4,7.5,0.2
20190312,10.5,15,6.6,0
20190313,8.3,12.3,5.1,0
20190314,8.8,12.9,5.1,0
20190315,10.2,14.8,6.4,0
20190316,9.4,12.8,5.6,0
20190317,13.3,17.5,9.6,0
20190318,11.3,14.9,8.9,8.7
20190319,13.3,18.3,8,0
20190320,15,17.8,10.5,13.2
20190321,14.9,18.4,12.2,0.2
20190322,12,15.6,9,0
20190323,10,13.8,6.7,0
20190324,8,12.4,4.2,0
20190325,9.5,12,6,0
20190326,14.9,21.9,6.7,0
20190327,15.2,17.3,13,0
20190328,15.7,20.2,14.1,0
20190329,16.4,20.7,13.2,0
20190330,13.7,21.1,7,0
20190331,7.8,11.5,5.5,0
20190401,9.9,14.4,5.4,0
20190402,12.6,17.4,8.2,0
20190403,11.5,15.8,7.7,0
20190404,11.4,15.5,6.3,0
20190405,15,21.4,11.2,0
20190406,13.8,17.6,9.7,0
20190407,15.6,19.7,12.3,0.5
20190408,15.3,18.3,12.9,0
20190409,15,16.6,13,39.4
20190410,12.5,16.4,10.4,0.6
20190411,12.4,15.4,9.7,0
20190412,13.6,17.4,9.6,0
20190413,14,17.5,10.4,0
20190414,16.1,20.2,12.3,0
20190415,14.7,20.5,10.7,0
20190416,16.5,21.3,11.5,0
20190417,15.4,18.8,12.9,0.1
20190418,15.8,19.3,12.7,0
20190419,16.2,20.4,12.6,0
20190420,16.3,19.1,14.5,0
20190421,17.9,21,14.1,0
20190422,19.7,23.8,17.3,0
20190423,17.4,18.6,16.4,38.6
20190424,17.6,24.5,16.1,0.2
20190425,17.2,20.2,15.8,0
20190426,13.9,17.7,10.7,0
20190427,13.8,17.6,10.1,0
20190428,15.1,17.4,12.6,0
20190429,16.8,19.1,14.2,9.7
20190430,16.8,19.3,15.2,0.1
20190501,18,24.2,15.3,0
20190502,19.8,24.1,13.6,0
20190503,20.3,24.1,17.1,0
20190504,19.6,23.4,16.3,0
20190505,19.6,23.6,15.5,0
20190506,18.1,22.3,14,0
20190507,15.9,20.2,12.1,0
20190508,16.4,21,12.5,0
20190509,17.8,21.6,14.8,0
20190510,18.9,23.7,14.7,0
20190511,19.6,23.7,14.7,0
20190512,19.1,22.9,16.1,0
20190513,19.9,22,17.4,0.3
20190514,20.7,23.5,17.9,3.1
20190515,22.6,27.3,18.3,0
20190516,22.2,25.1,19.2,0
20190517,20.6,24,17.8,54.4
20190518,19.8,20.6,18.2,197.3
20190519,19.3,21.3,17,4.8
20190520,18.3,21.5,14.7,0
20190521,19.8,24.9,14,0
20190522,20.5,23.9,17,0
20190523,21.1,23.8,18.6,0
20190524,23.1,27.2,20.4,0
20190525,22.1,25.3,18.9,0
20190526,21.6,24.2,19.8,0.2
20190527,20,20.9,18.6,116.6
20190528,20.6,24.2,16.8,0
20190529,22.7,29.7,18.3,0
20190530,21.8,26.5,18.6,0
20190531,18.5,20.9,16.6,0
20190601,19.6,22.7,15.6,0
20190602,20.7,23.7,18.5,0
20190603,21.1,24.6,17.3,0
20190604,22.9,26,20.9,0
20190605,23.1,26.1,20.5,0
20190606,22.4,24.8,20.2,34.8
20190607,21,24.9,18.9,0.4
20190608,19.9,21.4,18.3,0.6
20190609,20,23.1,18,0
20190610,20,22.8,17.7,0
20190611,19.7,22.7,18.2,0
20190612,19.3,22.4,16.7,0
20190613,20.5,24,15.9,0
20190614,20.6,22.7,17.9,23.9
20190615,22.9,28.8,17.7,0
20190616,21.8,25.4,18.3,0
20190617,21,23.3,18.6,0
20190618,20.9,22.6,19.3,1.9
20190619,21.7,25,18.7,0.4
20190620,22.8,25.3,20,0
20190621,22.9,24.9,21.1,0
20190622,22.4,25.2,20.4,0
20190623,21.9,25.1,19.6,0
20190624,21.5,24.3,18.5,0
20190625,23.9,27,21,0
20190626,22.3,24,19.4,116.8
20190627,23.6,26.6,22.2,2.3
20190628,23.3,25.4,21.1,0
20190629,23.8,25.3,22.7,8
20190630,22.7,25.5,21.3,0
20190701,21.8,24.9,20.8,3.4
20190702,21.6,23.4,19.8,0
20190703,22,25.1,20.7,0.1
20190704,23.2,27.3,19,0
20190705,24.7,29.2,21.6,0
20190706,23.9,27.4,19.7,0
20190707,22.8,25,21.5,1.1
20190708,21.9,23.2,20.8,2.7
20190709,22.1,23.6,21.5,1.8
20190710,22.4,24.6,21.1,36
20190711,24.9,29,21.8,0
20190712,23,26.3,20.6,0.6
20190713,21,23.1,18.6,57.9
20190714,23.7,26.9,21.3,0
20190715,23.6,26.6,21.4,0
20190716,24.4,26.9,21.5,0
20190717,24.1,25.9,22.7,8
20190718,24.4,25.4,23.3,128.2
20190719,24.9,26.2,23.8,152.9
20190720,22.9,24.7,22.5,47.5
20190721,25.2,29.4,22.4,0.3
20190722,25.4,28,23.8,3
20190723,25.3,26.9,24,0
20190724,24.9,25.8,24.4,0
20190725,25,26.1,24.4,1.3
20190726,25.8,27.1,24.7,7.3
20190727,25.9,26.4,25.4,0
20190728,27,29.3,25.5,0
20190729,27.5,29.7,25.6,0
20190730,27.4,29.4,26.5,0
20190731,28,30.5,26.7,0
20190801,28.1,30.9,26.4,0
20190802,28.1,31.1,25.6,0
20190803,28.5,31,27,0
20190804,28.6,31.1,26.8,0
20190805,28.4,30.8,25.6,0
20190806,28.6,32.2,26.7,0
20190807,28.5,31.1,25.7,0
20190808,29.4,31.7,26.6,1.7
20190809,29.3,31.4,27.7,0
20190810,28.5,30.8,27.8,0
20190811,27,28,26.4,27.6
20190812,27.5,29.1,26.9,0.4
20190813,28.8,31.5,25.3,0
20190814,29.5,32.1,27,0.2
20190815,28.5,31.6,25.5,0
20190816,27.1,30.7,24.9,0
20190817,26.8,29.2,23.5,0
20190818,26.8,29.9,25.6,0
20190819,27.3,30.1,24.5,0
20190820,27.4,30.6,25,0
20190821,26.7,30,24.5,26.8
20190822,27.1,29.6,24.9,20.7
20190823,27.3,31.6,24.3,0
20190824,25.9,27.7,24.9,0
20190825,24,26.8,20,3.7
20190826,24.6,26.1,22.9,23.9
20190827,26,27.4,23.7,71.9
20190828,24.3,26.8,21.7,93.7
20190829,22.2,23.2,21.3,46.7
20190830,24.2,28.6,20.3,0
20190831,23.9,27.3,20,0
20190901,22.6,25,21,18.7
20190902,25,27.5,21.7,14.6
20190903,25.5,27.7,23.8,9.5
20190904,25,27,22.5,28.9
20190905,26.4,28.8,23.8,15.7
20190906,26,27.1,24.7,54.1
20190907,25.1,26.9,23.7,6.9
20190908,24.2,25.8,22.7,29.5
20190909,25.6,28.2,24.8,21.9
20190910,26.4,28.6,24.5,0
20190911,27,29.4,25.4,0
20190912,24.5,27.2,22.8,0
20190913,24.2,26.9,22.2,0
20190914,24.9,28,22.5,0
20190915,25.1,27.9,22.5,0
20190916,24.8,28,22.8,0
20190917,23.7,26.5,21.6,0
20190918,24.5,29.5,19.9,0
20190919,23.2,26.7,21.2,0
20190920,22.7,26.4,20.2,0.7
20190921,20.7,22.2,18.6,57.8
20190922,21.4,24.1,20.7,78.9
20190923,20.9,24.4,19,0.6
20190924,20.8,25.1,16.9,0
20190925,21.7,25.5,18.7,0
20190926,23.9,27.2,20.6,0.1
20190927,24.4,26.5,22.8,12.4
20190928,25.5,28,22.8,0
20190929,24.4,27.9,22.6,38.3
20190930,24.3,27.1,22.2,6.3
20191001,23.4,25.3,20.4,35.4
20191002,24,26.1,21.1,102.8
20191003,24,27.9,21.5,0.1
20191004,23.3,26.8,19.6,0
20191005,22.3,26.1,19.8,0
20191006,21.6,24.4,19.9,0.2
20191007,21.5,23.9,19.9,9.1
20191008,20.8,24.2,18,0
20191009,18.8,22.9,14.3,0
20191010,18.9,23,13.8,0
20191011,21.6,25.2,16.9,0
20191012,21.8,25.1,18.9,0
20191013,19.7,22.6,17.4,0
20191014,19.7,24.1,15.6,0
20191015,18.8,22.5,15.7,0
20191016,18.2,22.1,15.1,0
20191017,19.3,23.6,14.5,0
20191018,19.2,22,17.8,2.6
20191019,20.3,24.3,16.9,0
20191020,20,24.5,16.2,0
20191021,19.8,23.5,16.1,0
20191022,20.4,24.5,17,0
20191023,20.4,23.2,19.2,0
20191024,20.1,23.7,18.1,0.4
20191025,20.2,24.5,16.4,0
20191026,18.2,21.3,16.5,0
20191027,16.7,20.3,13.9,0
20191028,16.8,20,14.9,0
20191029,17.7,23.1,13.9,0
20191030,16.6,20.6,13.1,0
20191031,17.2,21.3,13.4,0
20191101,18.6,23.4,13.9,0
20191102,19.2,22.9,16.4,0
20191103,18.6,21.3,16.1,0
20191104,17.4,21.3,14.9,0.3
20191105,17.4,21,15,0
20191106,17,21.7,13.6,0
20191107,16.9,20.8,13.9,0
20191108,15.4,18.9,12.3,0
20191109,15.5,19.4,12.1,0
20191110,16.3,19.3,12.3,2.6
20191111,16.2,19.7,13.4,0
20191112,15.6,19.2,12.1,0
20191113,15.8,19,12.7,0
20191114,12.3,15.2,8.4,0
20191115,12.5,16.6,7.4,0
20191116,17.1,21.2,12.6,0
20191117,21,23.4,17.5,0.5
20191118,15.6,21.3,10.8,9.9
20191119,10.5,13.4,8.4,0
20191120,10.4,14.7,7.4,0
20191121,13.6,17.5,7,0
20191122,17.6,21,14.8,0
20191123,18.4,21,15.7,0
20191124,19.1,22.9,17.7,9.3
20191125,13.9,17.8,11.3,0
20191126,14.3,16.1,11.3,0
20191127,13.3,14.8,11.3,8.6
20191128,12.4,16.9,9.3,0
20191129,11.6,16,8.5,0
20191130,13.5,17.6,8.1,0.1
20191201,14.3,17.3,13.6,16.8
20191202,10.3,14.9,6.7,0
20191203,8.6,11.9,5.5,0
20191204,10.5,14.7,7.9,0
20191205,8.6,13.2,6.2,0
20191206,7,10.4,5.1,0
20191207,7.5,11.7,4.2,0
20191208,9.5,13.1,5.1,0
20191209,10.6,14.6,6.2,0
20191210,13.8,18.1,10.4,0
20191211,13.3,18.4,9,0
20191212,9.4,12.4,6.7,0
20191213,11.2,14.9,6.9,0
20191214,12.3,17.2,8.9,0
20191215,13.5,16.8,9.1,0.2
20191216,14.5,17.6,12.8,1.7
20191217,16.2,19.8,13.2,9.8
20191218,12.1,14.8,10.4,0
20191219,10.9,13.1,8.5,0
20191220,8.9,11.9,6.1,0
20191221,9.3,11.5,6.6,0
20191222,9.5,11.4,7.3,3.1
20191223,10.8,15.3,6.3,0
20191224,10.5,14.4,8,0
20191225,12.8,15.6,7.9,0
20191226,11.2,13.8,6.2,19
20191227,6.5,9.6,4.5,0
20191228,7.5,11.3,4.3,0
20191229,12.8,17.3,8,34.3
20191230,13.1,15.5,10.2,0
20191231,5.3,10.7,3.4,0
20200101,7,9.6,4.8,0
20200102,8.7,12.7,5.6,0
20200103,9.5,13.4,6.1,0
20200104,9.7,14,6.2,0
20200105,9.6,12.8,6.1,0
20200106,14.6,17.3,11.2,1.3
20200107,16.8,18.4,12.4,16.3
20200108,7.8,12.7,6.3,2.4
20200109,8.4,9.8,5.9,0
20200110,9.4,13.1,6.1,0
20200111,9.9,11.3,8.1,0.3
20200112,7.5,9.8,4.6,0
20200113,7,10.6,3.2,0
20200114,5.4,7.9,3.5,12.4
20200115,6.4,9.3,3,0
20200116,8.2,10.3,6.8,0
20200117,8.6,12.7,4.5,0
20200118,7.1,11.5,2.7,0
20200119,7.9,10.5,4.6,0
20200120,8.2,11.9,5.4,0
20200121,8.3,11.8,4.6,0
20200122,11.9,14.2,8.9,32.4
20200123,13.3,14.8,11.8,0
20200124,12.8,15.8,11.3,0
20200125,12.1,14,9.3,4.5
20200126,11.3,12.6,10.4,7.8
20200127,9.8,10.7,8.2,32.6
20200128,9.9,13.2,7,0
20200129,9.3,13.9,6.8,0
20200130,8.1,12.5,5.7,0.1
20200131,7.6,11.5,4.5,0
20200201,8.3,12.8,4.5,0
20200202,8.2,12.8,5.3,0
20200203,8.8,13.7,4.8,0
20200204,7.9,12.2,4.6,0
20200205,6.6,8.9,3.3,0
20200206,5.5,9.6,2.7,0
20200207,8.3,11.8,4.8,0
20200208,7.3,11.3,4.7,0
20200209,6.1,10.2,3.1,0
20200210,10.3,15,6.5,0
20200211,10.9,14.4,6.1,3.7
20200212,12.6,15.5,9.4,60.1
20200213,12.1,15.5,8.6,0
20200214,13.7,16.7,11,0
20200215,15.6,18.6,13.5,2.2
20200216,7,14.7,2.7,2.2
20200217,1.5,3.7,-0.2,5.9
20200218,5.3,10,0,0.5
20200219,7.7,11.1,3.7,0
20200220,10.2,14.2,5.7,0
20200221,12.7,15.7,8.7,1.7
20200222,10.9,14.8,5.5,0
20200223,8.2,12.4,4,0
20200224,12.8,16.1,5.8,0
20200225,16,16.9,14.4,0.2
20200226,13.3,16.1,10.1,0
20200227,11.2,14.9,8,0
20200228,10,11.2,8,7.3
20200229,11.8,12.5,10.8,11.7
20200301,12.5,13.8,11.7,0
20200302,10.4,12.9,8,0
20200303,11.8,13.9,8.3,0
20200304,10.1,14.8,4.4,0
20200305,7.4,11.7,3.1,0
20200306,9.9,12.2,6.6,0
20200307,11.3,12.6,10.1,8.9
20200308,12,15.7,8,0
20200309,13,14.4,11.4,30
20200310,11.4,15.2,7.1,0.6
20200311,9,14.5,5.6,0
20200312,10,13.4,5.2,0
20200313,12.8,15,10.3,0
20200314,9.6,12.6,6.8,0
20200315,10.9,15.7,6.4,0
20200316,7.6,10.8,4.1,0
20200317,11.4,14.8,6.7,0
20200318,13.2,17.1,8,0
20200319,13.4,21.1,9.1,0
20200320,11.3,14.5,7.5,0
20200321,16.1,18.5,10.8,0
20200322,17.3,19.9,15.3,0
20200323,15.4,18.8,11.4,0
20200324,13.6,16.8,10.9,0
20200325,15.5,19,11.6,0.1
20200326,16.7,18,15.1,80.4
20200327,15.8,18.4,12.7,5
20200328,10.8,12.9,8.9,7
20200329,11.5,14.3,6.9,0
20200330,13.6,16.5,11.7,0
20200331,14.5,18.7,12.5,0.2
20200401,14.2,19.1,10.6,3.1
20200402,13.4,17.3,10.9,0
20200403,13.7,17,10.7,0
20200404,14.2,20.9,9.1,0
20200405,11.9,16.3,9.1,0
20200406,12,15.8,7.2,0
20200407,14.7,20.1,9.9,0
20200408,14.6,18.4,10.8,0
20200409,14.1,17.8,11.3,0
20200410,14.3,18.2,11.3,0
20200411,12.8,16,9.8,14
20200412,11.1,14.8,7.8,8.5
20200413,11.6,15.6,8.8,0
20200414,13.8,18.4,8.1,0
20200415,13.7,16.9,11.4,0
20200416,14.8,18.4,10.1,0
20200417,15.5,17.6,13.6,32.6
20200418,14.7,17.4,11.4,0
20200419,13.6,15.1,12,23.6
20200420,15,18.7,11.4,0
20200421,14.1,18.9,9.1,0
20200422,10.5,14.9,7.9,0
20200423,10.8,15.7,7.1,0
20200424,12.3,16.8,8.2,0
20200425,15,19.2,10.4,0
20200426,15.1,18.2,12.6,0
20200427,15.3,19.4,11.8,0
20200428,15,19.2,10.7,0
20200429,15.4,18.9,10.3,0
20200430,18.3,21,14.1,0
20200501,20,22.4,18.5,0
20200502,19.3,21.4,17.8,36.6
20200503,17.8,20.2,16.2,4.9
20200504,18.1,21.4,15.6,0
20200505,18.5,20.5,17.1,0
20200506,20.5,25.3,17,0
20200507,18.8,22.8,15.4,0
20200508,19.4,23.1,15.4,1.4
20200509,17.9,20,14.6,108.4
20200510,16.4,18.7,14.1,0
20200511,17.8,23.5,14.2,0
20200512,18.1,21.6,14.8,0
20200513,17.8,22.8,13.2,0
20200514,19.6,23,14.2,0
20200515,19.4,20.9,18,59.8
20200516,18.3,21.9,17,4.2
20200517,17.8,20.7,14.9,0
20200518,19.4,21.5,17.2,10.2
20200519,16.4,20.6,12.8,0
20200520,16.3,20.7,12,0
20200521,17.2,20.7,13.8,0
20200522,18.5,21.6,15.7,0
20200523,19.2,22,16.3,0
20200524,21.7,24.8,17.8,0
20200525,18.5,21.2,17.9,0.4
20200526,18.1,20.9,16.2,0.8
20200527,18.9,22.4,16,0
20200528,20,26.9,14.9,0
20200529,19.8,22.3,16.7,0
20200530,19.8,22.8,18.4,0.8
20200531,19,20.5,17.3,16.5
20200601,20.1,25.2,18,0
20200602,19.1,22.3,14.6,0
20200603,21.1,24.1,20,8.6
20200604,21.9,24.1,18.8,0
20200605,21.3,23.8,18.4,0
20200606,22.1,27.3,19.2,0
20200607,22.4,25.8,19.1,0
20200608,24.8,28.1,21.7,0
20200609,24.9,28.1,23.5,0
20200610,23.2,25.4,21.8,35.3
20200611,22.4,25.5,21,3
20200612,22.1,23.8,20,8.5
20200613,23.4,24.4,21.9,73.5
20200614,23.3,24.7,21.6,24.4
20200615,21.4,24.4,19.8,0
20200616,23,27.3,18.8,0
20200617,20.9,23.3,18.7,13.2
20200618,20,21.2,18.4,40.1
20200619,21,24.2,19.6,0.4
20200620,22.4,25.6,19.1,0
20200621,22.1,25.6,20.7,0
20200622,23.2,25.8,20.3,0
20200623,24.6,27.2,20.8,0
20200624,23.2,24.3,22.2,123.2
20200625,22.1,23.7,20.4,27
20200626,22.8,25.5,19.7,0
20200627,23.9,27.1,21.6,1.8
20200628,24.3,28,21.7,0
20200629,22.4,24.4,20.8,47.1
20200630,22.3,25.3,20,0
20200701,22.4,25.7,18.9,0
20200702,22.7,25.4,19.7,0
20200703,21.5,23,20.3,38.9
20200704,21.1,22.6,20,1.2
20200705,22.5,25.1,20.9,0.4
20200706,22.5,24.1,20.7,47.1
20200707,21.5,22.9,20.5,70.8
20200708,22.4,25.2,19.7,0
20200709,24.8,28.3,22.1,5.6
20200710,24.1,27.5,22.6,40.1
20200711,22.6,25.3,20.9,0.4
20200712,23.2,24.6,21.6,39.2
20200713,23,25.2,21.3,17.7
20200714,22,25,20.1,0
20200715,21.4,24.3,19.7,0
20200716,22.8,26.6,19.1,0
20200717,22.5,25.2,19.3,0
20200718,23.3,24.5,21.5,1.4
20200719,25.7,27.1,24.1,5.2
20200720,24.5,26.7,22.5,3
20200721,23.7,25.7,22,1.9
20200722,24.9,27.6,23.9,0.2
20200723,24.5,25.7,22.4,8
20200724,21.5,23.6,20.1,0.1
20200725,21.5,25.1,20,0
20200726,23.5,26.5,19.2,0
20200727,24.1,25.1,22.9,40.6
20200728,25.5,27.2,24.1,0.1
20200729,26.5,28.8,24.8,0.1
20200730,27.2,29.2,25.9,0
20200731,26.7,29.1,25.5,0
20200801,27.2,29.6,25.6,0
20200802,27.3,29.3,26.3,0
20200803,27.4,29.8,26.3,0
20200804,27.9,30.5,26.4,0
20200805,26.9,28.4,24.9,5.1
20200806,26.4,26.8,25.6,15.8
20200807,26.8,27.6,26.4,0
20200808,26.6,27.4,26.2,0
20200809,27.5,30.1,25.8,0.2
20200810,26.5,27.7,24.7,22.8
20200811,26.9,27.6,25,15.5
20200812,27.4,29.9,26.1,2.3
20200813,27.5,29.8,26.8,0
20200814,27.8,29.8,26.6,0
20200815,27.8,30.2,26.1,0
20200816,28.1,29.9,26.4,0
20200817,27.8,30.4,25.7,0
20200818,27.4,30.3,25.3,0
20200819,27.3,30.3,23.8,0
20200820,27.6,30.9,24.3,0
20200821,27.8,30.3,24.8,0
20200822,27.5,30.9,26,0
20200823,27.9,30.9,24.7,0
20200824,28.7,31.3,26.2,0
20200825,28.3,31.3,24.7,27.1
20200826,26.4,28.4,24.6,67.4
20200827,26.3,27.5,25.2,0
20200828,26.8,29.9,25.5,2.8
20200829,27,29.7,25.8,0.2
20200830,27.1,29.2,25,0
20200831,28,31,25.3,0
20200901,27.4,29.7,25.5,0
20200902,25.7,27.6,23.6,235
20200903,24.1,28,21.2,1.2
20200904,23.4,26.7,18.9,0
20200905,20.4,24.1,17.9,13.2
20200906,23,25.1,19.5,17.6
20200907,23.2,25.7,20.8,25.5
20200908,24.4,27.1,22.2,0.1
20200909,24.5,26.9,22.8,0
20200910,23.9,26.4,22.2,0
20200911,22.6,25.3,19.4,9
20200912,22.5,25.5,19.6,0
20200913,22.3,25,20.8,37.7
20200914,22.3,25.3,20.6,3.3
20200915,22.6,24.8,19.8,0
20200916,22.1,25.8,19.7,25.7
20200917,20.4,23.1,18.3,43.6
20200918,19.8,21.5,17.9,8.6
20200919,20.3,24.2,15.6,0
20200920,21.2,26.7,16.3,0
20200921,21.5,24.6,18.4,0
20200922,20.7,23.7,19.1,0
20200923,20.2,21.8,19.1,3
20200924,20.7,22.3,19.1,0
20200925,21.9,25.5,18.6,0
20200926,21.1,23.9,18.6,0
20200927,20.7,23.8,18,1.4
20200928,20.2,23.3,18.2,0
20200929,20.4,25.3,16.5,0
20200930,20.9,24.8,16.8,0
20201001,20.5,24.5,17.3,0
20201002,20.6,24.1,16.7,0
20201003,21.8,24.7,19.8,0
20201004,21,23.2,19.4,0.3
20201005,18.9,22.6,16.1,0
20201006,18.9,22.2,15.4,0
20201007,19.9,22.6,18,0
20201008,19.5,22.5,17.5,0
20201009,19.5,21.6,17.4,0
20201010,20.3,24.1,18.5,0
20201011,19.6,22.8,17.1,0
20201012,19.8,23.5,16.3,0
20201013,19.2,23,16.4,0
20201014,18.9,23.2,14.2,0
20201015,18.8,22.8,15.5,0
20201016,16.7,20.4,12.6,7.5
20201017,17.3,21.5,12.5,0
20201018,18,21.6,13.8,0
20201019,17.9,22.3,13.6,0
20201020,18.9,22.7,16.4,0
20201021,18.9,22.5,17,25
20201022,18.1,20.8,15.9,6.4
20201023,15.5,19,12.9,0
20201024,15.5,19.9,11.7,0
20201025,16,20.5,11.6,0
20201026,16.9,21.3,13.1,0
20201027,17.2,21.3,13.9,0
20201028,18.5,22,15.8,0
20201029,17.4,21.1,13.9,0
20201030,16.6,20.5,13.2,0
20201031,16.5,19.8,14.3,0
20201101,17.9,21.6,13.7,1.6
20201102,16,19.2,13.1,3.8
20201103,13.6,17,10.3,0
20201104,12.4,17.2,8.5,0
20201105,15,18.6,10.1,0
20201106,18.2,20.9,15.1,0.3
20201107,19,22.3,15.5,0
20201108,15.7,20.4,11.8,0
20201109,13,16.6,10.3,0
20201110,13.8,18.3,8.8,0
20201111,13.2,17.5,9.4,0
20201112,15.1,19.9,11.9,0
20201113,15.6,19.9,11.2,0
20201114,17.3,20.9,13.8,0
20201115,17.2,20.7,14.2,0
20201116,18.1,19.8,17.2,0.9
20201117,20.8,23.5,17.8,0
20201118,21.7,23.5,20.9,0
20201119,20.3,21.9,17.2,2.3
20201120,15.8,18,13.9,0
20201121,14.9,17.8,9.9,0
20201122,15.4,17.5,12.2,0.4
20201123,11.9,15,10,0
20201124,13,15.5,9.9,0
20201125,14.3,17.9,10.7,0
20201126,13.5,14.5,11.8,2.4
20201127,12.4,15.6,8,0
20201128,8.5,11.5,7.2,0
20201129,9.3,13.4,6.7,0
20201130,9.1,12.8,6.9,0
20201201,8.5,12.3,6,0
20201202,10.9,15.2,6.8,0
20201203,9.8,14.3,5.5,0
20201204,8.7,12.2,5.6,0
20201205,9.7,13.1,6.5,0
20201206,10.2,13.8,7.1,0
20201207,11.2,15.8,7.9,0
20201208,9.5,13.1,7,0
20201209,9.5,12.8,7.6,0
20201210,12.2,15.1,7.8,0
20201211,11.6,12.5,9.8,0.4
20201212,10.9,14.2,7,0
20201213,9.7,14.2,6.2,0
20201214,3.3,6.5,1,0
20201215,2.8,7.6,0.7,0
20201216,3.9,7.3,2.1,0
20201217,4.9,9.5,1.4,0
20201218,6.5,10.9,2.7,0
20201219,5.4,8.7,1.9,0
20201220,5.4,9.5,1.9,0
20201221,6.4,10.5,3.8,0
20201222,8.5,13,4.8,0
20201223,10.9,15,5.4,0
20201224,12.1,15.8,7.2,0
20201225,7.7,11.3,5.3,0
20201226,8.4,12.5,5.3,0
20201227,10.9,11.9,9.9,53.2
20201228,11.7,15.5,7.9,0
20201229,12.5,15.2,9.9,4.3
20201230,0.7,10,-2.1,3.9
20201231,1.8,4.3,-1.3,1.1
20210101,4.7,6.3,2.3,0
20210102,6.5,10.2,3.7,0
20210103,6.3,9.1,3.8,0
20210104,6.5,10.8,3.2,0
20210105,7.2,10.3,4.3,0
20210106,3.6,5.9,2.5,0.4
20210107,-1.9,2.9,-3.4,1.3
20210108,-1.7,1.3,-3.4,3
20210109,0,2.8,-2.6,2.6
20210110,2.4,5.6,-2,0
20210111,4.2,6.7,2.6,0.1
20210112,4.3,7.4,1.6,0
20210113,9.7,13.1,3.8,0
20210114,11.3,14.7,7.2,0
20210115,14.1,17.1,11,0
20210116,7.6,11.5,2.8,0
20210117,3,6.5,1.3,0
20210118,6.4,9.4,2.4,0
20210119,5.6,9.7,2.4,0
20210120,9.8,13.6,4.5,0
20210121,13.4,16.6,9.6,1
20210122,13.3,15.2,11.1,10.6
20210123,12.7,14.1,10.9,21.6
20210124,11.4,13.9,9.9,0.1
20210125,12.4,14.9,10.6,0
20210126,12.4,15.5,9.4,10.6
20210127,9.5,13.7,5.9,0
20210128,6.5,11.7,0.8,0
20210129,2.7,6.7,0,0
20210130,6.9,11.2,1.4,0
20210131,11.2,14.8,5.1,3.3
20210201,12.1,15.1,10.1,25
20210202,6.6,11.2,2.1,0
20210203,5.7,8.7,2.3,0
20210204,9,11.9,6.1,0.1
20210205,8,10.9,5.3,2
20210206,10.1,14.4,5.5,0
20210207,11.4,16.2,6.5,0
20210208,8.2,11.1,6.1,0
20210209,7.7,10.5,5.1,0
20210210,9.1,12.9,5.1,0
20210211,10.9,13.3,8.1,0
20210212,11.9,14,9.6,0
20210213,14.2,18.6,10.6,0
20210214,15.6,18.9,12.9,10.6
20210215,9.7,14.3,3.4,0
20210216,6.2,9.4,2.9,0.2
20210217,0.7,3.9,-2.3,1.2
20210218,2,4.6,-2.1,0.7
20210219,7.2,11.5,1.3,0
20210220,13.1,16.6,9.1,0
20210221,15.7,18.4,12.8,0
20210222,15.9,23.6,12.4,0
20210223,11.9,14.4,9.6,0
20210224,11.3,15.3,7,0
20210225,11.6,13.8,9.9,7.1
20210226,11.2,12.9,9.7,3.3
20210227,11.2,12.5,10.5,0
20210228,13.7,15.9,10.6,1
20210301,14.9,16.9,10.8,17
20210302,9.4,13.7,4.8,0
20210303,9.4,12.7,4.7,0
20210304,11.9,13.7,9.9,35.2
20210305,13.4,16,11.2,0.1
20210306,12.5,17.5,10.3,0
20210307,9.6,12.1,7.3,0
20210308,10.7,15.5,6.6,0
20210309,11.6,14.5,8.9,0
20210310,12.7,18.1,8,0
20210311,14.3,18.2,11.1,21.7
20210312,13.6,17.4,10.8,12.5
20210313,11.8,15.2,8.2,0
20210314,13,17.7,8.5,0
20210315,14.6,17.3,10.1,0.6
20210316,15.1,17.5,12.6,25.4
20210317,13.7,17.9,9,0
20210318,14,18.4,8.6,0
20210319,14.4,17.1,13.2,8.2
20210320,15.5,19.1,12.8,6.3
20210321,10.7,15.6,6.5,2.2
20210322,9,12.7,5.2,0
20210323,11.2,15.4,7.1,0
20210324,14,18.1,8.9,0
20210325,14.8,18.8,11,0
20210326,15.8,20.2,10.2,0
20210327,16.7,18.7,13.9,27.1
20210328,15.6,20.9,12.3,0
20210329,15.5,19.8,12.2,0
20210330,15.5,19.3,12.8,0
20210331,16.3,20,13.1,0
20210401,15,17,13.4,23.9
20210402,17.1,19.3,14,0.4
20210403,16.4,18.3,13.5,33.8
20210404,14.6,17.3,13.3,0
20210405,13.5,16.9,10.8,0
20210406,14.7,18.2,11.2,0
20210407,16.8,22.2,11.9,0
20210408,16.1,19.5,13.1,0
20210409,14.9,19.8,10,0
20210410,14.4,18.1,11.8,0
20210411,15.9,18.9,12.6,0
20210412,15.7,16.9,14.4,117.9
20210413,15.1,20.1,11.7,0
20210414,12.8,17,10.4,0
20210415,14.1,17.6,9.9,0
20210416,16.3,19,13.7,0
20210417,14.9,22.5,9.8,0
20210418,14,19.8,9.6,0
20210419,15.2,21,8.8,0
20210420,15.5,20.1,10.8,0
20210421,17.4,21.9,11.9,0
20210422,20.4,23.7,17.4,0
20210423,19.1,23.6,16.4,0
20210424,18.3,22.7,15.8,0
20210425,17.3,22.5,14.5,0
20210426,16.3,20.1,13.8,0
20210427,16.8,19.6,13.8,0.5
20210428,17.1,20.5,15.3,0
20210429,17.6,21.9,16,0
20210430,17.3,22.7,12.4,5.5
20210501,14.2,18.4,11,11.8
20210502,15,18.9,10.8,0
20210503,15.7,18.4,11.4,0
20210504,18.5,20,17.1,52.6
20210505,19.1,24,15.6,0
20210506,17.5,21.4,12.7,0
20210507,19,23.2,16.3,0
20210508,17.2,20.5,13.8,0
20210509,19.2,22.6,15.4,0
20210510,20.1,25.7,16.9,0
20210511,18.4,21.3,17.2,9.9
20210512,18.9,21.7,16.5,0
20210513,20.6,25.3,17.5,0
20210514,20.9,23.6,18.7,0.1
20210515,22.4,26.2,20.5,10.9
20210516,20.4,21.4,18.3,6.8
20210517,18.6,22.8,16.4,3.4
20210518,18.5,22.1,16.3,0
20210519,19.5,22.6,17.1,0
20210520,17.6,19.8,16.2,26.8
20210521,18.4,22.1,15.6,0
20210522,19.2,22.5,15.6,0
20210523,19.9,23,16.4,0
20210524,20.2,25.1,15.8,2.1
20210525,20.8,27.9,16.9,0
20210526,18.4,21.9,15.3,29.3
20210527,19.6,26.2,15.9,5.5
20210528,20,24.9,17.4,0
20210529,19.3,22.5,15.3,0
20210530,20.3,22.7,16.7,0
20210531,21.2,24.7,17.7,0
20210601,22.3,25,19.6,0
20210602,22.6,24.3,19.9,0
20210603,21.5,24,18.5,28.5
20210604,21,27.4,18.3,3.6
20210605,20.5,23,18.6,0
20210606,20.8,23.3,18.2,0
20210607,21.5,24.6,18.7,0
20210608,23.1,26.6,21,0.6
20210609,23.8,26.9,22.4,0
20210610,23.3,25.1,22.3,9.9
20210611,22.2,23.1,21.1,92.8
20210612,22.8,25.8,21.1,0.1
20210613,20.7,23,18.9,0
20210614,22.2,24.8,19.3,0
20210615,22.5,23.6,21.6,63.4
20210616,22,24.1,21.2,0
20210617,21.8,24.1,20.6,0
20210618,21.9,24.2,21.1,1.2
20210619,23,27.4,20,0
20210620,23.5,26.8,19.6,0
20210621,24.4,29,20.6,0
20210622,23.8,26.4,21.6,0
20210623,23.1,25.9,20.9,0
20210624,23.2,26.1,21.5,0
20210625,23.6,25.9,21.5,0
20210626,24.3,26.8,22.2,0
20210627,24.7,28.4,22.8,0.7
20210628,25.3,28.7,23,0
20210629,24.4,27.4,22.7,0
20210630,24.3,27.1,22.4,0
20210701,25.9,29.3,23.1,0
20210702,24.2,26.2,23.1,0.4
20210703,24.9,25.9,23.1,43.7
20210704,23.6,25.6,22.2,88.1
20210705,25.5,26.8,23.3,1.1
20210706,26.1,27.4,25.3,0
20210707,25.8,26.4,24.9,1
20210708,25.5,26.8,23.8,3.2
20210709,25.5,27.5,24.3,0.1
20210710,26.1,28.7,24.5,0
20210711,26.3,27.9,24.7,0.9
20210712,27.4,29.9,25.5,0
20210713,27.2,29.6,26.2,0
20210714,27.4,28.9,26.3,0
20210715,27.3,29.4,24.8,0
20210716,27.6,29.3,26,0
20210717,26.8,29.7,23,7.8
20210718,25.1,28.1,22.6,46.7
20210719,27.3,30.1,24.3,3.4
20210720,28.3,31.1,26.6,0
20210721,28.3,32,26.1,0
20210722,28.2,32,26.2,0
20210723,27.3,29.2,26.2,0
20210724,27.9,31.3,26.6,0
20210725,26.8,27.2,26,0.3
20210726,25.9,27.1,23.6,9.6
20210727,27.3,29.7,25.6,0
20210728,27.4,29.9,25.2,0
20210729,26.9,29.1,25.3,0
20210730,26.5,28.5,24.8,3.9
20210731,27.2,29.3,25.7,8.2
20210801,27.9,29.9,26.5,0
20210802,27.2,30.1,25,30
20210803,27.7,29.7,25.6,0.8
20210804,28.1,31,25.6,1.5
20210805,28.9,31.7,26.9,0
20210806,28.5,32.9,24.8,0
20210807,28.7,31.4,26.8,0
20210808,28,30.4,26,0.4
20210809,28.4,32.9,25.1,0
20210810,27.3,29.3,25.7,0
20210811,25.5,28.2,23.3,40.7
20210812,25.1,27.2,23.4,45
20210813,23.7,25.3,22.6,25.6
20210814,23.4,24.8,21.8,27.7
20210815,24.3,25.7,22.8,3.6
20210816,24.2,27.4,23,10.9
20210817,25.7,29.2,23.5,0
20210818,24.4,28,22.9,2.9
20210819,24.9,27.9,21.8,0
20210820,26.3,28.9,24,0
20210821,25.2,26.7,22.8,29.6
20210822,25.1,26.7,23.6,69.9
20210823,26.1,28.9,24.7,13.3
20210824,26.1,26.8,25.4,0.6
20210825,25.6,26.6,23.9,2.8
20210826,25.9,28.6,23.4,9.7
20210827,26.7,28.9,25.4,3.4
20210828,26.8,29.7,25.3,0
20210829,26.7,29.1,25.3,0
20210830,26.8,29.3,25.3,0
20210831,26.5,29.2,24.1,0
20210901,26.6,28.8,23.4,16.7
20210902,24.5,27.1,22.5,12.8
20210903,24.3,27.6,22.5,87
20210904,24.8,27.5,22.9,0
20210905,23.6,25.3,22.2,18.1
20210906,24,26,23,1.5
20210907,25.3,29.3,23.3,3.1
20210908,24.2,27,21.4,0
20210909,24.3,26.8,21,0
20210910,23.1,24.5,22.1,11.5
20210911,25,28.1,22.2,0
20210912,25.8,28.5,23.8,0
20210913,23.2,25.7,21.8,72.7
20210914,24.5,25.8,23,219.7
20210915,22.9,24.5,21.9,44.3
20210916,22.9,24.8,21.5,66.2
20210917,25.3,29.5,23.6,108.2
20210918,24,26.9,22.3,0
20210919,23.8,26.9,21.6,0
20210920,24.9,27.2,22.3,0
20210921,23.4,26.4,21.5,26.3
20210922,24.1,26.4,21.4,0
20210923,23.8,27.2,21.5,0
20210924,22.9,26.6,19,0
20210925,23.8,26.9,21.6,0
20210926,23.7,26.5,22,0
20210927,23.8,27.1,21.5,0
20210928,25,28,22.6,0
20210929,25.8,28.5,23.9,0.4
20210930,24.3,27.1,22.7,3.9
20211001,23.3,27.6,19.3,0
20211002,23,26.4,19.7,0
20211003,24.2,27.5,19.3,0
20211004,25.8,28.7,23.6,0
20211005,25.4,28.5,23.2,0
20211006,25,27.5,22.8,0
20211007,24.4,27.3,21.9,0
20211008,25.1,27.9,22.6,0
20211009,24.5,27.3,21.7,3.6
20211010,25.4,27.7,23.8,0.9
20211011,25.1,27.5,23.8,0.2
20211012,23.1,25.7,21.2,1.8
20211013,22.8,24.3,21.6,0.2
20211014,23.4,26,21.8,0
20211015,23.1,26,20.8,0
20211016,17.7,22.9,14.1,26.7
20211017,14.4,17.7,11.6,0
20211018,14.8,18.4,9.9,0
20211019,16.2,21.1,12.5,0
20211020,14.6,16.6,12.7,0
20211021,16,19.7,13.2,0
20211022,15.7,19.6,13,0
20211023,16.5,20.5,11.9,0
20211024,18.1,20.8,16,0
20211025,17.7,21.6,14.6,0
20211026,17.1,21,13.8,0
20211027,17.6,22.5,13.3,0
20211028,17.7,21.5,13.5,0
20211029,18.3,21.5,16.8,0
20211030,17.7,21.3,14.9,0
20211031,17.6,22.4,13.1,0
20211101,18,22.3,14.7,0
20211102,15.8,19.7,12.9,0
20211103,15.9,20.4,11.9,0
20211104,17.1,21.9,13.1,0
20211105,17.9,21.1,13.8,0
20211106,18.7,20.4,17.6,0
20211107,19.1,22.2,16.9,0
20211108,14.1,21,10.2,10.6
20211109,10.9,14.3,8.3,2.5
20211110,10.9,13.5,7.7,3.1
20211111,12.6,16.6,9.8,0.7
20211112,11.6,14.9,8.6,0.7
20211113,13.3,16.8,10,0
20211114,15.2,19.2,12.2,0
20211115,14,18,9.9,0
20211116,13.9,17.8,11.4,0
20211117,14.7,19.2,10.8,0
20211118,14.6,18.5,11.9,0
20211119,14.6,19.8,9.9,0
20211120,15.5,19.8,11.2,0
20211121,17,19.5,14.9,0
20211122,11.6,16.1,7.3,0
20211123,9.1,11,7.1,0
20211124,11,14,8.9,0
20211125,13,17.4,10.4,0
20211126,12.7,18.7,9,0
20211127,11.3,15.8,8.3,0
20211128,13.7,17,10.5,0
20211129,14.9,18,11.9,0.7
20211130,12.6,18.7,6.4,36.7
20211201,7.6,10.3,5.6,0
20211202,8.6,11.6,5.8,0
20211203,10.5,14.2,7.2,0
20211204,10.3,14.1,6.8,0
20211205,9.8,12.2,7.8,0
20211206,12,16.3,7.9,0
20211207,12.3,17.4,8,0
20211208,12.4,16,9.9,0
20211209,14.1,17.1,12.3,0
20211210,14.3,18.6,11.6,0
20211211,13.3,16.6,11.4,0
20211212,11.4,15.6,7.5,0
20211213,7.6,11.3,5.3,0
20211214,8.3,12,4.6,0
20211215,12.4,17.1,8.3,0.3
20211216,11.9,12.9,10.8,11.7
20211217,5.5,12.3,1.4,1.4
20211218,4.7,7.5,2,0
20211219,7.4,10.9,4.7,0
20211220,10.3,14.1,5.6,0
20211221,12.6,17.1,10.3,0
20211222,11.6,17.3,7.4,0
20211223,11,15.7,6.9,0
20211224,11.3,15.4,6.9,0
20211225,3.9,7.5,1.1,0
20211226,0.6,3.4,-1.1,1
20211227,3.7,7.5,-0.4,0
20211228,7,11,3.5,0
20211229,9,12,6.9,0.1
20211230,6.5,9.1,4.6,0
20211231,5.3,8.8,2.8,0
20220101,7,11.6,3.5,0
20220102,7.9,13.2,4.3,0
20220103,8.5,12.7,5.4,0
20220104,8.3,12.3,4.5,0
20220105,6.7,9.2,5.1,21.6
20220106,8.6,12.4,5.7,0
20220107,7.2,11.6,3.7,0
20220108,7.6,11.3,5,0
20220109,8.3,12.6,5.7,0
20220110,8.3,12.2,5.1,0
20220111,3.6,7.7,0.8,0.2
20220112,3.9,7.6,1.5,0
20220113,4.3,6.7,1.9,2.1
20220114,5.1,8.2,1.8,0
20220115,7.8,11.4,5.4,0
20220116,8.8,13.9,5.7,0
20220117,6.9,10.2,5.2,0
20220118,5.5,8.5,3.1,0
20220119,6.2,10,3.3,0.2
20220120,4.8,7.3,2,0
20220121,7.5,10.4,2.6,0
20220122,9.8,12.2,8,2.7
20220123,10.1,11.5,8.9,6.8
20220124,10,12.3,8.3,0
20220125,9.3,10.6,8.5,0.2
20220126,9.6,12.4,7,0
20220127,9.4,11.7,7.7,0
20220128,8.5,12,6.7,0
20220129,8.3,10.4,7.3,0
20220130,7.4,11,3.8,0
20220131,5.8,10,1.8,0
20220201,6.4,10.2,3.7,0
20220202,6.3,8.8,2.8,0
20220203,6.5,9.3,4.1,0
20220204,5.2,9.5,2.3,0
20220205,2.7,5.4,1.6,0
20220206,3.9,7.3,1.7,0
20220207,5,8.4,1.7,3.9
20220208,5.7,9.8,2,0
20220209,6.8,11.2,2.8,5.2
20220210,6.8,11.2,4.8,2.8
20220211,7.9,12.5,3.8,0
20220212,10,12.3,7.4,0
20220213,10,11.4,8.9,0.2
20220214,9.8,14,6.5,0
20220215,5.4,10.6,1.2,0
20220216,2,5.4,0.1,0
20220217,1.9,4.5,-0.4,0
20220218,5.8,9.1,1.8,2.8
20220219,6.4,10.3,2.6,3.7
20220220,1.9,4.7,-1,0
20220221,4.2,7.7,0.6,0
20220222,4.6,8.3,2.4,0
20220223,4.5,7.4,2.2,0
20220224,4.6,8.3,1.2,0
20220225,6.9,11.1,2.6,0
20220226,8.8,13.2,4,0
20220227,9.1,13,6.3,0
20220228,10.4,13.4,5,0
20220301,13.4,17.9,9.6,1.5
20220302,8.2,12.6,4.6,0
20220303,9.2,13.7,3.6,0
20220304,11.2,15.7,7.6,0
20220305,11.1,16.6,7.4,0
20220306,7.5,11.3,4.3,0
20220307,8.9,11.9,6.6,0
20220308,10.4,16.6,5.6,0
20220309,11.8,16.3,6.8,0
20220310,13.1,17.1,7.6,0
20220311,16.5,18,14.7,0
20220312,17.8,20.7,14.7,0
20220313,15.7,17.2,13.5,9.4
20220314,14.4,17.6,12.8,0.1
20220315,14,17.4,11.6,0
20220316,14.5,18.4,10,0
20220317,13.8,17.1,11.2,26.2
20220318,11.9,14.9,10.3,14.6
20220319,8.5,10.9,6.4,0
20220320,9.3,11.9,6,0
20220321,9.9,12.9,6.7,19
20220322,11,15.5,6.3,3.3
20220323,10.8,13.7,8.4,0.7
20220324,11.6,15.1,7,0
20220325,16,18.5,10.6,13.2
20220326,14.9,17.7,11.7,16.3
20220327,14.8,19.6,12,0
20220328,12.3,15.6,9.4,0
20220329,13.5,16.7,10.2,0
20220330,17.3,20.5,14.1,0.5
20220331,15.5,18.4,12.8,0
20220401,12.1,15.4,9.6,0
20220402,11.4,15.6,7.7,0
20220403,11.6,15.6,7,0
20220404,12.6,16.8,7.5,0
20220405,12.9,16.2,10.2,0
20220406,14.4,18.2,9.9,0
20220407,15.6,20.6,10.8,0
20220408,15.8,20,11.4,0
20220409,17.4,21,14.2,0
20220410,19.2,22.6,14.7,0
20220411,19.9,22.6,19,0.2
20220412,18.5,21.5,17.4,0
20220413,18.1,22.8,14.4,16.3
20220414,14.1,15.3,13.6,5.9
20220415,15.5,19,12.8,0
20220416,14.4,17.5,11.3,0
20220417,15.6,20.7,10.7,0
20220418,16.2,19.1,14.1,0
20220419,17.1,21.6,13.1,0
20220420,17.2,21.5,12.6,0
20220421,14.4,17.4,11,6.9
20220422,17.7,21.5,13.2,0
20220423,18.4,20.5,17.1,1.7
20220424,18.8,21.6,16.9,0
20220425,20.1,23.4,16.2,8.5
20220426,18.1,20.5,16.6,62.1
20220427,19.3,24.5,16.4,0
20220428,18.8,23.4,15.4,0
20220429,15.1,19.7,11.6,23.8
20220430,15.2,17.6,13.5,0
20220501,15.8,20.7,12.6,0
20220502,17,21.2,13.4,0
20220503,15.5,18.8,12.1,0
20220504,16.1,20.2,12.2,0
20220505,19.4,23.5,14.4,0
20220506,21.2,24.4,18.1,0
20220507,20.7,23.7,18.2,0
20220508,18.3,20.8,17,0.2
20220509,17.7,21,16.2,0
20220510,18.2,21.8,15.4,0
20220511,19.1,20.6,17.7,5.5
20220512,20.7,25,18.3,0.3
20220513,19.1,21.8,17.6,4
20220514,18.8,22.5,15.3,0
20220515,17.8,20.8,15.3,0
20220516,17.6,21.4,14.3,0
20220517,19.3,22.4,15.8,0
20220518,20.5,22.6,16.9,0
20220519,20.3,23.3,17.2,0
20220520,20.8,24.6,18.4,0
20220521,20.7,24.4,16.9,0
20220522,21.4,25.1,17.1,0
20220523,21.1,24.9,18.5,0
20220524,21.8,25.3,18.3,0
20220525,21.5,25.1,18.8,0
20220526,19.9,22.4,17.9,0
20220527,23.1,29.6,15.3,0
20220528,21.1,25.8,19,0
20220529,19.5,21.5,18.2,21.8
20220530,20.1,23.5,19,0
20220531,21.6,25.7,18.4,0
20220601,20,23.4,18,0
20220602,20.6,23.8,17.9,0
20220603,21.1,24.3,18,0
20220604,22.1,25.2,19.7,0.5
20220605,19.7,21.7,17.3,110.8
20220606,21.9,26.9,18.5,0
20220607,20.2,21.7,18.2,8.8
20220608,20.1,22.7,18.2,0.2
20220609,20.5,23.5,18.1,0
20220610,21.3,23.5,18.3,0.9
20220611,22.5,26.3,18.3,5.6
20220612,21.5,24.4,20.2,0
20220613,20.1,21.8,19,12.9
20220614,20.5,22.4,18.9,0.6
20220615,21.1,23.9,19.3,0
20220616,21.4,24.2,19.3,0
20220617,22.7,25.4,20.8,0
20220618,23.4,26.3,21.5,0
20220619,23.9,26.9,21.6,1
20220620,22.9,24.7,21.7,0
20220621,24.8,28.7,22,2.7
20220622,23.9,28,20.7,0.3
20220623,24.1,24.8,23.6,1.6
20220624,23.6,27.1,22.1,105.9
20220625,24.4,27.9,22.4,16.5
20220626,24.9,26.7,24.2,1
20220627,25,26.3,24.1,0.2
20220628,25,26,24.6,0.1
20220629,25.4,26.7,24.7,0.1
20220630,26.5,28.7,25.1,0
20220701,26.3,29,24.5,0
20220702,27,30,24.2,0
20220703,27.3,30.7,25,1.4
20220704,26.5,29.5,24.9,3.7
20220705,27.2,29.3,25.4,0
20220706,27.7,29.7,26.3,0
20220707,27.6,28.8,26.8,0.4
20220708,27.6,29.9,26,0.5
20220709,27.4,30.2,24.8,0
20220710,27.7,30.7,25.1,0
20220711,25.9,28.3,23,85.2
20220712,27,29.4,25.1,0
20220713,27.7,30.1,25.2,0.1
20220714,27.6,30,25.8,0
20220715,25.7,27.9,24.2,31.4
20220716,27,32.3,23.3,0
20220717,26.7,29.2,24.4,6.2
20220718,27,28.7,25.4,10.6
20220719,26.5,28.6,24.7,2.6
20220720,26.3,28,24.5,0
20220721,27.4,31.7,24.2,0
20220722,26.2,30.5,23,0
20220723,26.6,29.3,23.5,0
20220724,27.4,31.7,24.7,13
20220725,25.9,29.2,24,0
20220726,26,28.6,22.9,0
20220727,26.8,29,25.1,0
20220728,28.1,31.1,25.8,0.1
20220729,29.2,32.4,27.1,0
20220730,26.9,28.5,25.2,46.5
20220731,26.9,27.4,25.4,70.3
20220801,27.2,28.8,25.9,10.8
20220802,28.1,30.8,24.9,17.2
20220803,28.4,30.9,27,0
20220804,28.8,31,27.2,0.7
20220805,28.8,31.2,27.3,0
20220806,29.2,31.4,27.4,0
20220807,29.2,31.4,27.8,0
20220808,29.1,31.5,27.8,0
20220809,28.9,31.6,27.4,0.2
20220810,29,31.8,27.5,0.1
20220811,28.6,30.8,27.1,1.1
20220812,28.6,30.4,27.7,0
20220813,29,31,27.4,0
20220814,29.1,31.4,27.7,0
20220815,28.9,31.3,27.4,2
20220816,28,30.1,26.3,10.9
20220817,25.2,27.7,23.3,212.5
20220818,26.4,28.5,23,0
20220819,28.5,30.5,26,0
20220820,27.8,30.5,26.5,0
20220821,27.3,29.9,25,0
20220822,27.4,30.2,25.3,0
20220823,28.4,31.1,25.5,0
20220824,27.4,30.2,23.9,7.2
20220825,25.8,29.6,21.4,0
20220826,24.9,27.4,22.2,0
20220827,25.4,29.1,22.3,0
20220828,25,28.1,21.4,0
20220829,26.1,29.1,23.2,0
20220830,27.9,31.1,26.3,0.4
20220831,26.9,29.2,25.5,0
20220901,25.3,27.2,23.8,0
20220902,22.7,24.8,20.7,121
20220903,25.1,26.8,23.9,18.2
20220904,25.8,28.2,22.4,48.6
20220905,26.2,28.1,24.6,108.1
20220906,25,29.1,22.2,1.2
20220907,24.6,28.6,20.6,0
20220908,24.5,28.8,20.6,0
20220909,23.9,27.6,19.8,0
20220910,24.2,27.1,22.3,0
20220911,24.9,28.1,22.5,0.3
20220912,25.1,27,24.2,0
20220913,24.5,25.7,23.4,27.7
20220914,25.3,26.6,24.2,1
20220915,25.7,28,25,0
20220916,26.9,29.8,25.1,0
20220917,26.8,31,23.7,0
20220918,29.5,32.7,26.6,0
20220919,28.7,34.8,24,0
20220920,22.3,24.6,20.9,0
20220921,21.1,24.1,19.8,0
20220922,22.3,25.9,19.9,0
20220923,22.7,25.8,19.4,0
20220924,21.3,24.3,18.2,0
20220925,22.1,25.7,19,0
20220926,22.7,25.7,19.4,0
20220927,23,27,20,0
20220928,22.9,25.2,21.7,0
20220929,22.7,26.6,20.2,0
20220930,22.1,25.9,18.4,0
20221001,22,25.8,17.8,0
20221002,23.4,25.2,19.8,0
20221003,25.6,27.9,24.3,0
20221004,24.2,26.6,21.8,0.4
20221005,21.3,24.1,17.8,0.1
20221006,18.8,22.1,16.2,0.8
20221007,17.9,21.1,15.5,0.7
20221008,18.1,20.1,16,2.7
20221009,18.6,20.2,16.9,7.1
20221010,15.9,18.3,14.3,0
20221011,16.8,21,13.7,0
20221012,17.9,22,12.5,0
20221013,19.9,23.1,18,0
20221014,20.2,23.4,18.2,0
20221015,20.5,24.5,16.8,0
20221016,21.1,23.7,19.1,0
20221017,19,23.6,14.3,0
20221018,15.4,20.1,11.5,0
20221019,15.8,20.2,11.5,0
20221020,17.5,20.8,14.2,0
20221021,20.1,23.6,16.3,0
20221022,21.7,24.8,19.6,0
20221023,19.3,23.2,15.9,0
20221024,15.9,20.1,13,0
20221025,14.9,18.3,11.5,0
20221026,17.5,20.1,15.6,0
20221027,17.5,21.5,14.7,0
20221028,17.8,22.7,13,0
20221029,18.7,22.2,17.2,0
20221030,18.1,21.6,16.4,0
20221031,17.8,21,15.8,0
20221101,18,22.2,14.6,0
20221102,17.3,21.8,13.3,0
20221103,16.9,21,11.3,0
20221104,15.7,18.4,13.2,0
20221105,13.7,17.3,10.7,0
20221106,13.7,17.9,10.8,0
20221107,14.1,18.2,10,0
20221108,16,21.1,11.5,0
20221109,17.1,21,12.8,0
20221110,19.3,22.6,15.8,1.9
20221111,20.6,23.2,19.1,0
20221112,21.1,22.6,19.6,18.9
20221113,17.8,24.1,13.1,2.5
20221114,15.1,18.6,12.8,0
20221115,13.6,17,10.7,0
20221116,14.4,18.9,9.4,0
20221117,15.5,17.9,12.7,0
20221118,17.2,20.2,15.8,0
20221119,18.2,20.9,16.9,0
20221120,16.2,17.8,15.1,6.7
20221121,16.3,20.3,13.3,0
20221122,16.3,17.8,13.9,0.5
20221123,16.5,19.8,13.7,0
20221124,15.4,20.1,12,0
20221125,15.9,20.1,10.4,0
20221126,16.3,20.7,13.1,0
20221127,15.8,18.4,11.3,0
20221128,20.7,23.3,17.4,41.1
20221129,18,21.1,14.8,8.3
20221130,8.3,14.8,5.2,0
20221201,6,8.8,4.2,0
20221202,7.3,10.7,4.6,0
20221203,11.5,12.7,9.2,1.1
20221204,12,13.7,9.8,0.2
20221205,10,12.8,5.6,0
20221206,8,12,4.2,0
20221207,10.8,15.6,7.1,0
20221208,10.7,14.2,8.1,0
20221209,11,14.7,7.9,0
20221210,12.5,16.9,8.8,0.4
20221211,9.5,12.4,6.1,0
20221212,9.8,14.3,5.8,0
20221213,9.2,12.3,6,0
20221214,4.5,7.3,2.8,0
20221215,6.4,10.6,3,0
20221216,9.2,11.8,6.8,0
20221217,3.6,7.8,-0.8,4.3
20221218,0.7,3.4,-1.8,7.5
20221219,5.3,8.2,1.3,0
20221220,8.5,12.1,3.6,0
20221221,9.3,13,6.8,3.7
20221222,2.9,6.9,-0.9,2.6
20221223,0.8,3.3,-1.3,3.9
20221224,3.6,7.5,0.1,0.6
20221225,6.1,11.6,1.8,0
20221226,6.8,11.6,3.6,0
20221227,7.5,11.2,4.1,0
20221228,6.7,11.3,4.3,0
20221229,5.9,9.1,3.4,0
20221230,5.9,10.1,2.7,0
20221231,6.3,11.2,2.5,0
20230101,8.2,12.7,3.6,0
20230102,7.5,11.6,4.6,0
20230103,6.1,10.1,3.4,0
20230104,6.9,11.2,3.1,0
20230105,7.9,13.1,4.1,0
20230106,9.1,12.1,5.2,0
20230107,8.4,12.4,6.4,0
20230108,8.9,13.7,4.1,0
20230109,11.8,16.9,8.5,0
20230110,10.2,14.1,5.7,0
20230111,10.7,15,7.2,0
20230112,14.4,16.5,9.1,12.1
20230113,16.6,17.8,15.4,45.7
20230114,15.1,17.6,13.3,3.8
20230115,9.6,13.4,6.1,2
20230116,5.9,7.8,3.7,0
20230117,5.9,8.5,3.5,0
20230118,6.1,10,3.8,0
20230119,6.8,9.7,5.3,0
20230120,6.1,10.1,2.3,0
20230121,3.9,7,1.8,0
20230122,7.3,9.2,3,2.3
20230123,9.1,13,6.1,0
20230124,-2.1,6.2,-4.5,3.9
20230125,-0.4,3.7,-4.4,0
20230126,6.1,9.8,2.2,0
20230127,2.3,6.6,-0.2,1.4
20230128,2.2,4.5,-0.9,0
20230129,5.6,7.8,3.4,0
20230130,5.8,10.5,2.5,0
20230131,8.2,12.5,2,0
20230201,12.2,15.5,8.4,0
20230202,8,10.1,5.5,0
20230203,7.9,11,5.7,0
20230204,7.4,11.6,4.8,0
20230205,7.7,12.1,4.4,0
20230206,8.9,11,6,2.7
20230207,11.3,15.9,8.8,0.3
20230208,10.8,16.1,6.5,0
20230209,10.2,13.4,8.3,11.4
20230210,11,15,7.8,5.1
20230211,10.4,12.6,5.6,0
20230212,11.5,13.2,10.3,16
20230213,10,11.8,7.2,6.7
20230214,8.4,11.9,5.9,0
20230215,8.1,11.3,4.7,0
20230216,8.9,12.3,6.8,0.4
20230217,11.1,14.7,6.6,1
20230218,14.4,16.1,13,3.2
20230219,10.3,14.4,6,2.1
20230220,6.5,12.5,2.3,0
20230221,4.4,8.4,1,0
20230222,8.9,11.7,5,2.2
20230223,10.1,12.5,8.2,4.9
20230224,10.5,14.8,7.3,3.6
20230225,7,10.5,3.9,0
20230226,6.9,11,2.3,0
20230227,8.7,13.2,4,0
20230228,11.9,15.2,7.2,0
20230301,12,14.5,9.1,11.5
20230302,7.2,10.5,4.9,0
20230303,8.9,12.8,3.8,0
20230304,11.1,15.7,7.2,0
20230305,10.7,15.6,7.4,1.2
20230306,11.6,16.2,7.2,0
20230307,13.7,16.9,10,0
20230308,15.3,18.6,11.2,0
20230309,15.8,18,13.6,0
20230310,14.1,18.4,10.1,0
20230311,15.6,19,11.3,0
20230312,14.1,18.5,7.2,2.6
20230313,7.8,12.2,4.6,0
20230314,11.5,15.4,6,0
20230315,16.3,20.4,11.8,0
20230316,14.2,17.1,12.4,0
20230317,12.1,14.6,9.6,13.4
20230318,12.9,16.7,10.2,0
20230319,12.5,16.3,9.1,0
20230320,13.3,15.6,9.2,0
20230321,16,17.9,13.9,6.2
20230322,17.2,18.7,15.9,3.7
20230323,17.4,19.3,16.5,1.9
20230324,14.7,16.8,12.6,11.4
20230325,13.3,14.9,12.3,2.3
20230326,13.8,17.6,10.9,0.2
20230327,13,16.9,10.1,0
20230328,13.9,18.2,9.4,0
20230329,14.2,18.1,11,0
20230330,15.3,18.4,10.6,0.4
20230331,18.3,22.9,13,1.3
20230401,18.4,21.8,16.5,0
20230402,17,20.6,14.5,0
20230403,15.8,19.1,13.3,0
20230404,17.2,19,14.8,4.9
20230405,15,17,11.6,130.4
20230406,12.5,15.8,10.6,8.1
20230407,13.4,17.6,10.7,1.3
20230408,11.7,15.9,6.7,0
20230409,12.6,17.1,7.3,0
20230410,14.4,17.1,10.6,0
20230411,17.6,20.5,15.2,0.5
20230412,16.4,20.1,12.6,0
20230413,15.1,18.9,11.1,0
20230414,15.8,18,14.2,30.7
20230415,16.1,20,13.6,0.3
20230416,14.5,18.6,12.1,0
20230417,16.1,19.2,11.1,0
20230418,19.2,20.6,18.1,0.9
20230419,19,20.7,17.3,0
20230420,19.8,23.5,16,0
20230421,19.4,25.6,15.3,0
20230422,15.8,19.1,13.8,0
20230423,15.3,18.8,13.1,0
20230424,13.8,15.4,12,2.2
20230425,12.9,13.9,11.8,4.4
20230426,15,20.2,10.1,0
20230427,14.1,17.8,10.6,0
