year,avgTemp,maxTemp,minTemp,rainFall,avgPrice
20130102,6.2,10.9,1.3,0,2434
20130103,2.3,5.5,0.1,0,2501
20130104,3.4,6.7,0.3,0,2483
20130107,6.6,8.6,3.8,0,2491
20130108,7.9,10.8,5.1,0,2491
20130109,5,8.9,1.7,0,2491
20130110,4.6,7.4,2.1,0,2478
20130111,6.9,9.8,4.2,0,2486
20130114,9.7,14.3,6.1,0,2486
20130115,8.6,11.4,4.1,0,2491
20130116,7.1,11.1,4.1,0,2491
20130117,4,7.1,1.3,0,2551
20130118,4.5,9.4,0.1,0,2551
20130121,13.3,16,9.9,37.5,2565
20130122,9.6,12.2,8.3,0,2565
20130123,7.7,10.8,4.6,0,2565
20130124,6.6,9.9,3.7,0,2545
20130125,4,7.4,2.2,0,2529
20130128,6,10.9,1,0,2541
20130129,8.3,12.1,3.9,0,2532
20130130,10.9,15.2,6.2,0,2532
20130131,13.7,16.5,9.7,0.2,2515
20130201,14.9,16.6,12.6,22,2520
20130204,12.7,18.9,8.3,2,2431
20130205,9.6,10.8,6.9,10.5,2424
20130206,8.2,10.7,5.7,0,2400
20130207,3.3,5.9,-0.9,0,2438
20130208,1.5,4.9,-1.1,0,2463
20130212,7.1,12.4,4.2,0,2475
20130213,6,9.4,2.2,0,2499
20130214,7.6,9.3,5.6,3,2518
20130215,7.6,12.8,3.6,0.5,2529
20130218,10.2,14.3,6.1,7.5,2535
20130219,5.8,8.4,2.9,6,2547
20130220,6.2,9.7,2.9,0,2583
20130221,7.5,11.5,3.5,0,2737
20130222,9,14.3,6.4,0,2752
20130225,10.3,13.2,6.5,0,2765
20130226,10.9,12.7,9.2,2.5,2761
20130227,12.9,15.7,10.4,0,2761
20130228,14.2,17.8,8,0,2710
20130304,9.9,15,4,0,3094
20130305,10.3,15,5.6,0,3173
20130306,12.8,16.7,8.2,0,3260
20130307,13.7,16.3,10.7,0,3316
20130308,14.5,19.3,8.8,0,3316
20130311,11.6,15.6,8.1,0,3369
20130312,14.7,18.2,9.2,0,3335
20130313,13.9,17.8,10.1,4.5,3335
20130314,10,14.6,6.7,0,3321
20130315,10.8,14.6,7.4,0,3143
20130318,14.3,17.7,10.8,32.5,3143
20130319,14.6,17.4,9.8,0,3143
20130320,12.5,18.1,6,5,3143
20131021,20,24.1,16.2,0,2835
20131022,20.3,23.4,18.6,0,2901
20131023,20.2,22.2,18.5,0,2913
20131024,20.4,24.8,16.7,0,2827
20131025,18.7,23.5,14.6,0,2828
20131028,17.8,22.1,13.9,0,2869
20131029,19,23.4,15.1,0,2869
20131030,19.3,22.6,15.4,0,2830
20131031,18.8,22.8,16.3,0,2898
20131101,20.2,24.3,16.3,0,2892
20131104,17.8,21.1,15.1,0,2929
20131105,19,22.6,15.3,0,2891
20131106,20.3,23.3,17.9,0,2876
20131107,18.3,23.4,14.5,0,2753
20131108,16.8,20.9,13.1,0,2749
20131111,12.4,15.6,9.9,0,2740
20131112,12.3,15.5,9.6,0,2740
20131113,13,16.1,10.2,0,2740
20131114,14.1,17.9,9.5,0,2549
20131115,15,20,11.4,0.5,2541
20131118,8.7,11.8,5.4,3.5,2607
20131119,8.8,11.5,5.7,1,2587
20131120,10.1,13.5,7.4,0,2549
20131121,10.6,15.9,6.1,0,2623
20131122,11.9,15.6,7.8,0,2562
20131125,12.2,14.4,9.7,2.5,2647
20131126,10.6,13.7,8.1,0,2680
20131127,10,14.9,4.7,1,2661
20131128,4.5,8,2.6,5,2668
20131129,6.4,9,3.2,4,2693
20131202,9.6,15.4,6.3,0,2729
20131203,9.8,14.6,5.5,0,2729
20131204,11.3,16.4,7.1,0,2729
20131205,12.7,17.6,8.5,0,2613
20131206,12.5,16,9.8,0,2562
20131209,12.8,16.6,7.8,20,2599
20131210,8.8,11.9,6.7,0,2582
20131211,8.1,10.5,5.1,1,2581
20131212,8.9,11.5,3.7,0,2446
20131213,8,10.9,4.7,0,2446
20131216,8.3,11.7,6.1,0.5,2462
20131217,9.7,11.4,6.9,5,2471
20131218,10.1,13.6,8.6,1,2460
20131219,5.3,9,2.3,0.5,2523
20131220,5.8,8.3,3.7,0.1,2519
20131223,8.2,12.3,5.8,0,2560
20131224,7.4,12.8,3.8,0,2560
20131226,8.8,13.1,4.8,0,2572
20131227,3.7,6.6,2.2,0,2568
20131230,8.2,11.3,6,0,2593
20131231,10.2,13.4,6.9,0,2570
20141231,9.3,14.3,3.4,0.3,2525
20150102,5.4,8.7,3.1,0.1,2531
20150105,13.1,16.7,7.5,3,2437
20150106,11.7,16.6,6.8,2,2419
20150107,6.3,10,4,0,2404
20150108,7,11.9,3.6,0,2423
20150109,7.4,12.6,4.8,0,2402
20150112,6.6,11.7,3.3,0,2395
20150113,10.3,12.8,6.1,0,2390
20150114,9.7,10.7,8.5,31,2383
20150115,9.8,14,5.5,0,2458
20150116,8.1,11.1,5.3,0,2470
20150119,8.5,12.1,5.9,0,2479
20150120,7.8,11.1,4,0,2479
20150121,9.2,10.9,7.4,10.5,2479
20150122,8,12.1,4.5,0,2375
20150123,6.3,12.1,3,0,2373
20150126,12.9,16.3,11,0,2393
20150127,9.5,12.7,6.2,0,2406
20150128,7.3,10.8,4.8,0,2406
20150129,8.2,9.3,6.2,7,2380
20150130,6.3,9.8,3.4,0.5,2380
20150202,8.5,12.8,6.6,0,2402
20150203,8.2,12.8,4.9,0,2398
20150204,6.8,11.2,5.2,0,2382
20150205,5.1,8.2,2.4,0.5,2374
20150206,6.6,10.2,2,0,2366
20150209,1.9,6.2,-0.2,0,2452
20150210,5.7,9.5,0.5,0,2452
20150211,7.9,11.7,4.5,0,2457
20150212,7.9,13.4,3.4,0,2430
20150213,5.5,10.9,0.9,0,2430
20150216,13.7,19.5,10,7.5,2426
20150217,8.5,14,6,0,2426
20150223,9.8,14,7.2,0,2394
20150224,10.3,14.4,7.1,0,2394
20150225,10.8,12.7,8.5,0.2,2394
20150226,11.4,16.2,7.4,0,2394
20150227,6.2,8.2,3.8,0,2407
20150302,7.8,11.3,4.1,0,2407
20150303,9.5,11.7,7.1,1,2402
20150304,5.4,9.1,2.8,0,2499
20150305,6.6,10.3,2.7,0,2499
20150306,9.1,10.5,6.8,0,2499
20150309,9,15.4,2.2,4,2499
20150310,3.3,8.9,-0.3,0,2499
20150311,6.5,10.6,1.9,0,2482
20150312,8.8,12.7,5.5,0,2498
20150313,10.9,14,6.9,0,3388
20150316,14.5,19.4,10.4,0,3363
20150317,16.5,20.7,10.9,0,3464
20150318,15.1,17.6,12.2,113,3502
20150319,13.1,15.3,11.4,2,3502
20150320,14.1,18.9,11.2,0.5,3468
20150323,11.7,15.8,9.6,0,3447
20150324,10,14.2,7.2,0,3447
20150325,9.4,13.6,5,0,3500
20150326,9.7,15.1,4.1,0,3412
20150327,10.6,13.3,7.3,1,3536
20150330,15.2,17.6,12.1,0,3551
20150331,16.2,17.4,14.2,61.5,3494
20150401,14.9,16.8,13.3,1,3482
20150402,15.9,18.9,13,5,3482
20150403,14.5,18.2,12.6,16,3564
20150406,13.5,14.9,12.5,30,3562
20150407,12.7,15.3,11.3,0.1,3562
20150408,11.9,16,10.2,0,3562
20150409,12.5,16.5,9.4,0,3638
20150410,13.4,17.1,9.7,0,3638
20151016,18.9,22.8,15,0,3839
20151019,19.4,23.9,15.1,0,3771
20151020,20.2,25.5,14.9,0,3713
20151021,20.6,24.9,17.7,0,3669
20151022,20.5,23.4,17.3,0,3306
20151023,19.5,23.2,17.1,0,3292
20151026,18.6,21.7,16,0,3264
20151027,18.1,22.1,13.6,5.4,3211
20151028,16.1,20.6,12.1,0,3187
20151029,16.3,19.1,12.8,0,2946
20151030,15.5,18.9,11.8,0.4,2935
20151102,14.5,20.3,10.5,0,2739
20151103,15.4,19.4,11.5,0,2653
20151104,17.6,21.2,14,0,2608
20151105,19.2,21.2,17,0,2333
20151106,19.7,22.6,17.9,2.2,2294
20151109,17,19.4,13.7,0,2320
20151110,14.3,17.4,12,0,2285
20151111,16.2,19.3,12.2,0,2271
20151112,17.4,19.8,15.6,2.2,2101
20151113,17.6,18.9,15.8,112.7,2100
20151116,17.5,20.3,13.9,8,2095
20151117,17.7,20.8,15.8,2.4,2105
20151118,16.5,18.7,14.1,16.3,2108
20151119,15.3,16.5,14,10.4,2346
20151120,16.3,19.3,14.2,0,2347
20151123,16.6,17.9,15.1,10.9,2374
20151124,15.5,17.7,13.1,0,2376
20151125,11.3,15.1,6.3,7.6,2384
20151126,5,8.1,2.1,1.1,2261
20151127,7.1,9.6,2.5,0.2,2227
20151130,12.3,17.3,8.3,0,2242
20151201,12.3,15.6,9.4,0,2190
20151202,13.6,18.1,9.5,1.8,2212
20151203,7.7,10.4,4.9,4.8,2144
20151207,10.2,14.6,6.4,0,2142
20151208,10.7,14.5,6.9,0,2142
20151209,14.2,17.6,9.1,0,2142
20151210,15.6,16.7,14.3,50.3,2117
20151211,13.1,15.5,11.4,3.8,2112
20151214,12.9,13.7,12.2,19.1,2151
20151215,11.3,15.1,7.2,0,2165
20151216,5.5,8.7,1,2.3,2165
20151217,3.8,6.2,1.4,1.3,2154
20151218,6,10,3.1,0,2174
20151221,12.3,15.4,10.2,4.3,2160
20151222,13.3,16.4,9.2,0,2164
20151223,13.7,15.5,11.9,4.8,2146
20151224,11.7,16.7,9.3,0,2145
20151228,6.4,9,3.5,0,2094
20151229,6.6,10.1,3.4,0,2109
20151230,7.3,10.9,3.6,0,2073
20151231,9,12.1,6.6,0,2132
20160104,12.2,16.1,8.3,0,2156
20160105,8.6,11.8,6.7,5.6,2169
20160106,9.2,12.5,6.9,0,2195
20160107,6.4,8.8,4.9,0,2203
20160108,5.3,8,2.9,0,2212
20160111,8.6,12.1,6.4,0,2212
20160112,5.4,8.2,3.6,0,2187
20160113,3.9,6.1,1.8,0,2204
20160114,5.5,8.9,3.7,0,2130
20160115,6.6,11,4,0,2126
20160118,3.3,8.3,-1.5,0.9,2178
20160119,0.2,2.8,-1.8,1.4,2172
20160120,3.6,6.5,0.7,0,2176
20160121,4.3,6.4,2.5,1.2,2216
20160122,4.7,7.7,1.6,0,2240
20160125,0.7,2.7,-2.5,0.8,2253
20160126,4.4,6.7,2.3,0,2260
20160127,6.2,9.3,2.7,0,2285
20160128,9.7,13.3,5.9,26.5,2328
20160129,9.2,10.3,8.1,19.2,2334
20160201,5.4,7.8,3,0.6,2373
20160202,4.3,7.3,2.1,0,2455
20160203,4.5,8.9,1.5,0,2471
20160204,6.5,10.6,2.6,0,2593
20160205,7.2,11.6,4,0,2603
20160211,14.9,16.7,11.8,0,2697
20160212,15.8,16.5,14.7,94.7,2697
20160215,1.1,3.9,-0.7,2,2767
20160216,4.7,8,1.2,0,2809
20160217,6.4,9.6,4.1,0,2930
20160218,7.2,11,3.3,0,3141
20160219,9.2,11.6,7,5.5,3239
20160222,6.8,9.3,5.6,7.4,3265
20160223,8.6,13.2,6.1,0.3,3319
20160224,3.9,8,1.7,0,3353
20160225,3.8,7.4,1,0,3271
20160226,7.6,11.3,2.2,0,3271
20160229,3,8.5,0.6,0,3172
20160302,7.1,11.5,1.9,0,3249
20160303,12,14.8,7.3,3.3,3249
20160304,16.4,17.9,14.7,0,3234
20160307,14.3,17.5,10.1,0,3234
20160308,11.8,15.4,7.3,12.2,3255
20160309,8.6,12,7.1,16.7,3255
20160310,7.4,10.3,4.7,0,3281
20160311,5.5,9.7,2.6,0,3281
20160314,8.6,13,4.4,0,3281
20160315,9.2,12.9,4.3,0,3281
20160316,11.2,14.9,8,0,3281
20160317,13.8,17.7,8.8,1.6,3226
20160318,14.1,15.7,13.6,16.5,3226
20161011,19,21.5,17.1,0,4207
20161012,19.6,23.1,17.3,0,4311
20161013,19.5,21.8,17.6,0,4032
20161014,20.7,24.1,18.5,0,4017
20161017,21.6,24.9,19.3,0,3895
20161018,20.8,24,17.3,0,3833
20161019,20.7,23.8,19.3,0,3802
20161020,19.9,21.8,17.7,0,3697
20161021,19.1,20.8,18.1,27.5,3632
20161024,18.8,20.9,16.9,0,3544
20161025,20.2,25.3,17.8,5.1,3475
20161026,18.1,21.7,15.4,8.4,3412
20161027,19.7,22.1,17.3,0.1,3056
20161028,19.5,23,17.5,24.3,3048
20161031,15.9,18.5,13.2,0,3054
20161101,12,14.8,9.1,0,2999
20161102,12.2,16,8.4,0,2999
20161103,13.7,18.5,10.1,0,2846
20161104,14.2,18.2,10.3,0,2821
20161107,17.7,20.7,16.2,0,2796
20161108,15,17.1,11.4,3.1,2781
20161109,12.6,15.6,9.7,0,2761
20161110,13.2,15.9,11,7.9,2737
20161111,14.3,18.4,11.5,0,2746
20161114,19.3,22.9,16.2,5.8,2758
20161115,16.7,20.4,11.9,0,2758
20161116,14.6,18.9,10.8,0,2743
20161117,16.3,19.7,12.5,0,2635
20161118,18.9,21,16.4,5.7,2632
20161121,17.8,19.3,15.6,2.3,2635
20161122,15.4,19,11.4,0,2629
20161123,11.2,13.9,9.8,0,2647
20161124,8,10.4,5.9,0,2722
20161125,10.3,13,7.4,0,2712
20161128,10.3,13.8,7.1,0,2712
20161129,11.9,15.6,8.1,0,2712
20161130,13.3,16.9,11.6,0,2736
20161201,12.5,15.6,8.9,0,2620
20161205,13.6,17.2,10.2,0,2564
20161206,9.8,12.4,7,0,2557
20161207,9.8,13.8,6.7,0,2546
20161208,11.4,15,6.7,0,2620
20161209,12.2,15.6,8.2,0,2644
20161212,14,16.6,10.3,0,2660
20161213,14.1,17,12.2,0.1,2686
20161214,7.8,12.6,5.2,0,2677
20161215,5,7.3,2.9,0,2694
20161216,6.1,8.8,2.3,0,2701
20161219,16.4,18.3,14.5,12.3,2714
20161220,14.6,18,11.4,0,2715
20161221,18.1,19.8,15.6,20.9,2715
20161222,10.8,19.1,7.7,3.1,2737
20161223,7.1,8.6,5.2,0.1,2739
20161226,13.9,16.6,11.8,34.8,2739
20161227,6,12.6,2.8,0,2764
20161228,5.9,9.9,1.6,0,2771
20161229,6.5,9.6,4.5,0,2796
20161230,6.8,10.3,4.2,0,2798
20170102,11.8,15.1,9.9,0.3,2803
20170103,11.2,15.5,8,0,2829
20170104,11.1,15.5,6.8,0,2851
20170105,11.7,14.5,9.1,6.7,2973
20170106,11.2,13.8,9.4,3.2,2974
20170109,8.5,11.2,6.6,0,3004
20170110,6.9,10.5,4.2,0,3032
20170111,5.5,8.7,3.7,0,3046
20170112,6.7,10,3.4,0,3047
20170113,5.7,10.3,2.2,0,3053
20170116,4.5,8.7,1.3,0,3048
20170117,6.7,10.7,2.6,0,3100
20170118,8.1,11.2,5.2,0,3100
20170119,7.8,10.8,5.6,0,3115
20170120,3,6.2,0.2,1.3,3110
20170123,2.4,6.2,0,0,3078
20170124,3.8,7.6,0.4,0,3095
20170125,5.7,9.6,2.6,0,3093
20170126,6.8,11.6,2.7,0,3236
20170131,5.4,8.3,1.5,0,3268
20170201,6.7,10,3.9,0,3270
20170202,7.6,12.5,3.1,0,3290
20170203,10,13.3,5.7,0,3291
20170206,6.5,10.2,4.4,0,3334
20170207,8.1,12.6,4.4,0,3448
20170208,7.6,10.7,4.2,0,3536
20170209,2.2,4.9,-0.7,0.1,3619
20170210,0.8,4.2,-1.6,1.4,3644
20170213,6.9,12.2,1.6,0,3717
20170214,8.6,12,5.5,0,3762
20170215,9,14.1,4.3,0,3806
20170216,13.1,16.2,7.1,2.1,5160
20170217,13.6,17.1,8.8,1.2,5214
20170220,11.2,15.4,5.2,2.7,5311
20170221,8.1,11.9,3.8,0,5349
20170222,11.5,15.5,8.4,57.2,5330
20170223,6.8,10,3.4,0,5528
20170224,5.9,9.2,2.8,0,5501
20170227,8.6,12.6,4.6,0,5494
20170228,9.4,14.1,4.3,0,5528
20170302,5.7,7.9,3.9,0,5607
20170303,8.4,13.1,3.4,0,5804
20170306,8.7,12.1,5,0,5748
20170307,5.2,9.7,2,0,5935
20170308,5.2,8.3,2,0.4,5959
20170309,8.8,13.1,5,0,6149
20170310,11.3,16.6,7.2,0,6166
20170313,11,13,8.6,3.2,6236
20170314,11.1,15.3,7.7,0,6285
20170315,9.3,12.6,5.7,0,6285
20170316,10,13.8,6.2,0,6285
20170317,10.6,15.3,5.8,0,6366
20170320,12.1,13.6,11,13.4,6270
20170321,11.9,15.9,9,0.5,6145
20170322,10.9,13.3,7.2,0,6383
20171016,18,20,16.6,17.9,4308
20171017,19.9,22.2,17.5,0,4271
20171018,19.6,21.6,18.5,0,4259
20171019,19,21.9,16.8,0,4148
20171020,18.9,23,14.2,0,4191
20171023,17.4,20.2,15.5,0,4175
20171024,16.9,21.4,14.4,0,4111
20171025,16.5,21.5,13.3,0,4044
20171026,16.9,21.4,11.7,0,3757
20171027,18.7,22.4,14.7,0,3698
20171030,14.6,18.4,11.4,0,3646
20171031,15.2,19.1,11.4,0,3573
20171101,15.5,19.6,12.8,0,3568
20171102,16.2,20.2,12.9,0,3533
20171103,17.1,22.3,12.8,0,3476
20171106,16.6,20.6,11.9,0,3396
20171107,20.2,22.5,16.5,2,3377
20171108,19,22.3,14,0.2,3355
20171109,16.6,20.5,11.8,0,3151
20171110,18.5,21.6,15.9,0,3064
20171113,15.3,18.8,10.9,0,3008
20171114,16.1,20.2,13.2,0,3000
20171115,12.2,16.7,8.6,0,3000
20171116,10.8,14.9,7.9,0,2824
20171117,13.1,15.9,8.8,0.4,2824
20171120,10.2,14.8,7.5,0,2818
20171121,10.5,14.1,6.7,0,2814
20171122,12.6,16,10.7,0,2780
20171123,9,12.1,7,0,2883
20171124,10,13,7.4,0,2876
20171127,12.2,15.5,9.4,0,2887
20171128,16.1,18.4,10.7,1,2875
20171129,15.6,18.1,13.6,3.1,2875
20171130,12.7,15.8,8.1,0,2775
20171204,9.3,14.9,5.1,0,2715
20171205,5.4,8.4,2.9,0.2,2721
20171206,7.7,11.3,4.5,0,2712
20171207,9.6,13.7,7,0,2775
20171208,5.4,8.4,4.3,1.6,2774
20171211,5.5,8.6,3.6,0.1,2789
20171212,3.5,6,2.5,0,2789
20171213,5,8.6,2.1,0,2789
20171214,5.5,7.8,2.9,0,2854
20171215,9.1,12.7,5.1,0,2830
20171218,6.3,8.7,3.3,0,2834
20171219,7,10,4.5,0,2827
20171220,5.8,10.2,3.4,0.9,2861
20171221,6.5,10.9,2.5,0,2916
20171222,8.4,12.7,4.3,0,2927
20171226,6.3,11,3.5,0,2943
20171227,5,8.3,2.8,0,2939
20171228,7.4,10.3,4.1,0,3083
20171229,9,12.7,4.8,0,3107
20180102,7.7,11.5,3.8,0,3120
20180103,8.6,11.3,7,0,3165
20180104,7.5,9.3,5.1,3.3,3220
20180105,6.2,9.9,4,2.5,3242
20180108,10,14.1,5.4,1.1,3328
20180109,3.7,5.7,1.4,1.3,3292
20180110,0.7,4.4,-1.6,8.3,3299
20180111,-1.2,1.4,-3,5.8,3376
20180112,0.2,3.7,-3,2.1,3371
20180115,12,16.2,9.2,0,3345
20180116,13.5,14.9,10.2,32.3,3381
20180117,11,14.3,7.4,0.2,3406
20180118,10.3,12.9,7.4,0,3382
20180119,9.2,12.6,6,0,3413
20180122,8.9,12.7,6.6,1.5,3394
20180123,3.3,7,0.1,0,3371
20180124,0.6,3.8,-2,0,3359
20180125,1.1,3.1,-2,0,3322
20180126,1.9,4.2,0.5,0,3322
20180129,2.1,6.3,-0.1,0,3329
20180130,2.5,6.8,-1.6,0,3345
20180131,4,7.4,1.7,0.2,3373
20180201,5,8.8,2.4,0,3363
20180202,5.8,9,2.6,0,3356
20180205,0,3.1,-2.5,2,3376
20180206,-0.8,2.4,-2.2,0.5,3402
20180207,1.1,5.8,-2.6,0,3421
20180208,3.3,7.5,-0.4,5.5,3462
20180209,6.9,10.4,2.9,0,3462
20180212,1.5,3.4,-0.9,0,5005
20180213,5,8.2,2.1,0,5046
20180214,10.5,12.7,4.8,0,5042
20180219,8.1,10.3,5.2,0.5,6938
20180220,9.8,14.2,4.4,0,6969
20180221,9.2,11.8,7.2,0,6814
20180222,5.9,9.3,2.7,0,6725
20180223,7.8,12.3,2.6,0,6509
20180226,9.9,14,6,0,6461
20180227,11.4,15,6.7,0,6462
20180228,11.3,16,7.1,0,6313
20180302,8,11.1,4.9,0,6066
20180305,11.8,17.3,8,2,6106
20180306,9.3,12.6,6.5,0,6029
20180307,9.9,11.5,8.9,18.6,6029
20180308,9.6,11.9,5.1,6.3,6138
20180309,7.5,10.9,3.2,0,6083
20181015,19.2,22.8,16.5,0,5022
20181016,16.2,20.4,13,2.4,4961
20181017,17.4,21.6,13.1,0,4889
20181018,16.1,20.6,12.9,0,4432
20181019,15.8,20.4,10.7,0,4387
20181022,17.3,20.6,14.6,1.1,4276
20181023,19.2,23.3,16.2,0,4289
20181024,17.1,21.1,14.3,0,4148
20181025,17.6,21.4,13,0,3972
20181026,18,20.7,15.3,3,3906
20181029,17,21.9,12,0,3688
20181030,14.1,18.1,11.8,0,3653
20181031,13,17.3,9.8,0,3564
20181101,13.4,17.9,9,0,3497
20181102,14.6,19.3,10,0,3399
20181105,16.2,20.4,11.8,0,3262
20181106,17.5,21.2,13,0,3253
20181107,18.7,21.8,17,0.9,3266
20181108,17.8,20.7,13.8,33.5,3289
20181109,15,18.5,12.5,0,3260
20181112,15.6,18.1,13.5,4.5,3245
20181113,14.5,18.3,11.6,0,3230
20181114,14,19,10.3,0,3208
20181115,16.3,19.9,11.9,0,2990
20181116,14.7,16.8,13.5,8,2987
20181119,13,17.1,10.6,0,2984
20181120,11.8,16.1,8.6,0,2960
20181121,13.5,16.1,10.8,1.1,2972
20181122,10.6,14.3,7.3,0,3132
20181123,9.1,13.4,5.6,0,3113
20181126,14.4,16.5,10.7,0.1,3153
20181127,15.5,21.1,11.8,0,3138
20181128,14.5,18.7,11.5,0,3139
20181129,13.6,17.9,8.9,0,2942
20181130,13.9,17.9,10.6,0,2861
20181203,19,21.8,17,6.5,2858
20181204,17.4,20.3,14.7,0.6,2858
20181205,13.7,16.8,10.6,0,2842
20181206,12.2,14,10.8,8.4,2900
20181210,7.9,11.2,4.2,0,2917
20181211,10.8,12.7,8.8,8.2,2917
20181212,7.3,10.4,4.8,0,2917
20181213,7.1,10.3,4.1,0,2904
20181214,6.4,9.8,4.2,0,2899
20181217,9.6,11.9,8.2,0,2899
20181218,9.1,12.5,5.2,0,2922
20181219,13.5,17.1,7.1,0,2922
20181220,13.1,15.8,11.4,10.5,3019
20181221,15,18.4,12,0,3019
20181224,8.3,11.6,4.9,0,2992
20181226,10.2,12.4,8.6,0,2990
20181227,7.3,10.8,2.6,0,3114
20181228,1.9,4.7,0.8,0.1,3101
20181231,6.1,8.4,3.6,0,3090
20190102,5.2,8.4,3.6,0,3091
20190103,7.1,10.6,2.6,0,3106
20190104,9.3,11.8,6.6,3.2,3104
20190107,10,12.8,7.6,0,3117
20190108,8.7,12.1,4.1,0,3117
20190109,5.6,7.2,4.4,0,3117
20190110,8.8,11.8,6.7,0,3131
20190111,9.2,11.5,8.1,0.9,3136
20190114,8.7,13.3,4.7,0,3134
20190115,8.4,12.6,5,0,3146
20190116,4.8,7.6,2.9,0,3104
20190117,5,9.1,2,0,3122
20190118,7,11.2,2.9,0,3189
20190121,5.9,10.2,2.6,0,3171
20190122,7.3,13.1,3.5,0,3172
20190123,8.6,14.6,3.1,0,3171
20190124,8.9,13.8,4.6,0,3135
20190125,7.6,13.1,3.2,0,3144
20190128,8.1,11.9,5.3,0,3072
20190129,7.1,10,2.8,0,3056
20190130,9.4,12,7.3,0.2,3056
20190131,6.7,8.4,4.7,14.9,3145
20190201,5,8.7,2.2,0,3218
20190207,11.5,14,7.3,1.4,3193
20190208,8,10.1,6.2,0,3222
20190211,5.2,8.1,2.8,0,3261
20190212,7,10.2,3.3,0,3275
20190213,8.7,12,5.2,0,3275
20190214,7.7,10.3,5.4,0,3294
20190215,8.6,11,5.8,0.8,3294
20190218,8.7,9.8,6.5,3.4,5786
20190219,12.9,17.6,9.1,14.4,5678
20190220,9.7,12.9,6.8,0,5678
20190221,9.9,12.4,8.2,0,5558
20190222,9.7,13.7,7.9,1.6,5505
20190225,11.2,15.8,6.3,0,5477
20190226,12.1,17.8,7.6,0,5434
20190227,11.4,12.2,10.3,0.9,5528
20190228,11.6,15.2,10,0,5296
20190304,11.3,16.1,8.7,0.8,5342
20190305,12,15.8,7.6,0,5300
20190306,11,15,9,5.6,5267
20190307,9.8,14.5,7.1,0,5170
20190308,9.9,14.4,5,0,5192
20190311,10.6,14.4,7.5,0.2,5344
20190312,10.5,15,6.6,0,5419
20190313,8.3,12.3,5.1,0,5338
20190314,8.8,12.9,5.1,0,5553
20190315,10.2,14.8,6.4,0,5574
20190318,11.3,14.9,8.9,8.7,5628
20190319,13.3,18.3,8,0,5636
20190320,15,17.8,10.5,13.2,5567
20191011,21.6,25.2,16.9,0,5969
20191014,19.7,24.1,15.6,0,5995
20191015,18.8,22.5,15.7,0,5569
20191016,18.2,22.1,15.1,0,5257
20191017,19.3,23.6,14.5,0,4843
20191018,19.2,22,17.8,2.6,4773
20191021,19.8,23.5,16.1,0,4779
20191022,20.4,24.5,17,0,4570
20191023,20.4,23.2,19.2,0,4388
20191024,20.1,23.7,18.1,0.4,4352
20191025,20.2,24.5,16.4,0,4216
20191028,16.8,20,14.9,0,4118
20191029,17.7,23.1,13.9,0,4001
20191030,16.6,20.6,13.1,0,4013
20191031,17.2,21.3,13.4,0,3637
20191101,18.6,23.4,13.9,0,3150
20191104,17.4,21.3,14.9,0.3,3131
20191105,17.4,21,15,0,3157
20191106,17,21.7,13.6,0,3135
20191107,16.9,20.8,13.9,0,2998
20191108,15.4,18.9,12.3,0,2984
20191111,16.2,19.7,13.4,0,3032
20191112,15.6,19.2,12.1,0,2987
20191113,15.8,19,12.7,0,2975
20191114,12.3,15.2,8.4,0,2897
20191115,12.5,16.6,7.4,0,2897
20191118,15.6,21.3,10.8,9.9,2850
20191119,10.5,13.4,8.4,0,2842
20191120,10.4,14.7,7.4,0,2853
20191121,13.6,17.5,7,0,2840
20191122,17.6,21,14.8,0,2831
20191125,13.9,17.8,11.3,0,2829
20191126,14.3,16.1,11.3,0,2793
20191127,13.3,14.8,11.3,8.6,2799
20191128,12.4,16.9,9.3,0,2638
20191129,11.6,16,8.5,0,2623
20191202,10.3,14.9,6.7,0,2660
20191203,8.6,11.9,5.5,0,2666
20191204,10.5,14.7,7.9,0,2664
20191205,8.6,13.2,6.2,0,2691
20191209,10.6,14.6,6.2,0,2713
20191210,13.8,18.1,10.4,0,2718
20191211,13.3,18.4,9,0,2693
20191212,9.4,12.4,6.7,0,2647
20191213,11.2,14.9,6.9,0,2645
20191216,14.5,17.6,12.8,1.7,2641
20191217,16.2,19.8,13.2,9.8,2641
20191218,12.1,14.8,10.4,0,2653
20191219,10.9,13.1,8.5,0,2614
20191220,8.9,11.9,6.1,0,2617
20191223,10.8,15.3,6.3,0,2621
20191224,10.5,14.4,8,0,2618
20191226,11.2,13.8,6.2,19,2569
20191227,6.5,9.6,4.5,0,2569
20191230,13.1,15.5,10.2,0,2574
20191231,5.3,10.7,3.4,0,2574
20200102,8.7,12.7,5.6,0,2543
20200103,9.5,13.4,6.1,0,2542
20200106,14.6,17.3,11.2,1.3,2539
20200107,16.8,18.4,12.4,16.3,2526
20200108,7.8,12.7,6.3,2.4,2540
20200109,8.4,9.8,5.9,0,2540
20200110,9.4,13.1,6.1,0,2573
20200113,7,10.6,3.2,0,2556
20200114,5.4,7.9,3.5,12.4,2552
20200115,6.4,9.3,3,0,2572
20200116,8.2,10.3,6.8,0,2617
20200117,8.6,12.7,4.5,0,2617
20200120,8.2,11.9,5.4,0,2645
20200121,8.3,11.8,4.6,0,2647
20200122,11.9,14.2,8.9,32.4,2653
20200123,13.3,14.8,11.8,0,2686
20200128,9.9,13.2,7,0,2755
20200129,9.3,13.9,6.8,0,2780
20200130,8.1,12.5,5.7,0.1,2812
20200131,7.6,11.5,4.5,0,2750
20200203,8.8,13.7,4.8,0,2768
20200204,7.9,12.2,4.6,0,2772
20200205,6.6,8.9,3.3,0,2741
20200206,5.5,9.6,2.7,0,2729
20200207,8.3,11.8,4.8,0,2729
20200210,10.3,15,6.5,0,2660
20200211,10.9,14.4,6.1,3.7,2635
20200212,12.6,15.5,9.4,60.1,2635
20200213,12.1,15.5,8.6,0,2631
20200214,13.7,16.7,11,0,2631
20200217,1.5,3.7,-0.2,5.9,2631
20200218,5.3,10,0,0.5,2714
20200219,7.7,11.1,3.7,0,2741
20200220,10.2,14.2,5.7,0,2758
20200221,12.7,15.7,8.7,1.7,2743
20200224,12.8,16.1,5.8,0,6453
20200225,16,16.9,14.4,0.2,6379
20200226,13.3,16.1,10.1,0,6579
20200227,11.2,14.9,8,0,6416
20200228,10,11.2,8,7.3,6534
20200302,10.4,12.9,8,0,6618
20200303,11.8,13.9,8.3,0,6618
20200304,10.1,14.8,4.4,0,6542
20200305,7.4,11.7,3.1,0,6925
20200306,9.9,12.2,6.6,0,6881
20200309,13,14.4,11.4,30,6739
20200310,11.4,15.2,7.1,0.6,6591
20200311,9,14.5,5.6,0,6591
20200312,10,13.4,5.2,0,6158
20200313,12.8,15,10.3,0,6076
20201014,18.9,23.2,14.2,0,6436
20201015,18.8,22.8,15.5,0,6333
20201016,16.7,20.4,12.6,7.5,6238
20201019,17.9,22.3,13.6,0,4918
20201020,18.9,22.7,16.4,0,4632
20201021,18.9,22.5,17,25,4648
20201022,18.1,20.8,15.9,6.4,4429
20201023,15.5,19,12.9,0,4382
20201026,16.9,21.3,13.1,0,4193
20201027,17.2,21.3,13.9,0,4149
20201028,18.5,22,15.8,0,3435
20201029,17.4,21.1,13.9,0,3343
20201030,16.6,20.5,13.2,0,3290
20201102,16,19.2,13.1,3.8,3197
20201103,13.6,17,10.3,0,3143
20201104,12.4,17.2,8.5,0,3120
20201105,15,18.6,10.1,0,3255
20201106,18.2,20.9,15.1,0.3,3255
20201109,13,16.6,10.3,0,3256
20201110,13.8,18.3,8.8,0,3223
20201111,13.2,17.5,9.4,0,3219
20201112,15.1,19.9,11.9,0,2935
20201113,15.6,19.9,11.2,0,2936
20201116,18.1,19.8,17.2,0.9,2881
20201117,20.8,23.5,17.8,0,2903
20201118,21.7,23.5,20.9,0,2930
20201119,20.3,21.9,17.2,2.3,2910
20201120,15.8,18,13.9,0,2873
20201123,11.9,15,10,0,2796
20201124,13,15.5,9.9,0,2769
20201125,14.3,17.9,10.7,0,2750
20201126,13.5,14.5,11.8,2.4,2828
20201127,12.4,15.6,8,0,2825
20201130,9.1,12.8,6.9,0,2840
20201201,8.5,12.3,6,0,2840
20201202,10.9,15.2,6.8,0,2825
20201203,9.8,14.3,5.5,0,2839
20201207,11.2,15.8,7.9,0,2792
20201208,9.5,13.1,7,0,2777
20201209,9.5,12.8,7.6,0,2793
20201210,12.2,15.1,7.8,0,2734
20201211,11.6,12.5,9.8,0.4,2696
20201214,3.3,6.5,1,0,2694
20201215,2.8,7.6,0.7,0,2666
20201216,3.9,7.3,2.1,0,2637
20201217,4.9,9.5,1.4,0,2585
20201218,6.5,10.9,2.7,0,2585
20201221,6.4,10.5,3.8,0,2585
20201222,8.5,13,4.8,0,2558
20201223,10.9,15,5.4,0,2575
20201224,12.1,15.8,7.2,0,2579
20201228,11.7,15.5,7.9,0,2590
20201229,12.5,15.2,9.9,4.3,2582
20201230,0.7,10,-2.1,3.9,2587
20201231,1.8,4.3,-1.3,1.1,2534
20210104,6.5,10.8,3.2,0,2505
20210105,7.2,10.3,4.3,0,2492
20210106,3.6,5.9,2.5,0.4,2494
20210107,-1.9,2.9,-3.4,1.3,2608
20210108,-1.7,1.3,-3.4,3,2576
20210111,4.2,6.7,2.6,0.1,2605
20210112,4.3,7.4,1.6,0,2615
20210113,9.7,13.1,3.8,0,2641
20210114,11.3,14.7,7.2,0,2577
20210115,14.1,17.1,11,0,2579
20210118,6.4,9.4,2.4,0,2607
20210119,5.6,9.7,2.4,0,2671
20210120,9.8,13.6,4.5,0,2674
20210121,13.4,16.6,9.6,1,2674
20210122,13.3,15.2,11.1,10.6,2685
20210125,12.4,14.9,10.6,0,2785
20210126,12.4,15.5,9.4,10.6,2785
20210127,9.5,13.7,5.9,0,2725
20210128,6.5,11.7,0.8,0,2752
20210129,2.7,6.7,0,0,2724
20210201,12.1,15.1,10.1,25,2763
20210202,6.6,11.2,2.1,0,2763
20210203,5.7,8.7,2.3,0,2803
20210204,9,11.9,6.1,0.1,2804
20210205,8,10.9,5.3,2,2804
20210208,8.2,11.1,6.1,0,2804
20210209,7.7,10.5,5.1,0,2790
20210210,9.1,12.9,5.1,0,2781
20210215,9.7,14.3,3.4,0,2796
20210216,6.2,9.4,2.9,0.2,2796
20210217,0.7,3.9,-2.3,1.2,2790
20210218,2,4.6,-2.1,0.7,2782
20210219,7.2,11.5,1.3,0,2786
20210222,15.9,23.6,12.4,0,2786
20210223,11.9,14.4,9.6,0,2786
20210224,11.3,15.3,7,0,2786
20210225,11.6,13.8,9.9,7.1,2785
20210226,11.2,12.9,9.7,3.3,2813
20210302,9.4,13.7,4.8,0,2813
20210303,9.4,12.7,4.7,0,2815
20210304,11.9,13.7,9.9,35.2,2815
20210305,13.4,16,11.2,0.1,2846
20210308,10.7,15.5,6.6,0,2846
20210309,11.6,14.5,8.9,0,2829
20210310,12.7,18.1,8,0,2829
20210311,14.3,18.2,11.1,21.7,4872
20210312,13.6,17.4,10.8,12.5,5085
20210315,14.6,17.3,10.1,0.6,4987
20210316,15.1,17.5,12.6,25.4,5113
20210317,13.7,17.9,9,0,6339
20210318,14,18.4,8.6,0,6561
20210319,14.4,17.1,13.2,8.2,6738
20210322,9,12.7,5.2,0,6827
20210323,11.2,15.4,7.1,0,6827
20210324,14,18.1,8.9,0,6827
20210325,14.8,18.8,11,0,6357
20210326,15.8,20.2,10.2,0,6447
20210329,15.5,19.8,12.2,0,6381
20210330,15.5,19.3,12.8,0,6381
20210331,16.3,20,13.1,0,6392
20210401,15,17,13.4,23.9,6872
20210402,17.1,19.3,14,0.4,6829
20210405,13.5,16.9,10.8,0,6922
20210406,14.7,18.2,11.2,0,6922
20210407,16.8,22.2,11.9,0,7164
20211001,23.3,27.6,19.3,0,8841
20211005,25.4,28.5,23.2,0,8474
20211006,25,27.5,22.8,0,8330
20211007,24.4,27.3,21.9,0,7956
20211008,25.1,27.9,22.6,0,7924
20211012,23.1,25.7,21.2,1.8,7942
20211013,22.8,24.3,21.6,0.2,7712
20211014,23.4,26,21.8,0,7468
20211015,23.1,26,20.8,0,7315
20211018,14.8,18.4,9.9,0,7134
20211019,16.2,21.1,12.5,0,7073
20211020,14.6,16.6,12.7,0,6993
20211021,16,19.7,13.2,0,6826
20211022,15.7,19.6,13,0,6787
20211025,17.7,21.6,14.6,0,6753
20211026,17.1,21,13.8,0,4554
20211027,17.6,22.5,13.3,0,4221
20211028,17.7,21.5,13.5,0,3232
20211029,18.3,21.5,16.8,0,3746
20211101,18,22.3,14.7,0,3210
20211102,15.8,19.7,12.9,0,3168
20211103,15.9,20.4,11.9,0,3172
20211104,17.1,21.9,13.1,0,3171
20211105,17.9,21.1,13.8,0,3165
20211108,14.1,21,10.2,10.6,3186
20211109,10.9,14.3,8.3,2.5,3173
20211110,10.9,13.5,7.7,3.1,3164
20211111,12.6,16.6,9.8,0.7,3094
20211112,11.6,14.9,8.6,0.7,3085
20211115,14,18,9.9,0,3075
20211116,13.9,17.8,11.4,0,3075
20211117,14.7,19.2,10.8,0,3038
20211118,14.6,18.5,11.9,0,3048
20211119,14.6,19.8,9.9,0,3047
20211122,11.6,16.1,7.3,0,2845
20211123,9.1,11,7.1,0,2889
20211124,11,14,8.9,0,2918
20211125,13,17.4,10.4,0,2908
20211126,12.7,18.7,9,0,2904
20211129,14.9,18,11.9,0.7,2939
20211130,12.6,18.7,6.4,36.7,2932
20211201,7.6,10.3,5.6,0,2902
20211202,8.6,11.6,5.8,0,2916
20211206,12,16.3,7.9,0,2925
20211207,12.3,17.4,8,0,2923
20211208,12.4,16,9.9,0,2920
20211209,14.1,17.1,12.3,0,2920
20211210,14.3,18.6,11.6,0,2933
20211213,7.6,11.3,5.3,0,2927
20211214,8.3,12,4.6,0,2927
20211215,12.4,17.1,8.3,0.3,2910
20211216,11.9,12.9,10.8,11.7,2832
20211217,5.5,12.3,1.4,1.4,2815
20211220,10.3,14.1,5.6,0,2850
20211221,12.6,17.1,10.3,0,2859
20211222,11.6,17.3,7.4,0,2859
20211223,11,15.7,6.9,0,2868
20211224,11.3,15.4,6.9,0,2801
20211227,3.7,7.5,-0.4,0,2790
20211228,7,11,3.5,0,2798
20211229,9,12,6.9,0.1,2804
20211230,6.5,9.1,4.6,0,2895
20211231,5.3,8.8,2.8,0,2900
20220103,8.5,12.7,5.4,0,2870
20220104,8.3,12.3,4.5,0,2888
20220105,6.7,9.2,5.1,21.6,2891
20220106,8.6,12.4,5.7,0,2964
20220107,7.2,11.6,3.7,0,2983
20220110,8.3,12.2,5.1,0,3042
20220111,3.6,7.7,0.8,0.2,3039
20220112,3.9,7.6,1.5,0,3095
20220113,4.3,6.7,1.9,2.1,3087
20220114,5.1,8.2,1.8,0,3087
20220117,6.9,10.2,5.2,0,3106
20220118,5.5,8.5,3.1,0,3096
20220119,6.2,10,3.3,0.2,3087
20220120,4.8,7.3,2,0,3114
20220121,7.5,10.4,2.6,0,3113
20220124,10,12.3,8.3,0,3090
20220125,9.3,10.6,8.5,0.2,3092
20220126,9.6,12.4,7,0,3092
20220127,9.4,11.7,7.7,0,3037
20220128,8.5,12,6.7,0,3037
20220203,6.5,9.3,4.1,0,2903
20220204,5.2,9.5,2.3,0,2904
20220207,5,8.4,1.7,3.9,2904
20220208,5.7,9.8,2,0,2904
20220209,6.8,11.2,2.8,5.2,2901
20220210,6.8,11.2,4.8,2.8,2924
20220211,7.9,12.5,3.8,0,3021
20220214,9.8,14,6.5,0,3021
20220215,5.4,10.6,1.2,0,3075
20220216,2,5.4,0.1,0,3075
20220217,1.9,4.5,-0.4,0,3081
20220218,5.8,9.1,1.8,2.8,3081
20220221,4.2,7.7,0.6,0,3081
20220222,4.6,8.3,2.4,0,3126
20220223,4.5,7.4,2.2,0,3126
20220224,4.6,8.3,1.2,0,3164
20220225,6.9,11.1,2.6,0,3222
20220228,10.4,13.4,5,0,3254
20220302,8.2,12.6,4.6,0,3311
20220303,9.2,13.7,3.6,0,3400
20220304,11.2,15.7,7.6,0,3456
20220307,8.9,11.9,6.6,0,3401
20220308,10.4,16.6,5.6,0,3441
20220309,11.8,16.3,6.8,0,3441
20220310,13.1,17.1,7.6,0,3408
20220311,16.5,18,14.7,0,7353
20221018,15.4,20.1,11.5,0,5646
20221019,15.8,20.2,11.5,0,5431
20221020,17.5,20.8,14.2,0,5068
20221021,20.1,23.6,16.3,0,5107
20221024,15.9,20.1,13,0,4953
20221025,14.9,18.3,11.5,0,5110
20221026,17.5,20.1,15.6,0,4999
20221027,17.5,21.5,14.7,0,4770
20221028,17.8,22.7,13,0,4721
20221031,17.8,21,15.8,0,4700
20221101,18,22.2,14.6,0,4696
20221102,17.3,21.8,13.3,0,4551
20221103,16.9,21,11.3,0,4290
20221104,15.7,18.4,13.2,0,4156
20221107,14.1,18.2,10,0,3174
20221108,16,21.1,11.5,0,3173
20221109,17.1,21,12.8,0,3164
20221110,19.3,22.6,15.8,1.9,3318
20221111,20.6,23.2,19.1,0,3303
20221114,15.1,18.6,12.8,0,3276
20221115,13.6,17,10.7,0,3284
20221116,14.4,18.9,9.4,0,3259
20221117,15.5,17.9,12.7,0,3091
20221118,17.2,20.2,15.8,0,3047
20221121,16.3,20.3,13.3,0,3146
20221122,16.3,17.8,13.9,0.5,3123
20221123,16.5,19.8,13.7,0,3124
20221124,15.4,20.1,12,0,3153
20221125,15.9,20.1,10.4,0,3153
20221128,20.7,23.3,17.4,41.1,3153
20221129,18,21.1,14.8,8.3,3099
20221130,8.3,14.8,5.2,0,3093
20221201,6,8.8,4.2,0,3152
20221205,10,12.8,5.6,0,3121
20221206,8,12,4.2,0,3124
20221207,10.8,15.6,7.1,0,3138
20221208,10.7,14.2,8.1,0,3128
20221209,11,14.7,7.9,0,3125
20221212,9.8,14.3,5.8,0,3139
20221213,9.2,12.3,6,0,3135
20221214,4.5,7.3,2.8,0,3161
20221215,6.4,10.6,3,0,3282
20221216,9.2,11.8,6.8,0,3239
20221219,5.3,8.2,1.3,0,3216
20221220,8.5,12.1,3.6,0,3235
20221221,9.3,13,6.8,3.7,3253
20221222,2.9,6.9,-0.9,2.6,3213
20221223,0.8,3.3,-1.3,3.9,3229
20221226,6.8,11.6,3.6,0,3270
20221227,7.5,11.2,4.1,0,3284
20221228,6.7,11.3,4.3,0,3311
20221229,5.9,9.1,3.4,0,3322
20221230,5.9,10.1,2.7,0,3317
20230102,7.5,11.6,4.6,0,3384
20230103,6.1,10.1,3.4,0,3370
20230104,6.9,11.2,3.1,0,3357
20230105,7.9,13.1,4.1,0,3326
20230106,9.1,12.1,5.2,0,3314
20230109,11.8,16.9,8.5,0,3323
20230110,10.2,14.1,5.7,0,3334
20230111,10.7,15,7.2,0,3345
20230112,14.4,16.5,9.1,12.1,3337
20230113,16.6,17.8,15.4,45.7,3321
20230116,5.9,7.8,3.7,0,3308
20230117,5.9,8.5,3.5,0,3306
20230118,6.1,10,3.8,0,3298
20230119,6.8,9.7,5.3,0,3371
20230120,6.1,10.1,2.3,0,3367
20230125,-0.4,3.7,-4.4,0,3377
20230126,6.1,9.8,2.2,0,3347
20230127,2.3,6.6,-0.2,1.4,3343
20230130,5.8,10.5,2.5,0,3416
20230131,8.2,12.5,2,0,3430
20230201,12.2,15.5,8.4,0,3459
20230202,8,10.1,5.5,0,3444
20230203,7.9,11,5.7,0,3469
20230206,8.9,11,6,2.7,3437
20230207,11.3,15.9,8.8,0.3,3512
20230208,10.8,16.1,6.5,0,3561
20230209,10.2,13.4,8.3,11.4,3561
20230210,11,15,7.8,5.1,3577
20230213,10,11.8,7.2,6.7,3529
20230214,8.4,11.9,5.9,0,3495
20230215,8.1,11.3,4.7,0,3500
20230216,8.9,12.3,6.8,0.4,3526
20230217,11.1,14.7,6.6,1,3455
20230220,6.5,12.5,2.3,0,3408
20230221,4.4,8.4,1,0,3441
20230222,8.9,11.7,5,2.2,3471
20230223,10.1,12.5,8.2,4.9,3525
20230224,10.5,14.8,7.3,3.6,3525
20230227,8.7,13.2,4,0,3597
20230228,11.9,15.2,7.2,0,3597
20230302,7.2,10.5,4.9,0,3574
20230303,8.9,12.8,3.8,0,3574
20230308,15.3,18.6,11.2,0,7674
20230309,15.8,18,13.6,0,7924
20230310,14.1,18.4,10.1,0,7631
20230313,7.8,12.2,4.6,0,7845
20230314,11.5,15.4,6,0,7791
20230315,16.3,20.4,11.8,0,7912
20230316,14.2,17.1,12.4,0,7422
20230317,12.1,14.6,9.6,13.4,7366
20230320,13.3,15.6,9.2,0,7377
20230321,16,17.9,13.9,6.2,7325
20230322,17.2,18.7,15.9,3.7,7114
20230323,17.4,19.3,16.5,1.9,7144
20230324,14.7,16.8,12.6,11.4,7036
20230327,13,16.9,10.1,0,6941
20230328,13.9,18.2,9.4,0,6941
20230329,14.2,18.1,11,0,7356
